%cDownload the React DevTools for a better development experience: https://react.dev/link/react-devtools font-weight:bold
[watchlist-sync] bootstrap_cache_display
[watchlist-state] state_replace {"activeItemCount":15,"activeSectionCount":8,"caller":"bootstrap","collectionCount":3,"dragMatchesExpectedPosition":null,"dragMatchesOptimistic":null,"dragTicker":null,"dragTickerIndex":null,"dragTickerSection":null,"fromServerSync":false,"itemCount":26,"msSinceDragStart":null,"reason":"cache display before GET","source":"localStorage_bootstrap","ts":"2026-09-08T11:11:15.710Z"}
[watchlist-state] refetch_start {"detail":"GET /api/watchlist","ts":"2026-09-08T11:11:15.711Z"}
[FINSEPA_BROWSER→APP] 1 /api/search/recent
[FINSEPA_PROVIDER_TRACE] EODHD fetchEodhdRealtimeSymbolsRaw {"symbolsInRequest":14}
[FINSEPA_BROWSER→APP] 2 /api/portfolio/live-quotes
[FINSEPA_BROWSER→APP] 3 /api/superinvestor-follows
%c[Vercel Web Analytics]%c Debug mode is enabled by default in development. No requests will be sent to the server. color: rgb(120, 120, 120) color: inherit
%c[Vercel Web Analytics]%c Running queued event color: rgb(120, 120, 120) color: inherit pageview {"path":"/screener","route":"/screener"}
%c[Vercel Web Analytics]%c [view] http://localhost:3000/screener?bench=bench-20260908-151050&step=02 color: rgb(120, 120, 120) color: inherit {"dp":"/screener","o":"http://localhost:3000/screener?bench=bench-20260908-151050&step=02","r":"","sdkn":"@vercel/analytics/next","sdkv":"2.0.1","sv":"0.1.3","ts":1788865875942} /_vercel/insights/view
[FINSEPA_BROWSER→APP] 4 /api/watchlist
[FINSEPA_BROWSER→APP] 5 /api/search/recent
%c[Vercel Speed Insights]%c Debug mode is enabled by default in development. No requests will be sent to the server. color: rgb(120, 120, 120) color: inherit
[watchlist-state] refetch_response {"collectionCount":3,"detail":"GET /api/watchlist","itemCount":26,"ok":true,"ts":"2026-09-08T11:11:16.150Z"}
[watchlist-sync] bootstrap_server_canonical_adopt
[watchlist-state] state_replace {"activeItemCount":15,"activeSectionCount":8,"caller":"adoptServerCanonical","collectionCount":3,"dragMatchesExpectedPosition":null,"dragMatchesOptimistic":null,"dragTicker":null,"dragTickerIndex":null,"dragTickerSection":null,"fromServerSync":true,"itemCount":26,"msSinceDragStart":null,"reason":"bootstrap GET success","source":"server_refetch","ts":"2026-09-08T11:11:16.150Z"}
[watchlist-state] refetch_start {"detail":"applyFreshServerState","ts":"2026-09-08T11:11:16.155Z"}
[watchlist-state] refetch_start {"detail":"GET /api/watchlist","ts":"2026-09-08T11:11:16.155Z"}
[FINSEPA_BROWSER→APP] 6 /api/watchlist
[FINSEPA_BROWSER→APP] 7 /api/portfolio/workspace
[watchlist-state] refetch_response {"collectionCount":3,"detail":"GET /api/watchlist","itemCount":26,"ok":true,"ts":"2026-09-08T11:11:16.440Z"}
[watchlist-state] refetch_response {"detail":"applyFreshServerState","ok":true,"ts":"2026-09-08T11:11:16.440Z"}
[watchlist-state] state_replace {"activeItemCount":15,"activeSectionCount":8,"caller":"adoptServerCanonical","collectionCount":3,"dragMatchesExpectedPosition":null,"dragMatchesOptimistic":null,"dragTicker":null,"dragTickerIndex":null,"dragTickerSection":null,"fromServerSync":true,"itemCount":26,"msSinceDragStart":null,"reason":"applyFreshServerState","source":"server_refetch","ts":"2026-09-08T11:11:16.440Z"}
[watchlist-sync] bootstrap_cache_display
[watchlist-state] state_replace {"activeItemCount":15,"activeSectionCount":8,"caller":"bootstrap","collectionCount":3,"dragMatchesExpectedPosition":null,"dragMatchesOptimistic":null,"dragTicker":null,"dragTickerIndex":null,"dragTickerSection":null,"fromServerSync":false,"itemCount":26,"msSinceDragStart":null,"reason":"cache display before GET","source":"localStorage_bootstrap","ts":"2026-09-08T11:11:16.442Z"}
[watchlist-state] refetch_start {"detail":"GET /api/watchlist","ts":"2026-09-08T11:11:16.443Z"}
[FINSEPA_BROWSER→APP] 8 /api/watchlist
[portfolio/workspace PUT] ledger warnings {}
[watchlist-state] refetch_response {"collectionCount":3,"detail":"GET /api/watchlist","itemCount":26,"ok":true,"ts":"2026-09-08T11:11:16.661Z"}
[watchlist-sync] bootstrap_server_canonical_adopt
[watchlist-state] state_replace {"activeItemCount":15,"activeSectionCount":8,"caller":"adoptServerCanonical","collectionCount":3,"dragMatchesExpectedPosition":null,"dragMatchesOptimistic":null,"dragTicker":null,"dragTickerIndex":null,"dragTickerSection":null,"fromServerSync":true,"itemCount":26,"msSinceDragStart":null,"reason":"bootstrap GET success","source":"server_refetch","ts":"2026-09-08T11:11:16.661Z"}
[FINSEPA_PROVIDER_TRACE] EODHD fetchEodhdCryptoDailyBars {"symbol":"BTC-USD.CC"}
[FINSEPA_PROVIDER_TRACE] EODHD fetchEodhdCryptoDailyBars {"symbol":"ETH-USD.CC"}
[FINSEPA_BROWSER→APP] 9 /api/portfolios/listings
[FINSEPA_BROWSER→APP] 10 /api/portfolios/listings
%cDownload the React DevTools for a better development experience: https://react.dev/link/react-devtools font-weight:bold
[watchlist-sync] bootstrap_cache_display
[watchlist-state] state_replace {"activeItemCount":15,"activeSectionCount":8,"caller":"bootstrap","collectionCount":3,"dragMatchesExpectedPosition":null,"dragMatchesOptimistic":null,"dragTicker":null,"dragTickerIndex":null,"dragTickerSection":null,"fromServerSync":false,"itemCount":26,"msSinceDragStart":null,"reason":"cache display before GET","source":"localStorage_bootstrap","ts":"2026-09-08T11:11:28.936Z"}
[watchlist-state] refetch_start {"detail":"GET /api/watchlist","ts":"2026-09-08T11:11:28.942Z"}
%c[Vercel Web Analytics]%c Debug mode is enabled by default in development. No requests will be sent to the server. color: rgb(120, 120, 120) color: inherit
%c[Vercel Web Analytics]%c Running queued event color: rgb(120, 120, 120) color: inherit pageview {"path":"/stock/NVDA","route":"/stock/[ticker]"}
%c[Vercel Web Analytics]%c [view] http://localhost:3000/stock/NVDA?bench=bench-20260908-151050&step=03 color: rgb(120, 120, 120) color: inherit {"dp":"/stock/[ticker]","o":"http://localhost:3000/stock/NVDA?bench=bench-20260908-151050&step=03","r":"","sdkn":"@vercel/analytics/next","sdkv":"2.0.1","sv":"0.1.3","ts":1788865888989} /_vercel/insights/view
%c[Vercel Speed Insights]%c Debug mode is enabled by default in development. No requests will be sent to the server. color: rgb(120, 120, 120) color: inherit
[FINSEPA_PROVIDER_TRACE] EODHD fetchEodhdRealtimeSymbolsRaw {"symbolsInRequest":14}
[header-display-price] NVDA {"changeAbs":1.910000000000025,"changePct":0.8360691617421865,"chartLoading":false,"price":230.36}
[header-display-price] NVDA {"changeAbs":1.910000000000025,"changePct":0.8360691617421865,"chartLoading":false,"price":230.36}
[watchlist-state] refetch_response {"collectionCount":3,"detail":"GET /api/watchlist","itemCount":26,"ok":true,"ts":"2026-09-08T11:11:29.448Z"}
[watchlist-sync] bootstrap_server_canonical_adopt
[watchlist-state] state_replace {"activeItemCount":15,"activeSectionCount":8,"caller":"adoptServerCanonical","collectionCount":3,"dragMatchesExpectedPosition":null,"dragMatchesOptimistic":null,"dragTicker":null,"dragTickerIndex":null,"dragTickerSection":null,"fromServerSync":true,"itemCount":26,"msSinceDragStart":null,"reason":"bootstrap GET success","source":"server_refetch","ts":"2026-09-08T11:11:29.449Z"}
[watchlist-state] refetch_start {"detail":"applyFreshServerState","ts":"2026-09-08T11:11:29.453Z"}
[watchlist-state] refetch_start {"detail":"GET /api/watchlist","ts":"2026-09-08T11:11:29.453Z"}
[closed-1d api] "NVDA" {}
[FINSEPA_PROVIDER_TRACE] EODHD fetchEodhdIntraday {"symbol":"NVDA.US"}
[closed-1d api] "NVDA" {}
[FINSEPA_PROVIDER_TRACE] EODHD fetchEodhdIntraday {"symbol":"NVDA.US"}
[FINSEPA_PROVIDER_TRACE] EODHD fetchEodhdEodDaily {"symbol":"NVDA.US","closeMode":"adjusted"}
[FINSEPA_PROVIDER_TRACE] EODHD fetchEodhdIntraday {"symbol":"NVDA.US"}
[closed-1d api] "NVDA" {}
[FINSEPA_PROVIDER_TRACE] EODHD fetchEodhdIntraday {"symbol":"NVDA.US"}
[eodhd intraday] raw provider row sample {}
[closed-1d] "NVDA" {}
[chart-api-raw] "NVDA" {}
[eodhd intraday] raw provider row sample {}
[closed-1d] "NVDA" {}
[chart-api-raw] "NVDA" {}
[eodhd intraday] raw provider row sample {}
[closed-1d] "NVDA" {}
[live-price] "NVDA" {}
[eodhd intraday] raw provider row sample {}
[closed-1d] "NVDA" {}
[chart-api-raw] "NVDA" {}
[closed-1d api] "NVDA" {}
[FINSEPA_PROVIDER_TRACE] EODHD fetchEodhdIntraday {"symbol":"NVDA.US"}
[FINSEPA_PROVIDER_TRACE] EODHD fetchEodhdIntraday {"symbol":"NVDA.US"}
[price-chart 1D refetch] NVDA {"firstPointTime":"2026-09-04T13:30:00.000Z","lastPointTime":"2026-09-04T20:00:00.000Z","receivedCount":391,"session":"pre","sessionDate":"2026-09-04"}
[FINSEPA_PROVIDER_TRACE] EODHD fetchEodhdCryptoDailyBars {"symbol":"BTC-USD.CC"}
[FINSEPA_PROVIDER_TRACE] EODHD fetchEodhdCryptoDailyBars {"symbol":"ETH-USD.CC"}
[eodhd intraday] raw provider row sample {}
[closed-1d] "NVDA" {}
[chart-api-raw] "NVDA" {}
[eodhd intraday] raw provider row sample {}
[closed-1d] "NVDA" {}
[live-price] "NVDA" {}
[price-chart 1D refetch] NVDA {"firstPointTime":"2026-09-04T13:30:00.000Z","lastPointTime":"2026-09-04T20:00:00.000Z","receivedCount":391,"session":"pre","sessionDate":"2026-09-04"}
[header-live-spot] NVDA {"ok":true,"price":229.73,"quotedAtSec":1788552000}
[watchlist-state] refetch_response {"collectionCount":3,"detail":"GET /api/watchlist","itemCount":26,"ok":true,"ts":"2026-09-08T11:11:31.743Z"}
[watchlist-state] refetch_response {"detail":"applyFreshServerState","ok":true,"ts":"2026-09-08T11:11:31.744Z"}
[watchlist-state] state_replace {"activeItemCount":15,"activeSectionCount":8,"caller":"adoptServerCanonical","collectionCount":3,"dragMatchesExpectedPosition":null,"dragMatchesOptimistic":null,"dragTicker":null,"dragTickerIndex":null,"dragTickerSection":null,"fromServerSync":true,"itemCount":26,"msSinceDragStart":null,"reason":"applyFreshServerState","source":"server_refetch","ts":"2026-09-08T11:11:31.745Z"}
[watchlist-sync] bootstrap_cache_display
[watchlist-state] state_replace {"activeItemCount":15,"activeSectionCount":8,"caller":"bootstrap","collectionCount":3,"dragMatchesExpectedPosition":null,"dragMatchesOptimistic":null,"dragTicker":null,"dragTickerIndex":null,"dragTickerSection":null,"fromServerSync":false,"itemCount":26,"msSinceDragStart":null,"reason":"cache display before GET","source":"localStorage_bootstrap","ts":"2026-09-08T11:11:31.747Z"}
[watchlist-state] refetch_start {"detail":"GET /api/watchlist","ts":"2026-09-08T11:11:31.748Z"}
[portfolio/workspace PUT] ledger warnings {}
[watchlist-state] refetch_response {"collectionCount":3,"detail":"GET /api/watchlist","itemCount":26,"ok":true,"ts":"2026-09-08T11:11:31.966Z"}
[watchlist-sync] bootstrap_server_canonical_adopt
[watchlist-state] state_replace {"activeItemCount":15,"activeSectionCount":8,"caller":"adoptServerCanonical","collectionCount":3,"dragMatchesExpectedPosition":null,"dragMatchesOptimistic":null,"dragTicker":null,"dragTickerIndex":null,"dragTickerSection":null,"fromServerSync":true,"itemCount":26,"msSinceDragStart":null,"reason":"bootstrap GET success","source":"server_refetch","ts":"2026-09-08T11:11:31.967Z"}
[FINSEPA_PROVIDER_TRACE] EODHD fetchEodhdUsQuoteDelayed {"symbol":"NVDA.US"}
[FINSEPA_PROVIDER_TRACE] EODHD fetchEodhdIntraday {"symbol":"NVDA.US"}
[FINSEPA_PROVIDER_TRACE] EODHD fetchEodhdEodDaily {"symbol":"NVDA.US","closeMode":"adjusted"}
[eodhd intraday] raw provider row sample {}
[closed-1d] "NVDA" {}
[live-price] "NVDA" {}
[header-live-spot] NVDA {"ok":true,"price":229.73,"quotedAtSec":1788552000}
[FINSEPA_PROVIDER_TRACE] EODHD fetchEodhdUsQuoteDelayed {"symbol":"NVDA.US"}
[FINSEPA_PROVIDER_TRACE] EODHD fetchEodhdIntraday {"symbol":"NVDA.US"}
[FINSEPA_PROVIDER_TRACE] EODHD fetchEodhdEodDaily {"symbol":"NVDA.US","closeMode":"adjusted"}
[eodhd intraday] raw provider row sample {}
[closed-1d] "NVDA" {}
[live-price] "NVDA" {}
[header-live-spot] NVDA {"ok":true,"price":229.73,"quotedAtSec":1788552000}
[FINSEPA_PROVIDER_TRACE] EODHD fetchEodhdIntraday {"symbol":"NVDA.US"}
[header-display-price] NVDA {"changeAbs":0.17250000000001364,"changePct":0.07493890849851258,"chartLoading":false,"price":230.36}
[header-display-price] NVDA {"changeAbs":null,"changePct":null,"chartLoading":false,"price":230.36}
[FINSEPA_PROVIDER_TRACE] EODHD fetchEodhdUsQuoteDelayed {"symbol":"NVDA.US"}
[eodhd intraday] raw provider row sample {}
[stock chart] 5D intraday attempt {}
[header-display-price] NVDA {"changeAbs":11.709000000000003,"changePct":5.355109283744416,"chartLoading":false,"price":230.36}
[FINSEPA_PROVIDER_TRACE] EODHD fetchEodhdFundamentalsJsonUncached {"symbol":"NVDA.US"}
[header-display-price] NVDA {"changeAbs":1.910000000000025,"changePct":0.8360691617421865,"chartLoading":false,"price":230.36}
[FINSEPA_PROVIDER_TRACE] EODHD fetchEodhdFundamentalsJsonUncached {"symbol":"NVDA.US"}
[FINSEPA_PROVIDER_TRACE] EODHD fetchEodhdFundamentalsJsonUncached {"symbol":"NVDA.US"}
[FINSEPA_PROVIDER_TRACE] EODHD fetchEodhdEodDaily {"symbol":"NVDA.US","closeMode":"adjusted"}
[FINSEPA_PROVIDER_TRACE] EODHD fetchEodhdFundamentalsJsonUncached {"symbol":"NVDA.US"}
[FINSEPA_PROVIDER_TRACE] EODHD fetchEodhdFundamentalsJsonUncached {"symbol":"NVDA.US"}
[FINSEPA_PROVIDER_TRACE] EODHD fetchEodhdFundamentalsJsonUncached {"symbol":"NVDA.US"}
[FINSEPA_PROVIDER_TRACE] EODHD fetchEodhdFundamentalsJsonUncached {"symbol":"NVDA.US"}
[FINSEPA_PROVIDER_TRACE] EODHD fetchEodhdIntraday {"symbol":"NVDA.US"}
[FINSEPA_PROVIDER_TRACE] EODHD fetchEodhdEodDaily {"symbol":"NVDA.US","closeMode":"adjusted"}
[closed-1d api] "NVDA" {}
[chart-api-raw] "NVDA" {}
[FINSEPA_PROVIDER_TRACE] EODHD fetchEodhdIntraday {"symbol":"NVDA.US"}
[FINSEPA_PROVIDER_TRACE] EODHD fetchEodhdFundamentalsJsonUncached {"symbol":"NVDA.US"}
[FINSEPA_PROVIDER_TRACE] EODHD fetchEodhdEodDaily {"symbol":"NVDA.US","closeMode":"adjusted"}
[eodhd intraday] raw provider row sample {}
[closed-1d] "NVDA" {}
[live-price] "NVDA" {}
[FINSEPA_PROVIDER_TRACE] EODHD fetchEodhdFundamentalsJsonUncached {"symbol":"NVDA.US"}
[eodhd intraday] raw provider row sample {}
[closed-1d] "NVDA" {}
[live-price] "NVDA" {}
[header-live-spot] NVDA {"ok":true,"price":229.73,"quotedAtSec":1788552000}
[FINSEPA_PROVIDER_TRACE] EODHD fetchEodhdFundamentalsJsonUncached {"symbol":"NVDA.US"}
[FINSEPA_PROVIDER_TRACE] EODHD fetchEodhdUsQuoteDelayed {"symbol":"NVDA.US"}
[FINSEPA_PROVIDER_TRACE] EODHD fetchEodhdEodDaily {"symbol":"NVDA.US","closeMode":"adjusted"}
[closed-1d api] "NVDA" {}
[chart-api-raw] "NVDA" {}
[FINSEPA_PROVIDER_TRACE] EODHD fetchEodhdIntraday {"symbol":"NVDA.US"}
[eodhd intraday] raw provider row sample {}
[closed-1d] "NVDA" {}
[live-price] "NVDA" {}
[header-live-spot] NVDA {"ok":true,"price":229.73,"quotedAtSec":1788552000}
[FINSEPA_PROVIDER_TRACE] EODHD fetchEodhdEodDaily {"symbol":"NVDA.US","closeMode":"adjusted"}
%cDownload the React DevTools for a better development experience: https://react.dev/link/react-devtools font-weight:bold
[watchlist-sync] bootstrap_cache_display
[watchlist-state] state_replace {"activeItemCount":15,"activeSectionCount":8,"caller":"bootstrap","collectionCount":3,"dragMatchesExpectedPosition":null,"dragMatchesOptimistic":null,"dragTicker":null,"dragTickerIndex":null,"dragTickerSection":null,"fromServerSync":false,"itemCount":26,"msSinceDragStart":null,"reason":"cache display before GET","source":"localStorage_bootstrap","ts":"2026-09-08T11:12:30.817Z"}
[watchlist-state] refetch_start {"detail":"GET /api/watchlist","ts":"2026-09-08T11:12:30.819Z"}
[closed-1d api] "NVDA" {}
[FINSEPA_PROVIDER_TRACE] EODHD fetchEodhdIntraday {"symbol":"NVDA.US"}
[FINSEPA_PROVIDER_TRACE] EODHD fetchEodhdIntraday {"symbol":"NVDA.US"}
[closed-1d api] "NVDA" {}
[FINSEPA_PROVIDER_TRACE] EODHD fetchEodhdIntraday {"symbol":"NVDA.US"}
[header-display-price] NVDA {"changeAbs":1.910000000000025,"changePct":0.8360691617421865,"chartLoading":false,"price":230.36}
[header-display-price] NVDA {"changeAbs":1.910000000000025,"changePct":0.8360691617421865,"chartLoading":false,"price":230.36}
[FINSEPA_PROVIDER_TRACE] EODHD fetchEodhdIntraday {"symbol":"NVDA.US"}
A tree hydrated but some attributes of the server rendered HTML didn't match the client properties. This won't be patched up. This can happen if a SSR-ed Client Component used:

- A server/client branch `if (typeof window !== 'undefined')`.
- Variable input such as `Date.now()` or `Math.random()` which changes each time it's called.
- Date formatting in a user's locale which doesn't match the server.
- External changing data without sending a snapshot of it along with the HTML.
- Invalid HTML tag nesting.

It can also happen if the client has a browser extension installed which messes with the HTML before React loaded.

%s%s https://react.dev/link/hydration-mismatch 

  ...
    <div id="app-shell-..." suppressHydrationWarning={true} className="mobile-doc...">
      <Suspense>
      <Suspense>
      <div>
      <div suppressHydrationWarning={true} className="shell-desk..." style={{...}}>
        <div suppressHydrationWarning={true} className="shell-desk...">
          <SidebarEdgeCollapseHandle>
          <div suppressHydrationWarning={true} className="shell-desk...">
            <div>
            <div className="relative z...">
              <Topbar userId="52373158-0..." userInitials="VR" avatarUrl="https://lh..." userDisplayName="Vladimir R..." ...>
                <div className="flex w-ful...">
                  <header>
                  <Suspense fallback={null}>
                    <MobileStockTopbarTabs>
                      <div className="w-full shr...">
                        <UnderlineTabs tabs={[...]} active="peers" ...>
                          <div className="mb-0 borde...">
                            <div className="flex flex-...">
                              <nav
                                ref={{current:null}}
                                className={"relative flex min-w-0 flex-1 flex-nowrap items-start gap-4 overflow-x-aut..."}
                                aria-label="Stock sections"
-                               data-cursor-ref="e71"
                              >
                ...
          ...
      ...

[browser] "A tree hydrated but some attributes of the server rendered HTML didn't match the client properties. This won't be patched up. This can happen if a SSR-ed Client Component used:\n\n- A server/client branch `if (typeof window !== 'undefined')`.\n- Variable input such as `Date.now()` or `Math.random()` which changes each time it's called.\n- Date formatting in a user's locale which doesn't match the server.\n- External changing data without sending a snapshot of it along with the HTML.\n- Invalid HTML tag nesting.\n\nIt can also happen if the client has a browser extension installed which messes with the HTML before React loaded.\n\nhttps://react.dev/link/hydration-mismatch\n\n  ...\n    <div id=\"app-shell-...\" suppressHydrationWarning={true} className=\"mobile-doc...\">\n      <Suspense>\n      <Suspense>\n      <div>\n      <div suppressHydrationWarning={true} className=\"shell-desk...\" style={{...}}>\n        <div suppressHydrationWarning={true} className=\"shell-desk...\">\n          <SidebarEdgeCollapseHandle>\n          <div suppressHydrationWarning={true} className=\"shell-desk...\">\n            <div>\n            <div className=\"relative z...\">\n              <Topbar userId=\"52373158-0...\" userInitials=\"VR\" avatarUrl=\"https://lh...\" userDisplayName=\"Vladimir R...\" ...>\n                <div className=\"flex w-ful...\">\n                  <header>\n                  <Suspense fallback={null}>\n                    <MobileStockTopbarTabs>\n                      <div className=\"w-full shr...\">\n                        <UnderlineTabs tabs={[...]} active=\"peers\" ...>\n                          <div className=\"mb-0 borde...\">\n                            <div className=\"flex flex-...\">\n                              <nav\n                                ref={{current:null}}\n                                className={\"relative flex min-w-0 flex-1 flex-nowrap items-start gap-4 overflow-x-aut...\"}\n                                aria-label=\"Stock sections\"\n-                               data-cursor-ref=\"e71\"\n                              >\n                ...\n          ...\n      ...\n" "\n\u001b[31m    at console.error (lib/auth/suppress-stale-auth-console-errors.ts:32:5)\u001b[39m\n  \u001b[90m30 |\u001b[0m   console.error = (...args: unknown[]) => {\n  \u001b[90m31 |\u001b[0m     \u001b[36mif\u001b[0m (args.some(looksLikeStaleAuthConsoleArg)) \u001b[36mreturn\u001b[0m;\n\u001b[31m\u001b[1m>\u001b[0m \u001b[90m32 |\u001b[0m     original(...args);\n  \u001b[90m   |\u001b[0m     \u001b[31m\u001b[1m^\u001b[0m\n  \u001b[90m33 |\u001b[0m   };\n  \u001b[90m34 |\u001b[0m }\n  \u001b[90m35 |\u001b[0m" "\u001b[2m(lib/auth/suppress-stale-auth-console-errors.ts:32:5)\u001b[22m"
A tree hydrated but some attributes of the server rendered HTML didn't match the client properties. This won't be patched up. This can happen if a SSR-ed Client Component used:

- A server/client branch `if (typeof window !== 'undefined')`.
- Variable input such as `Date.now()` or `Math.random()` which changes each time it's called.
- Date formatting in a user's locale which doesn't match the server.
- External changing data without sending a snapshot of it along with the HTML.
- Invalid HTML tag nesting.

It can also happen if the client has a browser extension installed which messes with the HTML before React loaded.

https://react.dev/link/hydration-mismatch

  ...
    <div id="app-shell-..." suppressHydrationWarning={true} className="mobile-doc...">
      <Suspense>
      <Suspense>
      <div>
      <div suppressHydrationWarning={true} className="shell-desk..." style={{...}}>
        <div suppressHydrationWarning={true} className="shell-desk...">
          <SidebarEdgeCollapseHandle>
          <div suppressHydrationWarning={true} className="shell-desk...">
            <div>
            <div className="relative z...">
              <Topbar userId="52373158-0..." userInitials="VR" avatarUrl="https://lh..." userDisplayName="Vladimir R..." ...>
                <div className="flex w-ful...">
                  <header>
                  <Suspense fallback={null}>
                    <MobileStockTopbarTabs>
                      <div className="w-full shr...">
                        <UnderlineTabs tabs={[...]} active="peers" ...>
                          <div className="mb-0 borde...">
                            <div className="flex flex-...">
                              <nav
                                ref={{current:null}}
                                className={"relative flex min-w-0 flex-1 flex-nowrap items-start gap-4 overflow-x-aut..."}
                                aria-label="Stock sections"
-                               data-cursor-ref="e71"
                              >
                ...
          ...
      ...
 "\n\u001b[31m    at console.error (lib/auth/suppress-stale-auth-console-errors.ts:32:5)\u001b[39m\n  \u001b[90m30 |\u001b[0m   console.error = (...args: unknown[]) => {\n  \u001b[90m31 |\u001b[0m     \u001b[36mif\u001b[0m (args.some(looksLikeStaleAuthConsoleArg)) \u001b[36mreturn\u001b[0m;\n\u001b[31m\u001b[1m>\u001b[0m \u001b[90m32 |\u001b[0m     original(...args);\n  \u001b[90m   |\u001b[0m     \u001b[31m\u001b[1m^\u001b[0m\n  \u001b[90m33 |\u001b[0m   };\n  \u001b[90m34 |\u001b[0m }\n  \u001b[90m35 |\u001b[0m" "\u001b[2m(lib/auth/suppress-stale-auth-console-errors.ts:32:5)\u001b[22m"
%c[Vercel Web Analytics]%c Debug mode is enabled by default in development. No requests will be sent to the server. color: rgb(120, 120, 120) color: inherit
%c[Vercel Web Analytics]%c Running queued event color: rgb(120, 120, 120) color: inherit pageview {"path":"/stock/NVDA","route":"/stock/[ticker]"}
%c[Vercel Web Analytics]%c [view] http://localhost:3000/stock/NVDA?tab=peers color: rgb(120, 120, 120) color: inherit {"dp":"/stock/[ticker]","o":"http://localhost:3000/stock/NVDA?tab=peers","r":"","sdkn":"@vercel/analytics/next","sdkv":"2.0.1","sv":"0.1.3","ts":1788865951310} /_vercel/insights/view
%c[Vercel Speed Insights]%c Debug mode is enabled by default in development. No requests will be sent to the server. color: rgb(120, 120, 120) color: inherit
[FINSEPA_PROVIDER_TRACE] EODHD fetchEodhdUsQuoteDelayed {"symbol":"NVDA.US"}
[eodhd intraday] raw provider row sample {}
[closed-1d] "NVDA" {}
[chart-api-raw] "NVDA" {}
[eodhd intraday] raw provider row sample {}
[closed-1d] "NVDA" {}
[chart-api-raw] "NVDA" {}
[eodhd intraday] raw provider row sample {}
[closed-1d] "NVDA" {}
[live-price] "NVDA" {}
[eodhd intraday] raw provider row sample {}
[closed-1d] "NVDA" {}
[live-price] "NVDA" {}
[price-chart 1D refetch] NVDA {"firstPointTime":"2026-09-04T13:30:00.000Z","lastPointTime":"2026-09-04T20:00:00.000Z","receivedCount":391,"session":"pre","sessionDate":"2026-09-04"}
[header-live-spot] NVDA {"ok":true,"price":229.73,"quotedAtSec":1788552000}
[FINSEPA_PROVIDER_TRACE] EODHD fetchEodhdRealtimeSymbolsRaw {"symbolsInRequest":14}
[watchlist-state] refetch_response {"collectionCount":3,"detail":"GET /api/watchlist","itemCount":26,"ok":true,"ts":"2026-09-08T11:12:32.235Z"}
[watchlist-sync] bootstrap_server_canonical_adopt
[watchlist-state] state_replace {"activeItemCount":15,"activeSectionCount":8,"caller":"adoptServerCanonical","collectionCount":3,"dragMatchesExpectedPosition":null,"dragMatchesOptimistic":null,"dragTicker":null,"dragTickerIndex":null,"dragTickerSection":null,"fromServerSync":true,"itemCount":26,"msSinceDragStart":null,"reason":"bootstrap GET success","source":"server_refetch","ts":"2026-09-08T11:12:32.235Z"}
[watchlist-state] refetch_start {"detail":"applyFreshServerState","ts":"2026-09-08T11:12:32.239Z"}
[watchlist-state] refetch_start {"detail":"GET /api/watchlist","ts":"2026-09-08T11:12:32.239Z"}
[portfolio/workspace PUT] ledger warnings {}
[watchlist-state] refetch_response {"collectionCount":3,"detail":"GET /api/watchlist","itemCount":26,"ok":true,"ts":"2026-09-08T11:12:32.454Z"}
[watchlist-state] refetch_response {"detail":"applyFreshServerState","ok":true,"ts":"2026-09-08T11:12:32.455Z"}
[watchlist-state] state_replace {"activeItemCount":15,"activeSectionCount":8,"caller":"adoptServerCanonical","collectionCount":3,"dragMatchesExpectedPosition":null,"dragMatchesOptimistic":null,"dragTicker":null,"dragTickerIndex":null,"dragTickerSection":null,"fromServerSync":true,"itemCount":26,"msSinceDragStart":null,"reason":"applyFreshServerState","source":"server_refetch","ts":"2026-09-08T11:12:32.455Z"}
[watchlist-sync] bootstrap_cache_display
[watchlist-state] state_replace {"activeItemCount":15,"activeSectionCount":8,"caller":"bootstrap","collectionCount":3,"dragMatchesExpectedPosition":null,"dragMatchesOptimistic":null,"dragTicker":null,"dragTickerIndex":null,"dragTickerSection":null,"fromServerSync":false,"itemCount":26,"msSinceDragStart":null,"reason":"cache display before GET","source":"localStorage_bootstrap","ts":"2026-09-08T11:12:32.457Z"}
[watchlist-state] refetch_start {"detail":"GET /api/watchlist","ts":"2026-09-08T11:12:32.457Z"}
[watchlist-state] refetch_response {"collectionCount":3,"detail":"GET /api/watchlist","itemCount":26,"ok":true,"ts":"2026-09-08T11:12:32.608Z"}
[watchlist-sync] bootstrap_server_canonical_adopt
[watchlist-state] state_replace {"activeItemCount":15,"activeSectionCount":8,"caller":"adoptServerCanonical","collectionCount":3,"dragMatchesExpectedPosition":null,"dragMatchesOptimistic":null,"dragTicker":null,"dragTickerIndex":null,"dragTickerSection":null,"fromServerSync":true,"itemCount":26,"msSinceDragStart":null,"reason":"bootstrap GET success","source":"server_refetch","ts":"2026-09-08T11:12:32.608Z"}
[FINSEPA_PROVIDER_TRACE] EODHD fetchEodhdCryptoDailyBars {"symbol":"BTC-USD.CC"}
[FINSEPA_PROVIDER_TRACE] EODHD fetchEodhdCryptoDailyBars {"symbol":"ETH-USD.CC"}
%cDownload the React DevTools for a better development experience: https://react.dev/link/react-devtools font-weight:bold
[watchlist-sync] bootstrap_cache_display
[watchlist-state] state_replace {"activeItemCount":15,"activeSectionCount":8,"caller":"bootstrap","collectionCount":3,"dragMatchesExpectedPosition":null,"dragMatchesOptimistic":null,"dragTicker":null,"dragTickerIndex":null,"dragTickerSection":null,"fromServerSync":false,"itemCount":26,"msSinceDragStart":null,"reason":"cache display before GET","source":"localStorage_bootstrap","ts":"2026-09-08T11:12:40.314Z"}
[watchlist-state] refetch_start {"detail":"GET /api/watchlist","ts":"2026-09-08T11:12:40.315Z"}
[closed-1d api] "AAPL" {}
[FINSEPA_PROVIDER_TRACE] EODHD fetchEodhdIntraday {"symbol":"AAPL.US"}
[closed-1d api] "AAPL" {}
[FINSEPA_PROVIDER_TRACE] EODHD fetchEodhdIntraday {"symbol":"AAPL.US"}
[header-display-price] AAPL {"changeAbs":-8.239999999999952,"changePct":-2.510587733463317,"chartLoading":false,"price":319.97}
[header-display-price] AAPL {"changeAbs":-8.239999999999952,"changePct":-2.510587733463317,"chartLoading":false,"price":319.97}
[FINSEPA_PROVIDER_TRACE] EODHD fetchEodhdIntraday {"symbol":"AAPL.US"}
[FINSEPA_PROVIDER_TRACE] EODHD fetchEodhdEodDaily {"symbol":"AAPL.US","closeMode":"adjusted"}
[closed-1d api] "AAPL" {}
[FINSEPA_PROVIDER_TRACE] EODHD fetchEodhdIntraday {"symbol":"AAPL.US"}
[closed-1d api] "AAPL" {}
[FINSEPA_PROVIDER_TRACE] EODHD fetchEodhdIntraday {"symbol":"AAPL.US"}
%c[Vercel Web Analytics]%c Debug mode is enabled by default in development. No requests will be sent to the server. color: rgb(120, 120, 120) color: inherit
%c[Vercel Web Analytics]%c Running queued event color: rgb(120, 120, 120) color: inherit pageview {"path":"/stock/AAPL","route":"/stock/[ticker]"}
%c[Vercel Web Analytics]%c [view] http://localhost:3000/stock/AAPL?bench=08 color: rgb(120, 120, 120) color: inherit {"dp":"/stock/[ticker]","o":"http://localhost:3000/stock/AAPL?bench=08","r":"","sdkn":"@vercel/analytics/next","sdkv":"2.0.1","sv":"0.1.3","ts":1788865960730} /_vercel/insights/view
%c[Vercel Speed Insights]%c Debug mode is enabled by default in development. No requests will be sent to the server. color: rgb(120, 120, 120) color: inherit
[eodhd intraday] raw provider row sample {}
[closed-1d] "AAPL" {}
[chart-api-raw] "AAPL" {}
[eodhd intraday] raw provider row sample {}
[closed-1d] "AAPL" {}
[chart-api-raw] "AAPL" {}
[eodhd intraday] raw provider row sample {}
[closed-1d] "AAPL" {}
[live-price] "AAPL" {}
[FINSEPA_PROVIDER_TRACE] EODHD fetchEodhdIntraday {"symbol":"AAPL.US"}
[eodhd intraday] raw provider row sample {}
[closed-1d] "AAPL" {}
[chart-api-raw] "AAPL" {}
[eodhd intraday] raw provider row sample {}
[closed-1d] "AAPL" {}
[chart-api-raw] "AAPL" {}
[price-chart 1D refetch] AAPL {"firstPointTime":"2026-09-04T13:30:00.000Z","lastPointTime":"2026-09-04T20:00:00.000Z","receivedCount":391,"session":"pre","sessionDate":"2026-09-04"}
[price-chart 1D refetch] AAPL {"firstPointTime":"2026-09-04T13:30:00.000Z","lastPointTime":"2026-09-04T20:00:00.000Z","receivedCount":391,"session":"pre","sessionDate":"2026-09-04"}
[FINSEPA_PROVIDER_TRACE] EODHD fetchEodhdFundamentalsJsonUncached {"symbol":"AAPL.US"}
[FINSEPA_PROVIDER_TRACE] EODHD fetchEodhdRealtimeSymbolsRaw {"symbolsInRequest":14}
[watchlist-state] refetch_response {"collectionCount":3,"detail":"GET /api/watchlist","itemCount":26,"ok":true,"ts":"2026-09-08T11:12:41.973Z"}
[watchlist-sync] bootstrap_server_canonical_adopt
[watchlist-state] state_replace {"activeItemCount":15,"activeSectionCount":8,"caller":"adoptServerCanonical","collectionCount":3,"dragMatchesExpectedPosition":null,"dragMatchesOptimistic":null,"dragTicker":null,"dragTickerIndex":null,"dragTickerSection":null,"fromServerSync":true,"itemCount":26,"msSinceDragStart":null,"reason":"bootstrap GET success","source":"server_refetch","ts":"2026-09-08T11:12:41.974Z"}
[watchlist-state] refetch_start {"detail":"applyFreshServerState","ts":"2026-09-08T11:12:41.978Z"}
[watchlist-state] refetch_start {"detail":"GET /api/watchlist","ts":"2026-09-08T11:12:41.978Z"}
[eodhd intraday] raw provider row sample {}
[closed-1d] "AAPL" {}
[live-price] "AAPL" {}
[header-live-spot] AAPL {"ok":true,"price":319.8,"quotedAtSec":1788552000}
[portfolio/workspace PUT] ledger warnings {}
[watchlist-state] refetch_response {"collectionCount":3,"detail":"GET /api/watchlist","itemCount":26,"ok":true,"ts":"2026-09-08T11:12:42.291Z"}
[watchlist-state] refetch_response {"detail":"applyFreshServerState","ok":true,"ts":"2026-09-08T11:12:42.291Z"}
[watchlist-state] state_replace {"activeItemCount":15,"activeSectionCount":8,"caller":"adoptServerCanonical","collectionCount":3,"dragMatchesExpectedPosition":null,"dragMatchesOptimistic":null,"dragTicker":null,"dragTickerIndex":null,"dragTickerSection":null,"fromServerSync":true,"itemCount":26,"msSinceDragStart":null,"reason":"applyFreshServerState","source":"server_refetch","ts":"2026-09-08T11:12:42.291Z"}
[watchlist-sync] bootstrap_cache_display
[watchlist-state] state_replace {"activeItemCount":15,"activeSectionCount":8,"caller":"bootstrap","collectionCount":3,"dragMatchesExpectedPosition":null,"dragMatchesOptimistic":null,"dragTicker":null,"dragTickerIndex":null,"dragTickerSection":null,"fromServerSync":false,"itemCount":26,"msSinceDragStart":null,"reason":"cache display before GET","source":"localStorage_bootstrap","ts":"2026-09-08T11:12:42.293Z"}
[watchlist-state] refetch_start {"detail":"GET /api/watchlist","ts":"2026-09-08T11:12:42.294Z"}
[watchlist-state] refetch_response {"collectionCount":3,"detail":"GET /api/watchlist","itemCount":26,"ok":true,"ts":"2026-09-08T11:12:42.449Z"}
[watchlist-sync] bootstrap_server_canonical_adopt
[watchlist-state] state_replace {"activeItemCount":15,"activeSectionCount":8,"caller":"adoptServerCanonical","collectionCount":3,"dragMatchesExpectedPosition":null,"dragMatchesOptimistic":null,"dragTicker":null,"dragTickerIndex":null,"dragTickerSection":null,"fromServerSync":true,"itemCount":26,"msSinceDragStart":null,"reason":"bootstrap GET success","source":"server_refetch","ts":"2026-09-08T11:12:42.449Z"}
[FINSEPA_PROVIDER_TRACE] EODHD fetchEodhdUsQuoteDelayed {"symbol":"AAPL.US"}
[FINSEPA_PROVIDER_TRACE] EODHD fetchEodhdFundamentalsJsonUncached {"symbol":"AAPL.US"}
[FINSEPA_PROVIDER_TRACE] EODHD fetchEodhdCryptoDailyBars {"symbol":"BTC-USD.CC"}
[FINSEPA_PROVIDER_TRACE] EODHD fetchEodhdCryptoDailyBars {"symbol":"ETH-USD.CC"}
[FINSEPA_PROVIDER_TRACE] EODHD fetchEodhdFundamentalsJsonUncached {"symbol":"AAPL.US"}
[FINSEPA_PROVIDER_TRACE] EODHD fetchEodhdEodDaily {"symbol":"AAPL.US","closeMode":"adjusted"}
[watchlist-enrich] enrichment_load_trigger
[watchlist-enrich] enrichment_http_post
[watchlist enrich] load {}
[FINSEPA_PROVIDER_TRACE] EODHD fetchEodhdScreenerUncached {"offset":0,"limit":100}
[FINSEPA_PROVIDER_TRACE] EODHD fetchEodhdScreenerUncached {"offset":100,"limit":100}
[FINSEPA_PROVIDER_TRACE] EODHD fetchEodhdScreenerUncached {"offset":200,"limit":100}
[FINSEPA_PROVIDER_TRACE] EODHD fetchEodhdScreenerUncached {"offset":300,"limit":100}
[FINSEPA_PROVIDER_TRACE] EODHD fetchEodhdScreenerUncached {"offset":400,"limit":100}
[FINSEPA_PROVIDER_TRACE] EODHD fetchEodhdScreenerUncached {"offset":500,"limit":100}
[FINSEPA_PROVIDER_TRACE] EODHD fetchEodhdScreenerUncached {"offset":600,"limit":100}
[FINSEPA_PROVIDER_TRACE] EODHD fetchEodhdScreenerUncached {"offset":700,"limit":100}
[FINSEPA_PROVIDER_TRACE] EODHD fetchEodhdScreenerUncached {"offset":800,"limit":100}
[FINSEPA_PROVIDER_TRACE] EODHD fetchEodhdScreenerUncached {"offset":900,"limit":100}
[FINSEPA_PROVIDER_TRACE] EODHD fetchEodhdIntraday {"symbol":"AAPL.US"}
[FINSEPA_PROVIDER_TRACE] EODHD fetchEodhdEodDaily {"symbol":"AAPL.US","closeMode":"adjusted"}
[FINSEPA_PROVIDER_TRACE] EODHD fetchEodhdFundamentalsJsonUncached {"symbol":"IDXX.US"}
[FINSEPA_PROVIDER_TRACE] EODHD fetchEodhdFundamentalsJsonUncached {"symbol":"PYPL.US"}
[eodhd intraday] raw provider row sample {}
[closed-1d] "AAPL" {}
[live-price] "AAPL" {}
[header-live-spot] AAPL {"ok":true,"price":319.8,"quotedAtSec":1788552000}
[FINSEPA_PROVIDER_TRACE] EODHD fetchEodhdCryptoDailyBars {"symbol":"BTC-USD.CC"}
[FINSEPA_PROVIDER_TRACE] EODHD fetchEodhdCryptoDailyBars {"symbol":"ETH-USD.CC"}
[FINSEPA_PROVIDER_TRACE] EODHD fetchEodhdCryptoFundamentalsMeta {"symbol":"ETH-USD.CC"}
[FINSEPA_PROVIDER_TRACE] EODHD fetchEodhdCryptoFundamentalsMeta {"symbol":"BTC-USD.CC"}
[FINSEPA_PROVIDER_TRACE] EODHD fetchEodhdUsQuoteDelayed {"symbol":"AAPL.US"}
[FINSEPA_PROVIDER_TRACE] scope=/api/watchlist/enrich count=15 eodhd_http=16 byFn={"fetchEodhdScreenerUncached":10,"fetchEodhdFundamentalsJsonUncached":2,"fetchEodhdCryptoDailyBars":2,"fetchEodhdCryptoFundamentalsMeta":2}
[watchlist enrich] result {}
%cDownload the React DevTools for a better development experience: https://react.dev/link/react-devtools font-weight:bold
[FINSEPA_PROVIDER_TRACE] EODHD fetchEodhdRealtimeSymbolsRaw {"symbolsInRequest":15}
[FINSEPA_PROVIDER_TRACE] EODHD fetchEodhdEodDailyBothCloses {"symbol":"AAPL.US"}
[FINSEPA_PROVIDER_TRACE] EODHD fetchEodhdEodDailyBothCloses {"symbol":"ADBE.US"}
[FINSEPA_PROVIDER_TRACE] EODHD fetchEodhdEodDailyBothCloses {"symbol":"AMZN.US"}
[FINSEPA_PROVIDER_TRACE] EODHD fetchEodhdEodDailyBothCloses {"symbol":"GLXY.US"}
[FINSEPA_PROVIDER_TRACE] EODHD fetchEodhdEodDailyBothCloses {"symbol":"GOOGL.US"}
[FINSEPA_PROVIDER_TRACE] EODHD fetchEodhdEodDailyBothCloses {"symbol":"HOOD.US"}
[FINSEPA_PROVIDER_TRACE] EODHD fetchEodhdEodDailyBothCloses {"symbol":"IDXX.US"}
[FINSEPA_PROVIDER_TRACE] EODHD fetchEodhdEodDailyBothCloses {"symbol":"MAR.US"}
[FINSEPA_PROVIDER_TRACE] EODHD fetchEodhdEodDailyBothCloses {"symbol":"META.US"}
[FINSEPA_PROVIDER_TRACE] EODHD fetchEodhdEodDailyBothCloses {"symbol":"NFLX.US"}
[FINSEPA_PROVIDER_TRACE] EODHD fetchEodhdEodDailyBothCloses {"symbol":"PYPL.US"}
[FINSEPA_PROVIDER_TRACE] EODHD fetchEodhdEodDailyBothCloses {"symbol":"RACE.US"}
[FINSEPA_PROVIDER_TRACE] EODHD fetchEodhdEodDailyBothCloses {"symbol":"SPGI.US"}
[FINSEPA_PROVIDER_TRACE] EODHD fetchEodhdEodDailyBothCloses {"symbol":"SPOT.US"}
[FINSEPA_PROVIDER_TRACE] EODHD fetchEodhdEodDailyBothCloses {"symbol":"SYK.US"}
[FINSEPA_PROVIDER_TRACE] EODHD fetchEodhdEodDailyBothCloses {"symbol":"V.US"}
[FINSEPA_PROVIDER_TRACE] EODHD fetchEodhdEodDailyBothCloses {"symbol":"AAL.US"}
[FINSEPA_PROVIDER_TRACE] EODHD fetchEodhdEodDailyBothCloses {"symbol":"AAPL.US"}
[FINSEPA_PROVIDER_TRACE] EODHD fetchEodhdEodDailyBothCloses {"symbol":"ADBE.US"}
[FINSEPA_PROVIDER_TRACE] EODHD fetchEodhdEodDailyBothCloses {"symbol":"AMZN.US"}
[FINSEPA_PROVIDER_TRACE] EODHD fetchEodhdEodDailyBothCloses {"symbol":"DIS.US"}
[FINSEPA_PROVIDER_TRACE] EODHD fetchEodhdEodDailyBothCloses {"symbol":"DPZ.US"}
[FINSEPA_PROVIDER_TRACE] EODHD fetchEodhdEodDailyBothCloses {"symbol":"EL.US"}
[FINSEPA_PROVIDER_TRACE] EODHD fetchEodhdEodDailyBothCloses {"symbol":"GOOGL.US"}
[FINSEPA_PROVIDER_TRACE] EODHD fetchEodhdEodDailyBothCloses {"symbol":"MCO.US"}
[FINSEPA_PROVIDER_TRACE] EODHD fetchEodhdEodDailyBothCloses {"symbol":"META.US"}
[FINSEPA_PROVIDER_TRACE] EODHD fetchEodhdEodDailyBothCloses {"symbol":"MSFT.US"}
[FINSEPA_PROVIDER_TRACE] EODHD fetchEodhdEodDailyBothCloses {"symbol":"NFLX.US"}
[FINSEPA_PROVIDER_TRACE] EODHD fetchEodhdEodDailyBothCloses {"symbol":"NKE.US"}
[FINSEPA_PROVIDER_TRACE] EODHD fetchEodhdEodDailyBothCloses {"symbol":"NNOX.US"}
[FINSEPA_PROVIDER_TRACE] EODHD fetchEodhdEodDailyBothCloses {"symbol":"PEP.US"}
[FINSEPA_PROVIDER_TRACE] EODHD fetchEodhdEodDailyBothCloses {"symbol":"PYPL.US"}
[FINSEPA_PROVIDER_TRACE] EODHD fetchEodhdEodDailyBothCloses {"symbol":"RACE.US"}
[FINSEPA_PROVIDER_TRACE] EODHD fetchEodhdEodDailyBothCloses {"symbol":"SBUX.US"}
[FINSEPA_PROVIDER_TRACE] EODHD fetchEodhdEodDailyBothCloses {"symbol":"V.US"}
[FINSEPA_PROVIDER_TRACE] EODHD fetchEodhdEodDailyBothCloses {"symbol":"VZ.US"}
[FINSEPA_PROVIDER_TRACE] EODHD fetchEodhdEodDailyBothCloses {"symbol":"WBD.US"}
[FINSEPA_PROVIDER_TRACE] EODHD fetchEodhdEodDailyBothCloses {"symbol":"WISH.US"}
[watchlist-sync] bootstrap_cache_display
[watchlist-state] state_replace {"activeItemCount":15,"activeSectionCount":8,"caller":"bootstrap","collectionCount":3,"dragMatchesExpectedPosition":null,"dragMatchesOptimistic":null,"dragTicker":null,"dragTickerIndex":null,"dragTickerSection":null,"fromServerSync":false,"itemCount":26,"msSinceDragStart":null,"reason":"cache display before GET","source":"localStorage_bootstrap","ts":"2026-09-08T11:13:06.890Z"}
[watchlist-state] refetch_start {"detail":"GET /api/watchlist","ts":"2026-09-08T11:13:06.891Z"}
[watchlist-enrich] enrichment_load_trigger
[FINSEPA_PROVIDER_TRACE] EODHD fetchEodhdEodDailyBothCloses {"symbol":"AAPL.US"}
[FINSEPA_PROVIDER_TRACE] EODHD fetchEodhdEodDailyBothCloses {"symbol":"COST.US"}
[FINSEPA_PROVIDER_TRACE] EODHD fetchEodhdEodDailyBothCloses {"symbol":"KO.US"}
[FINSEPA_PROVIDER_TRACE] EODHD fetchEodhdEodDailyBothCloses {"symbol":"META.US"}
[FINSEPA_PROVIDER_TRACE] EODHD fetchEodhdEodDailyBothCloses {"symbol":"NFLX.US"}
[FINSEPA_PROVIDER_TRACE] EODHD fetchEodhdEodDailyBothCloses {"symbol":"QQQ.US"}
[FINSEPA_PROVIDER_TRACE] EODHD fetchEodhdEodDailyBothCloses {"symbol":"SPGI.US"}
[FINSEPA_PROVIDER_TRACE] EODHD fetchEodhdEodDailyBothCloses {"symbol":"TSLA.US"}
[FINSEPA_PROVIDER_TRACE] EODHD fetchEodhdEodDailyBothCloses {"symbol":"UBER.US"}
[FINSEPA_PROVIDER_TRACE] EODHD fetchEodhdEodDailyBothCloses {"symbol":"V.US"}
[FINSEPA_PROVIDER_TRACE] EODHD fetchEodhdEodDailyBothCloses {"symbol":"AAPL.US"}
%c[Vercel Web Analytics]%c Debug mode is enabled by default in development. No requests will be sent to the server. color: rgb(120, 120, 120) color: inherit
%c[Vercel Web Analytics]%c Running queued event color: rgb(120, 120, 120) color: inherit pageview {"path":"/portfolio","route":"/portfolio"}
%c[Vercel Web Analytics]%c [view] http://localhost:3000/portfolio?bench=10 color: rgb(120, 120, 120) color: inherit {"dp":"/portfolio","o":"http://localhost:3000/portfolio?bench=10","r":"","sdkn":"@vercel/analytics/next","sdkv":"2.0.1","sv":"0.1.3","ts":1788865987203} /_vercel/insights/view
%c[Vercel Speed Insights]%c Debug mode is enabled by default in development. No requests will be sent to the server. color: rgb(120, 120, 120) color: inherit
[watchlist-enrich] enrichment_cache_hit (session)
[portfolio/workspace PUT] ledger warnings {}
[watchlist-state] refetch_response {"collectionCount":3,"detail":"GET /api/watchlist","itemCount":26,"ok":true,"ts":"2026-09-08T11:13:08.183Z"}
[watchlist-sync] bootstrap_server_canonical_adopt
[watchlist-state] state_replace {"activeItemCount":15,"activeSectionCount":8,"caller":"adoptServerCanonical","collectionCount":3,"dragMatchesExpectedPosition":null,"dragMatchesOptimistic":null,"dragTicker":null,"dragTickerIndex":null,"dragTickerSection":null,"fromServerSync":true,"itemCount":26,"msSinceDragStart":null,"reason":"bootstrap GET success","source":"server_refetch","ts":"2026-09-08T11:13:08.183Z"}
[watchlist-state] refetch_start {"detail":"applyFreshServerState","ts":"2026-09-08T11:13:08.190Z"}
[watchlist-state] refetch_start {"detail":"GET /api/watchlist","ts":"2026-09-08T11:13:08.190Z"}
[watchlist-state] refetch_response {"collectionCount":3,"detail":"GET /api/watchlist","itemCount":26,"ok":true,"ts":"2026-09-08T11:13:08.378Z"}
[watchlist-state] refetch_response {"detail":"applyFreshServerState","ok":true,"ts":"2026-09-08T11:13:08.378Z"}
[watchlist-state] state_replace {"activeItemCount":15,"activeSectionCount":8,"caller":"adoptServerCanonical","collectionCount":3,"dragMatchesExpectedPosition":null,"dragMatchesOptimistic":null,"dragTicker":null,"dragTickerIndex":null,"dragTickerSection":null,"fromServerSync":true,"itemCount":26,"msSinceDragStart":null,"reason":"applyFreshServerState","source":"server_refetch","ts":"2026-09-08T11:13:08.379Z"}
[watchlist-sync] bootstrap_cache_display
[watchlist-state] state_replace {"activeItemCount":15,"activeSectionCount":8,"caller":"bootstrap","collectionCount":3,"dragMatchesExpectedPosition":null,"dragMatchesOptimistic":null,"dragTicker":null,"dragTickerIndex":null,"dragTickerSection":null,"fromServerSync":false,"itemCount":26,"msSinceDragStart":null,"reason":"cache display before GET","source":"localStorage_bootstrap","ts":"2026-09-08T11:13:08.380Z"}
[watchlist-state] refetch_start {"detail":"GET /api/watchlist","ts":"2026-09-08T11:13:08.381Z"}
[watchlist-state] refetch_response {"collectionCount":3,"detail":"GET /api/watchlist","itemCount":26,"ok":true,"ts":"2026-09-08T11:13:08.579Z"}
[watchlist-sync] bootstrap_server_canonical_adopt
[watchlist-state] state_replace {"activeItemCount":15,"activeSectionCount":8,"caller":"adoptServerCanonical","collectionCount":3,"dragMatchesExpectedPosition":null,"dragMatchesOptimistic":null,"dragTicker":null,"dragTickerIndex":null,"dragTickerSection":null,"fromServerSync":true,"itemCount":26,"msSinceDragStart":null,"reason":"bootstrap GET success","source":"server_refetch","ts":"2026-09-08T11:13:08.579Z"}
[portfolio/workspace PUT] ledger warnings {}
[FINSEPA_PROVIDER_TRACE] EODHD fetchEodhdRealtimeSymbolsRaw {"symbolsInRequest":7}
[portfolio/workspace PUT] ledger warnings {}
[FINSEPA_PROVIDER_TRACE] EODHD fetchEodhdCryptoDailyBars {"symbol":"BTC-USD.CC"}
[FINSEPA_PROVIDER_TRACE] EODHD fetchEodhdCryptoDailyBars {"symbol":"BTC-USD.CC"}
[FINSEPA_PROVIDER_TRACE] EODHD fetchEodhdCryptoDailyBars {"symbol":"ETH-USD.CC"}
[FINSEPA_PROVIDER_TRACE] EODHD fetchEodhdCryptoDailyBars {"symbol":"ETH-USD.CC"}
[FINSEPA_PROVIDER_TRACE] EODHD fetchEodhdCryptoDailyBars {"symbol":"SOL-USD.CC"}
[FINSEPA_PROVIDER_TRACE] EODHD fetchEodhdCryptoDailyBars {"symbol":"BTC-USD.CC"}
[FINSEPA_PROVIDER_TRACE] EODHD fetchEodhdCryptoDailyBars {"symbol":"ETH-USD.CC"}
[FINSEPA_PROVIDER_TRACE] EODHD fetchEodhdCryptoDailyBars {"symbol":"SOL-USD.CC"}
[FINSEPA_PROVIDER_TRACE] EODHD fetchEodhdRealtimeSymbolsRaw {"symbolsInRequest":14}
[FINSEPA_PROVIDER_TRACE] EODHD fetchEodhdEodDaily {"symbol":"SPY.US","closeMode":"adjusted"}
[FINSEPA_PROVIDER_TRACE] EODHD fetchEodhdEodDaily {"symbol":"AAPL.US","closeMode":"adjusted"}
[FINSEPA_PROVIDER_TRACE] EODHD fetchEodhdEodDaily {"symbol":"ADBE.US","closeMode":"adjusted"}
[FINSEPA_PROVIDER_TRACE] EODHD fetchEodhdEodDaily {"symbol":"AMZN.US","closeMode":"adjusted"}
[FINSEPA_PROVIDER_TRACE] EODHD fetchEodhdEodDaily {"symbol":"EL.US","closeMode":"adjusted"}
[FINSEPA_PROVIDER_TRACE] EODHD fetchEodhdEodDaily {"symbol":"GOOGL.US","closeMode":"adjusted"}
[FINSEPA_PROVIDER_TRACE] EODHD fetchEodhdEodDaily {"symbol":"META.US","closeMode":"adjusted"}
[FINSEPA_PROVIDER_TRACE] EODHD fetchEodhdEodDaily {"symbol":"NKE.US","closeMode":"adjusted"}
[FINSEPA_PROVIDER_TRACE] EODHD fetchEodhdEodDaily {"symbol":"PYPL.US","closeMode":"adjusted"}
[FINSEPA_PROVIDER_TRACE] EODHD fetchEodhdEodDaily {"symbol":"RACE.US","closeMode":"adjusted"}
[FINSEPA_PROVIDER_TRACE] EODHD fetchEodhdEodDaily {"symbol":"V.US","closeMode":"adjusted"}
[FINSEPA_PROVIDER_TRACE] EODHD fetchEodhdEodDaily {"symbol":"AMZN.US","closeMode":"adjusted"}
[FINSEPA_PROVIDER_TRACE] EODHD fetchEodhdEodDaily {"symbol":"EL.US","closeMode":"adjusted"}
[FINSEPA_PROVIDER_TRACE] EODHD fetchEodhdEodDaily {"symbol":"GOOGL.US","closeMode":"adjusted"}
[FINSEPA_PROVIDER_TRACE] EODHD fetchEodhdEodDaily {"symbol":"META.US","closeMode":"adjusted"}
[FINSEPA_PROVIDER_TRACE] EODHD fetchEodhdEodDaily {"symbol":"NFLX.US","closeMode":"adjusted"}
[FINSEPA_PROVIDER_TRACE] EODHD fetchEodhdEodDaily {"symbol":"PYPL.US","closeMode":"adjusted"}
[FINSEPA_PROVIDER_TRACE] EODHD fetchEodhdEodDaily {"symbol":"ADBE.US","closeMode":"adjusted"}
[FINSEPA_PROVIDER_TRACE] EODHD fetchEodhdEodDaily {"symbol":"V.US","closeMode":"adjusted"}
[FINSEPA_PROVIDER_TRACE] EODHD fetchEodhdEodDaily {"symbol":"NKE.US","closeMode":"adjusted"}
[FINSEPA_PROVIDER_TRACE] EODHD fetchEodhdEodDaily {"symbol":"DPZ.US","closeMode":"adjusted"}
[FINSEPA_PROVIDER_TRACE] EODHD fetchEodhdEodDaily {"symbol":"SBUX.US","closeMode":"adjusted"}
[FINSEPA_PROVIDER_TRACE] EODHD fetchEodhdEodDaily {"symbol":"PEP.US","closeMode":"adjusted"}
[FINSEPA_PROVIDER_TRACE] EODHD fetchEodhdEodDaily {"symbol":"VZ.US","closeMode":"adjusted"}
[FINSEPA_PROVIDER_TRACE] EODHD fetchEodhdEodDaily {"symbol":"DIS.US","closeMode":"adjusted"}
[FINSEPA_PROVIDER_TRACE] EODHD fetchEodhdEodDaily {"symbol":"WBD.US","closeMode":"adjusted"}
[FINSEPA_PROVIDER_TRACE] EODHD fetchEodhdEodDaily {"symbol":"MSFT.US","closeMode":"adjusted"}
[FINSEPA_PROVIDER_TRACE] EODHD fetchEodhdEodDaily {"symbol":"MCO.US","closeMode":"adjusted"}
[FINSEPA_PROVIDER_TRACE] EODHD fetchEodhdEodDaily {"symbol":"AAPL.US","closeMode":"adjusted"}
[FINSEPA_PROVIDER_TRACE] EODHD fetchEodhdEodDaily {"symbol":"RACE.US","closeMode":"adjusted"}
[FINSEPA_PROVIDER_TRACE] EODHD fetchEodhdEodDaily {"symbol":"AAL.US","closeMode":"adjusted"}
[FINSEPA_PROVIDER_TRACE] EODHD fetchEodhdEodDaily {"symbol":"WISH.US","closeMode":"adjusted"}
[FINSEPA_PROVIDER_TRACE] EODHD fetchEodhdEodDaily {"symbol":"NNOX.US","closeMode":"adjusted"}
[FINSEPA_PROVIDER_TRACE] EODHD fetchEodhdEodDaily {"symbol":"SPY.US","closeMode":"adjusted"}
[FINSEPA_PROVIDER_TRACE] EODHD fetchEodhdFundamentalsJsonUncached {"symbol":"ADBE.US"}
[FINSEPA_PROVIDER_TRACE] EODHD fetchEodhdFundamentalsJsonUncached {"symbol":"EL.US"}
[FINSEPA_PROVIDER_TRACE] EODHD fetchEodhdFundamentalsJsonUncached {"symbol":"NKE.US"}
[FINSEPA_PROVIDER_TRACE] EODHD fetchEodhdEodDaily {"symbol":"WISH.US","closeMode":"adjusted"}
[FINSEPA_PROVIDER_TRACE] EODHD fetchEodhdCryptoDailyBars {"symbol":"BTC-USD.CC"}
[FINSEPA_PROVIDER_TRACE] EODHD fetchEodhdCryptoDailyBars {"symbol":"ETH-USD.CC"}
[FINSEPA_PROVIDER_TRACE] EODHD fetchEodhdFundamentalsJsonUncached {"symbol":"PYPL.US"}
[FINSEPA_PROVIDER_TRACE] EODHD fetchEodhdFundamentalsJsonUncached {"symbol":"V.US"}
[FINSEPA_PROVIDER_TRACE] EODHD fetchEodhdEodDaily {"symbol":"AMZN.US","closeMode":"adjusted"}
[FINSEPA_PROVIDER_TRACE] EODHD fetchEodhdEodDaily {"symbol":"EL.US","closeMode":"adjusted"}
[FINSEPA_PROVIDER_TRACE] EODHD fetchEodhdEodDaily {"symbol":"GOOGL.US","closeMode":"adjusted"}
[FINSEPA_PROVIDER_TRACE] EODHD fetchEodhdEodDaily {"symbol":"META.US","closeMode":"adjusted"}
[FINSEPA_PROVIDER_TRACE] EODHD fetchEodhdEodDaily {"symbol":"NFLX.US","closeMode":"adjusted"}
[FINSEPA_PROVIDER_TRACE] EODHD fetchEodhdEodDaily {"symbol":"PYPL.US","closeMode":"adjusted"}
[FINSEPA_PROVIDER_TRACE] EODHD fetchEodhdEodDaily {"symbol":"ADBE.US","closeMode":"adjusted"}
[FINSEPA_PROVIDER_TRACE] EODHD fetchEodhdEodDaily {"symbol":"V.US","closeMode":"adjusted"}
[FINSEPA_PROVIDER_TRACE] EODHD fetchEodhdEodDaily {"symbol":"NKE.US","closeMode":"adjusted"}
[FINSEPA_PROVIDER_TRACE] EODHD fetchEodhdEodDaily {"symbol":"DPZ.US","closeMode":"adjusted"}
[FINSEPA_PROVIDER_TRACE] EODHD fetchEodhdEodDaily {"symbol":"SBUX.US","closeMode":"adjusted"}
[FINSEPA_PROVIDER_TRACE] EODHD fetchEodhdEodDaily {"symbol":"PEP.US","closeMode":"adjusted"}
[FINSEPA_PROVIDER_TRACE] EODHD fetchEodhdEodDaily {"symbol":"VZ.US","closeMode":"adjusted"}
[FINSEPA_PROVIDER_TRACE] EODHD fetchEodhdEodDaily {"symbol":"DIS.US","closeMode":"adjusted"}
[FINSEPA_PROVIDER_TRACE] EODHD fetchEodhdEodDaily {"symbol":"WBD.US","closeMode":"adjusted"}
[FINSEPA_PROVIDER_TRACE] EODHD fetchEodhdEodDaily {"symbol":"MSFT.US","closeMode":"adjusted"}
[FINSEPA_PROVIDER_TRACE] EODHD fetchEodhdEodDaily {"symbol":"MCO.US","closeMode":"adjusted"}
[FINSEPA_PROVIDER_TRACE] EODHD fetchEodhdEodDaily {"symbol":"AAPL.US","closeMode":"adjusted"}
[FINSEPA_PROVIDER_TRACE] EODHD fetchEodhdEodDaily {"symbol":"RACE.US","closeMode":"adjusted"}
[FINSEPA_PROVIDER_TRACE] EODHD fetchEodhdEodDaily {"symbol":"AAL.US","closeMode":"adjusted"}
[FINSEPA_PROVIDER_TRACE] EODHD fetchEodhdEodDaily {"symbol":"WISH.US","closeMode":"adjusted"}
[FINSEPA_PROVIDER_TRACE] EODHD fetchEodhdEodDaily {"symbol":"NNOX.US","closeMode":"adjusted"}
[FINSEPA_PROVIDER_TRACE] EODHD fetchEodhdEodDaily {"symbol":"SPY.US","closeMode":"adjusted"}
[FINSEPA_PROVIDER_TRACE] EODHD fetchEodhdFundamentalsJsonUncached {"symbol":"RACE.US"}
[FINSEPA_PROVIDER_TRACE] EODHD fetchEodhdEodDaily {"symbol":"EL.US","closeMode":"adjusted"}
[FINSEPA_PROVIDER_TRACE] EODHD fetchEodhdEodDaily {"symbol":"AMZN.US","closeMode":"adjusted"}
[FINSEPA_PROVIDER_TRACE] EODHD fetchEodhdEodDaily {"symbol":"GOOGL.US","closeMode":"adjusted"}
[FINSEPA_PROVIDER_TRACE] EODHD fetchEodhdEodDaily {"symbol":"META.US","closeMode":"adjusted"}
[FINSEPA_PROVIDER_TRACE] EODHD fetchEodhdEodDaily {"symbol":"PYPL.US","closeMode":"adjusted"}
[FINSEPA_PROVIDER_TRACE] EODHD fetchEodhdEodDaily {"symbol":"NFLX.US","closeMode":"adjusted"}
[FINSEPA_PROVIDER_TRACE] EODHD fetchEodhdEodDaily {"symbol":"ADBE.US","closeMode":"adjusted"}
[FINSEPA_PROVIDER_TRACE] EODHD fetchEodhdEodDaily {"symbol":"V.US","closeMode":"adjusted"}
[FINSEPA_PROVIDER_TRACE] EODHD fetchEodhdEodDaily {"symbol":"NKE.US","closeMode":"adjusted"}
[FINSEPA_PROVIDER_TRACE] EODHD fetchEodhdEodDaily {"symbol":"DPZ.US","closeMode":"adjusted"}
[FINSEPA_PROVIDER_TRACE] EODHD fetchEodhdEodDaily {"symbol":"SBUX.US","closeMode":"adjusted"}
[FINSEPA_PROVIDER_TRACE] EODHD fetchEodhdEodDaily {"symbol":"PEP.US","closeMode":"adjusted"}
[FINSEPA_PROVIDER_TRACE] EODHD fetchEodhdEodDaily {"symbol":"VZ.US","closeMode":"adjusted"}
[FINSEPA_PROVIDER_TRACE] EODHD fetchEodhdEodDaily {"symbol":"WBD.US","closeMode":"adjusted"}
[FINSEPA_PROVIDER_TRACE] EODHD fetchEodhdEodDaily {"symbol":"MSFT.US","closeMode":"adjusted"}
[FINSEPA_PROVIDER_TRACE] EODHD fetchEodhdEodDaily {"symbol":"AAPL.US","closeMode":"adjusted"}
[FINSEPA_PROVIDER_TRACE] EODHD fetchEodhdEodDaily {"symbol":"DIS.US","closeMode":"adjusted"}
[FINSEPA_PROVIDER_TRACE] EODHD fetchEodhdEodDaily {"symbol":"AAL.US","closeMode":"adjusted"}
[FINSEPA_PROVIDER_TRACE] EODHD fetchEodhdEodDaily {"symbol":"RACE.US","closeMode":"adjusted"}
[FINSEPA_PROVIDER_TRACE] EODHD fetchEodhdEodDaily {"symbol":"NNOX.US","closeMode":"adjusted"}
[FINSEPA_PROVIDER_TRACE] EODHD fetchEodhdEodDaily {"symbol":"MCO.US","closeMode":"adjusted"}
[FINSEPA_PROVIDER_TRACE] EODHD fetchEodhdEodDaily {"symbol":"WISH.US","closeMode":"adjusted"}
[FINSEPA_PROVIDER_TRACE] EODHD fetchEodhdIntraday {"symbol":"AMZN.US"}
[FINSEPA_PROVIDER_TRACE] EODHD fetchEodhdIntraday {"symbol":"EL.US"}
[FINSEPA_PROVIDER_TRACE] EODHD fetchEodhdIntraday {"symbol":"GOOGL.US"}
[FINSEPA_PROVIDER_TRACE] EODHD fetchEodhdIntraday {"symbol":"META.US"}
[FINSEPA_PROVIDER_TRACE] EODHD fetchEodhdIntraday {"symbol":"NFLX.US"}
[FINSEPA_PROVIDER_TRACE] EODHD fetchEodhdIntraday {"symbol":"PYPL.US"}
[FINSEPA_PROVIDER_TRACE] EODHD fetchEodhdIntraday {"symbol":"ADBE.US"}
[FINSEPA_PROVIDER_TRACE] EODHD fetchEodhdIntraday {"symbol":"V.US"}
[FINSEPA_PROVIDER_TRACE] EODHD fetchEodhdIntraday {"symbol":"NKE.US"}
[FINSEPA_PROVIDER_TRACE] EODHD fetchEodhdIntraday {"symbol":"DPZ.US"}
[FINSEPA_PROVIDER_TRACE] EODHD fetchEodhdIntraday {"symbol":"SBUX.US"}
[FINSEPA_PROVIDER_TRACE] EODHD fetchEodhdIntraday {"symbol":"PEP.US"}
[FINSEPA_PROVIDER_TRACE] EODHD fetchEodhdIntraday {"symbol":"VZ.US"}
[FINSEPA_PROVIDER_TRACE] EODHD fetchEodhdIntraday {"symbol":"DIS.US"}
[FINSEPA_PROVIDER_TRACE] EODHD fetchEodhdIntraday {"symbol":"WBD.US"}
[FINSEPA_PROVIDER_TRACE] EODHD fetchEodhdIntraday {"symbol":"MSFT.US"}
[FINSEPA_PROVIDER_TRACE] EODHD fetchEodhdIntraday {"symbol":"MCO.US"}
[FINSEPA_PROVIDER_TRACE] EODHD fetchEodhdIntraday {"symbol":"AAPL.US"}
[FINSEPA_PROVIDER_TRACE] EODHD fetchEodhdIntraday {"symbol":"RACE.US"}
[FINSEPA_PROVIDER_TRACE] EODHD fetchEodhdIntraday {"symbol":"AAL.US"}
[FINSEPA_PROVIDER_TRACE] EODHD fetchEodhdIntraday {"symbol":"WISH.US"}
[FINSEPA_PROVIDER_TRACE] EODHD fetchEodhdIntraday {"symbol":"NNOX.US"}
[portfolio/workspace PUT] ledger warnings {}
[FINSEPA_PROVIDER_TRACE] EODHD fetchEodhdEodDaily {"symbol":"WISH.US","closeMode":"adjusted"}
[eodhd intraday] empty {}
[eodhd intraday] raw provider row sample {}
[eodhd intraday] raw provider row sample {}
[eodhd intraday] raw provider row sample {}
[eodhd intraday] raw provider row sample {}
[eodhd intraday] raw provider row sample {}
[eodhd intraday] raw provider row sample {}
[eodhd intraday] raw provider row sample {}
[eodhd intraday] raw provider row sample {}
[eodhd intraday] raw provider row sample {}
[eodhd intraday] raw provider row sample {}
[eodhd intraday] raw provider row sample {}
[eodhd intraday] raw provider row sample {}
[eodhd intraday] raw provider row sample {}
[eodhd intraday] raw provider row sample {}
[eodhd intraday] raw provider row sample {}
[eodhd intraday] raw provider row sample {}
[eodhd intraday] raw provider row sample {}
[eodhd intraday] raw provider row sample {}
[eodhd intraday] raw provider row sample {}
[eodhd intraday] raw provider row sample {}
[eodhd intraday] raw provider row sample {}
[FINSEPA_PROVIDER_TRACE] EODHD fetchEodhdEodDaily {"symbol":"SPY.US","closeMode":"adjusted"}
[FINSEPA_PROVIDER_TRACE] EODHD fetchEodhdEodDaily {"symbol":"AAPL.US","closeMode":"adjusted"}
[FINSEPA_PROVIDER_TRACE] EODHD fetchEodhdEodDaily {"symbol":"ADBE.US","closeMode":"adjusted"}
[FINSEPA_PROVIDER_TRACE] EODHD fetchEodhdEodDaily {"symbol":"AMZN.US","closeMode":"adjusted"}
[FINSEPA_PROVIDER_TRACE] EODHD fetchEodhdCryptoDailyBars {"symbol":"BTC-USD.CC"}
[FINSEPA_PROVIDER_TRACE] EODHD fetchEodhdCryptoDailyBars {"symbol":"ETH-USD.CC"}
[FINSEPA_PROVIDER_TRACE] EODHD fetchEodhdEodDaily {"symbol":"GOOGL.US","closeMode":"adjusted"}
[FINSEPA_PROVIDER_TRACE] EODHD fetchEodhdEodDaily {"symbol":"IDXX.US","closeMode":"adjusted"}
[FINSEPA_PROVIDER_TRACE] EODHD fetchEodhdEodDaily {"symbol":"MAR.US","closeMode":"adjusted"}
[FINSEPA_PROVIDER_TRACE] EODHD fetchEodhdEodDaily {"symbol":"META.US","closeMode":"adjusted"}
[FINSEPA_PROVIDER_TRACE] EODHD fetchEodhdEodDaily {"symbol":"NFLX.US","closeMode":"adjusted"}
[FINSEPA_PROVIDER_TRACE] EODHD fetchEodhdEodDaily {"symbol":"PYPL.US","closeMode":"adjusted"}
[FINSEPA_PROVIDER_TRACE] EODHD fetchEodhdEodDaily {"symbol":"RACE.US","closeMode":"adjusted"}
[FINSEPA_PROVIDER_TRACE] EODHD fetchEodhdEodDaily {"symbol":"SPGI.US","closeMode":"adjusted"}
[FINSEPA_PROVIDER_TRACE] EODHD fetchEodhdEodDaily {"symbol":"SPOT.US","closeMode":"adjusted"}
[FINSEPA_PROVIDER_TRACE] EODHD fetchEodhdEodDaily {"symbol":"SYK.US","closeMode":"adjusted"}
[FINSEPA_PROVIDER_TRACE] EODHD fetchEodhdEodDaily {"symbol":"V.US","closeMode":"adjusted"}
[FINSEPA_PROVIDER_TRACE] EODHD fetchEodhdEodDaily {"symbol":"SYK.US","closeMode":"adjusted"}
[FINSEPA_PROVIDER_TRACE] EODHD fetchEodhdEodDaily {"symbol":"META.US","closeMode":"adjusted"}
[FINSEPA_PROVIDER_TRACE] EODHD fetchEodhdEodDaily {"symbol":"IDXX.US","closeMode":"adjusted"}
[FINSEPA_PROVIDER_TRACE] EODHD fetchEodhdEodDaily {"symbol":"SPGI.US","closeMode":"adjusted"}
[FINSEPA_PROVIDER_TRACE] EODHD fetchEodhdEodDaily {"symbol":"GOOGL.US","closeMode":"adjusted"}
[FINSEPA_PROVIDER_TRACE] EODHD fetchEodhdEodDaily {"symbol":"NFLX.US","closeMode":"adjusted"}
[FINSEPA_PROVIDER_TRACE] EODHD fetchEodhdEodDaily {"symbol":"RACE.US","closeMode":"adjusted"}
[FINSEPA_PROVIDER_TRACE] EODHD fetchEodhdEodDaily {"symbol":"GLXY.US","closeMode":"adjusted"}
[FINSEPA_PROVIDER_TRACE] EODHD fetchEodhdEodDaily {"symbol":"AMZN.US","closeMode":"adjusted"}
[FINSEPA_PROVIDER_TRACE] EODHD fetchEodhdEodDaily {"symbol":"V.US","closeMode":"adjusted"}
[FINSEPA_PROVIDER_TRACE] EODHD fetchEodhdEodDaily {"symbol":"AAPL.US","closeMode":"adjusted"}
[FINSEPA_PROVIDER_TRACE] EODHD fetchEodhdEodDaily {"symbol":"SPOT.US","closeMode":"adjusted"}
[FINSEPA_PROVIDER_TRACE] EODHD fetchEodhdEodDaily {"symbol":"MAR.US","closeMode":"adjusted"}
[FINSEPA_PROVIDER_TRACE] EODHD fetchEodhdCryptoDailyBars {"symbol":"BTC-USD.CC"}
[FINSEPA_PROVIDER_TRACE] EODHD fetchEodhdCryptoDailyBars {"symbol":"ETH-USD.CC"}
[FINSEPA_PROVIDER_TRACE] EODHD fetchEodhdEodDaily {"symbol":"ADBE.US","closeMode":"adjusted"}
[FINSEPA_PROVIDER_TRACE] EODHD fetchEodhdEodDaily {"symbol":"PYPL.US","closeMode":"adjusted"}
[FINSEPA_PROVIDER_TRACE] EODHD fetchEodhdEodDaily {"symbol":"HOOD.US","closeMode":"adjusted"}
[FINSEPA_PROVIDER_TRACE] EODHD fetchEodhdEodDaily {"symbol":"SPY.US","closeMode":"adjusted"}
[FINSEPA_PROVIDER_TRACE] EODHD fetchEodhdEodDaily {"symbol":"SYK.US","closeMode":"adjusted"}
[FINSEPA_PROVIDER_TRACE] EODHD fetchEodhdEodDaily {"symbol":"IDXX.US","closeMode":"adjusted"}
[FINSEPA_PROVIDER_TRACE] EODHD fetchEodhdEodDaily {"symbol":"GLXY.US","closeMode":"adjusted"}
[FINSEPA_PROVIDER_TRACE] EODHD fetchEodhdEodDaily {"symbol":"SPOT.US","closeMode":"adjusted"}
[FINSEPA_PROVIDER_TRACE] EODHD fetchEodhdEodDaily {"symbol":"MAR.US","closeMode":"adjusted"}
[FINSEPA_PROVIDER_TRACE] EODHD fetchEodhdEodDaily {"symbol":"HOOD.US","closeMode":"adjusted"}
[FINSEPA_PROVIDER_TRACE] EODHD fetchEodhdEodDaily {"symbol":"SPGI.US","closeMode":"adjusted"}
[FINSEPA_PROVIDER_TRACE] EODHD fetchEodhdCryptoDailyBars {"symbol":"BTC-USD.CC"}
[FINSEPA_PROVIDER_TRACE] EODHD fetchEodhdCryptoDailyBars {"symbol":"ETH-USD.CC"}
[portfolio/workspace PUT] ledger warnings {}
[FINSEPA_PROVIDER_TRACE] EODHD fetchEodhdIntraday {"symbol":"SYK.US"}
[FINSEPA_PROVIDER_TRACE] EODHD fetchEodhdIntraday {"symbol":"META.US"}
[FINSEPA_PROVIDER_TRACE] EODHD fetchEodhdIntraday {"symbol":"IDXX.US"}
[FINSEPA_PROVIDER_TRACE] EODHD fetchEodhdIntraday {"symbol":"SPGI.US"}
[FINSEPA_PROVIDER_TRACE] EODHD fetchEodhdIntraday {"symbol":"GOOGL.US"}
[FINSEPA_PROVIDER_TRACE] EODHD fetchEodhdIntraday {"symbol":"NFLX.US"}
[FINSEPA_PROVIDER_TRACE] EODHD fetchEodhdIntraday {"symbol":"RACE.US"}
[FINSEPA_PROVIDER_TRACE] EODHD fetchEodhdIntraday {"symbol":"GLXY.US"}
[FINSEPA_PROVIDER_TRACE] EODHD fetchEodhdIntraday {"symbol":"AMZN.US"}
[FINSEPA_PROVIDER_TRACE] EODHD fetchEodhdIntraday {"symbol":"V.US"}
[FINSEPA_PROVIDER_TRACE] EODHD fetchEodhdIntraday {"symbol":"AAPL.US"}
[FINSEPA_PROVIDER_TRACE] EODHD fetchEodhdIntraday {"symbol":"SPOT.US"}
[FINSEPA_PROVIDER_TRACE] EODHD fetchEodhdIntraday {"symbol":"MAR.US"}
[FINSEPA_PROVIDER_TRACE] EODHD fetchEodhdIntraday {"symbol":"BTC-USD.CC"}
[FINSEPA_PROVIDER_TRACE] EODHD fetchEodhdIntraday {"symbol":"ETH-USD.CC"}
[FINSEPA_PROVIDER_TRACE] EODHD fetchEodhdIntraday {"symbol":"ADBE.US"}
[FINSEPA_PROVIDER_TRACE] EODHD fetchEodhdIntraday {"symbol":"PYPL.US"}
[FINSEPA_PROVIDER_TRACE] EODHD fetchEodhdIntraday {"symbol":"HOOD.US"}
[eodhd intraday] raw provider row sample {}
[eodhd intraday] raw provider row sample {}
[eodhd intraday] raw provider row sample {}
[eodhd intraday] raw provider row sample {}
[eodhd intraday] raw provider row sample {}
[eodhd intraday] raw provider row sample {}
[eodhd intraday] raw provider row sample {}
[eodhd intraday] raw provider row sample {}
[eodhd intraday] raw provider row sample {}
[eodhd intraday] raw provider row sample {}
[eodhd intraday] raw provider row sample {}
[eodhd intraday] raw provider row sample {}
[eodhd intraday] raw provider row sample {}
[eodhd intraday] raw provider row sample {}
[eodhd intraday] raw provider row sample {}
[eodhd intraday] raw provider row sample {}
[eodhd intraday] raw provider row sample {}
[eodhd intraday] raw provider row sample {}
%cDownload the React DevTools for a better development experience: https://react.dev/link/react-devtools font-weight:bold
[FINSEPA_PROVIDER_TRACE] EODHD fetchEodhdIntraday {"symbol":"GOOGL.US"}
[FINSEPA_PROVIDER_TRACE] EODHD fetchEodhdIntraday {"symbol":"GOOGL.US"}
[FINSEPA_PROVIDER_TRACE] EODHD fetchEodhdIntraday {"symbol":"GOOGL.US"}
[header-display-price] GOOGL {"changeAbs":-3.8000000000000114,"changePct":-1.1102670484427077,"chartLoading":false,"price":338.46}
[FINSEPA_PROVIDER_TRACE] EODHD fetchEodhdEodDaily {"symbol":"GOOGL.US","closeMode":"adjusted"}
[watchlist-sync] bootstrap_cache_display
[watchlist-state] state_replace {"activeItemCount":15,"activeSectionCount":8,"caller":"bootstrap","collectionCount":3,"dragMatchesExpectedPosition":null,"dragMatchesOptimistic":null,"dragTicker":null,"dragTickerIndex":null,"dragTickerSection":null,"fromServerSync":false,"itemCount":26,"msSinceDragStart":null,"reason":"cache display before GET","source":"localStorage_bootstrap","ts":"2026-09-08T11:13:44.420Z"}
[watchlist-state] refetch_start {"detail":"GET /api/watchlist","ts":"2026-09-08T11:13:44.421Z"}
[watchlist-enrich] enrichment_load_trigger
[FINSEPA_PROVIDER_TRACE] EODHD fetchEodhdRealtimeSymbolsRaw {"symbolsInRequest":14}
[watchlist-enrich] enrichment_cache_hit (session)
%c[Vercel Web Analytics]%c Debug mode is enabled by default in development. No requests will be sent to the server. color: rgb(120, 120, 120) color: inherit
%c[Vercel Web Analytics]%c Running queued event color: rgb(120, 120, 120) color: inherit pageview {"path":"/stock/GOOGL","route":"/stock/[ticker]"}
%c[Vercel Web Analytics]%c [view] http://localhost:3000/stock/GOOGL?bench=12 color: rgb(120, 120, 120) color: inherit {"dp":"/stock/[ticker]","o":"http://localhost:3000/stock/GOOGL?bench=12","r":"","sdkn":"@vercel/analytics/next","sdkv":"2.0.1","sv":"0.1.3","ts":1788866024738} /_vercel/insights/view
%c[Vercel Speed Insights]%c Debug mode is enabled by default in development. No requests will be sent to the server. color: rgb(120, 120, 120) color: inherit
[FINSEPA_PROVIDER_TRACE] EODHD fetchEodhdFundamentalsJsonUncached {"symbol":"GOOGL.US"}
[eodhd intraday] raw provider row sample {}
[eodhd intraday] raw provider row sample {}
[eodhd intraday] raw provider row sample {}
[live-price] "GOOGL" {}
[price-chart 1D refetch] GOOGL {"firstPointTime":"2026-09-04T13:30:00.000Z","lastPointTime":"2026-09-04T20:00:00.000Z","receivedCount":391,"session":"pre","sessionDate":"2026-09-04"}
[price-chart 1D refetch] GOOGL {"firstPointTime":"2026-09-04T13:30:00.000Z","lastPointTime":"2026-09-04T20:00:00.000Z","receivedCount":391,"session":"pre","sessionDate":"2026-09-04"}
[header-live-spot] GOOGL {"ok":true,"price":338.4926,"quotedAtSec":1788552000}
[portfolio/workspace PUT] ledger warnings {}
[watchlist-state] refetch_response {"collectionCount":3,"detail":"GET /api/watchlist","itemCount":26,"ok":true,"ts":"2026-09-08T11:13:45.638Z"}
[watchlist-sync] bootstrap_server_canonical_adopt
[watchlist-state] state_replace {"activeItemCount":15,"activeSectionCount":8,"caller":"adoptServerCanonical","collectionCount":3,"dragMatchesExpectedPosition":null,"dragMatchesOptimistic":null,"dragTicker":null,"dragTickerIndex":null,"dragTickerSection":null,"fromServerSync":true,"itemCount":26,"msSinceDragStart":null,"reason":"bootstrap GET success","source":"server_refetch","ts":"2026-09-08T11:13:45.639Z"}
[watchlist-state] refetch_start {"detail":"applyFreshServerState","ts":"2026-09-08T11:13:45.644Z"}
[watchlist-state] refetch_start {"detail":"GET /api/watchlist","ts":"2026-09-08T11:13:45.644Z"}
[watchlist-state] refetch_response {"collectionCount":3,"detail":"GET /api/watchlist","itemCount":26,"ok":true,"ts":"2026-09-08T11:13:45.853Z"}
[watchlist-state] refetch_response {"detail":"applyFreshServerState","ok":true,"ts":"2026-09-08T11:13:45.853Z"}
[watchlist-state] state_replace {"activeItemCount":15,"activeSectionCount":8,"caller":"adoptServerCanonical","collectionCount":3,"dragMatchesExpectedPosition":null,"dragMatchesOptimistic":null,"dragTicker":null,"dragTickerIndex":null,"dragTickerSection":null,"fromServerSync":true,"itemCount":26,"msSinceDragStart":null,"reason":"applyFreshServerState","source":"server_refetch","ts":"2026-09-08T11:13:45.853Z"}
[watchlist-sync] bootstrap_cache_display
[watchlist-state] state_replace {"activeItemCount":15,"activeSectionCount":8,"caller":"bootstrap","collectionCount":3,"dragMatchesExpectedPosition":null,"dragMatchesOptimistic":null,"dragTicker":null,"dragTickerIndex":null,"dragTickerSection":null,"fromServerSync":false,"itemCount":26,"msSinceDragStart":null,"reason":"cache display before GET","source":"localStorage_bootstrap","ts":"2026-09-08T11:13:45.855Z"}
[watchlist-state] refetch_start {"detail":"GET /api/watchlist","ts":"2026-09-08T11:13:45.856Z"}
[watchlist-state] refetch_response {"collectionCount":3,"detail":"GET /api/watchlist","itemCount":26,"ok":true,"ts":"2026-09-08T11:13:46.028Z"}
[watchlist-sync] bootstrap_server_canonical_adopt
[watchlist-state] state_replace {"activeItemCount":15,"activeSectionCount":8,"caller":"adoptServerCanonical","collectionCount":3,"dragMatchesExpectedPosition":null,"dragMatchesOptimistic":null,"dragTicker":null,"dragTickerIndex":null,"dragTickerSection":null,"fromServerSync":true,"itemCount":26,"msSinceDragStart":null,"reason":"bootstrap GET success","source":"server_refetch","ts":"2026-09-08T11:13:46.028Z"}
[FINSEPA_PROVIDER_TRACE] EODHD fetchEodhdFundamentalsJsonUncached {"symbol":"GOOGL.US"}
[FINSEPA_PROVIDER_TRACE] EODHD fetchEodhdUsQuoteDelayed {"symbol":"GOOGL.US"}
[FINSEPA_PROVIDER_TRACE] EODHD fetchEodhdCryptoDailyBars {"symbol":"BTC-USD.CC"}
[FINSEPA_PROVIDER_TRACE] EODHD fetchEodhdCryptoDailyBars {"symbol":"ETH-USD.CC"}
[FINSEPA_PROVIDER_TRACE] EODHD fetchEodhdFundamentalsJsonUncached {"symbol":"GOOGL.US"}
[FINSEPA_PROVIDER_TRACE] EODHD fetchEodhdEodDaily {"symbol":"GOOGL.US","closeMode":"adjusted"}
%cDownload the React DevTools for a better development experience: https://react.dev/link/react-devtools font-weight:bold
[FINSEPA_PROVIDER_TRACE] EODHD fetchEodhdRealtimeSymbolsRaw {"symbolsInRequest":15}
A tree hydrated but some attributes of the server rendered HTML didn't match the client properties. This won't be patched up. This can happen if a SSR-ed Client Component used:

- A server/client branch `if (typeof window !== 'undefined')`.
- Variable input such as `Date.now()` or `Math.random()` which changes each time it's called.
- Date formatting in a user's locale which doesn't match the server.
- External changing data without sending a snapshot of it along with the HTML.
- Invalid HTML tag nesting.

It can also happen if the client has a browser extension installed which messes with the HTML before React loaded.

%s%s https://react.dev/link/hydration-mismatch 

  ...
    <ProtectedAppChrome userId="52373158-0..." userInitials="VR" avatarUrl="https://lh..." ...>
      <MobileAssetTopbarProvider>
        <MobilePrimaryNavProvider>
          <MarketsTabHostProvider>
            <StockDetailTabHostProvider>
              <div id="app-shell-..." suppressHydrationWarning={true} className="mobile-doc...">
                <Suspense>
                <Suspense>
                <div suppressHydrationWarning={true} className="fixed inse..." style={{width:"72px"}}>
                  <Sidebar>
                    <aside suppressHydrationWarning={true} className="flex h-ful...">
                      <SidebarChromeHeader>
                        <div ref={{current:null}} suppressHydrationWarning={true} className="relative m...">
                          <LinkComponent href="/screener" aria-label="Finsepa ho..." className="absolute t..." ...>
                            <a
                              aria-label="Finsepa home — Screener"
                              className="absolute top-1/2 h-8 w-8 -translate-y-1/2 rounded-md text-fg outline-none foc..."
                              style={{left:20}}
                              ref={function}
                              onClick={function onClick}
                              onMouseEnter={function onMouseEnter}
                              onTouchStart={function onTouchStart}
                              href="/screener"
-                             data-cursor-ref="e0"
                            >
                      ...
                <div suppressHydrationWarning={true} className="shell-desk..." style={{...}}>
                  <div suppressHydrationWarning={true} className="shell-desk...">
                    <SidebarEdgeCollapseHandle onActiveChange={function bound dispatchSetState}>
                      <div className="pointer-ev..." onMouseEnter={function handleEnter} ...>
                        <button
                          ref={{current:null}}
                          type="button"
                          onClick={function handleClick}
                          aria-expanded={false}
                          aria-label="Expand Menu"
                          className="absolute inset-0 cursor-pointer border-0 bg-transparent p-0 outline-none focus-vi..."
-                         data-cursor-ref="e13"
                        >
                        ...
                    ...
                      <header suppressHydrationWarning={true} className="flex min-w...">
                        <div>
                        ...
                          <TopbarDelayedTooltip label="Search" enabled={true} className="flex min-w...">
                            <div ref={{current:null}} suppressHydrationWarning={true} className="relative m..." ...>
                              <div className="relative w...">
                                <div ref={{current:null}} role="search" data-open="false" className="relative f..." ...>
                                  <span>
                                  <input
                                    ref={{current:null}}
                                    data-topbar-search-input={true}
                                    type="text"
                                    inputMode="search"
                                    tabIndex={-1}
                                    readOnly={true}
                                    value=""
                                    onChange={function onChange}
                                    placeholder="Search..."
                                    className="absolute inset-0 z-[1] h-full w-full min-w-0 cursor-text bg-transparent..."
                                    style={{transitionDuration:"280ms",transitionTimingFunction:"cubic-bezi...",paddingLeft:40, ...}}
                                    autoComplete="off"
                                    autoCorrect="off"
                                    enterKeyHint="search"
                                    role="searchbox"
                                    aria-label="Search"
                                    aria-expanded={false}
                                    aria-controls="topbar-search-results"
                                    aria-autocomplete="list"
-                                   data-cursor-ref="e14"
                                  >
                                  ...
                                ...
                        ...
                          <div ref={{current:null}} suppressHydrationWarning={true} className="relative m..." ...>
                            <div suppressHydrationWarning={true} className="flex h-9 m...">
                              <LinkComponent>
                              <TransactionPortfolioField variant="compact" compactMenuAlign="trailing">
                                <div ref={{current:null}} className="relative f...">
                                  <button
                                    type="button"
                                    onClick={function onClick}
                                    aria-expanded={false}
                                    aria-haspopup="listbox"
                                    aria-label="Portfolio menu"
                                    className="flex h-9 w-9 shrink-0 cursor-pointer items-center justify-center rounde..."
-                                   data-cursor-ref="e18"
                                  >
                    ...
                ...

A tree hydrated but some attributes of the server rendered HTML didn't match the client properties. This won't be patched up. This can happen if a SSR-ed Client Component used:

- A server/client branch `if (typeof window !== 'undefined')`.
- Variable input such as `Date.now()` or `Math.random()` which changes each time it's called.
- Date formatting in a user's locale which doesn't match the server.
- External changing data without sending a snapshot of it along with the HTML.
- Invalid HTML tag nesting.

It can also happen if the client has a browser extension installed which messes with the HTML before React loaded.

%s%s https://react.dev/link/hydration-mismatch 

  ...
    <div id="app-shell-..." suppressHydrationWarning={true} className="mobile-doc...">
      <Suspense>
      <Suspense>
      <div>
      <div suppressHydrationWarning={true} className="shell-desk..." style={{...}}>
        <div suppressHydrationWarning={true} className="shell-desk...">
          <SidebarEdgeCollapseHandle>
          <div>
          <div suppressHydrationWarning={true} className="shell-desk...">
            <main>
            <Suspense fallback={null}>
              <WatchlistRail>
                <div suppressHydrationWarning={true} className="hidden h-f..." style={{width:"300px"}} ...>
                  <div suppressHydrationWarning={true} className="flex h-ful..." style={{width:"300px"}}>
                    <div className="flex shrin...">
                      <WatchlistRailTitleSkeleton>
                      <WatchlistRailFullPageLink>
                        <TopbarDelayedTooltip label="Open full ..." placement="left">
                          <div ref={{current:null}} suppressHydrationWarning={true} className="relative i..." ...>
                            <LinkComponent href="/watchlist" prefetch={false} aria-label="Open full ..." ...>
                              <a
                                aria-label="Open full watchlist"
                                className="flex h-9 w-9 shrink-0 items-center justify-center rounded-[10px] text-fg tr..."
                                ref={function}
                                onClick={function onClick}
                                onMouseEnter={function onMouseEnter}
                                onTouchStart={function onTouchStart}
                                href="/watchlist"
-                               data-cursor-ref="e20"
                              >
                      <WatchlistRailToggle expanded={true} ...>
                        <TopbarDelayedTooltip label="Collapse w..." placement="left">
                          <div ref={{current:null}} suppressHydrationWarning={true} className="relative i..." ...>
                            <button
                              type="button"
                              onClick={function WatchlistRailLayoutProvider.useCallback[toggleCollapsed]}
                              aria-expanded={true}
                              aria-label="Collapse watchlist"
                              className="flex h-9 w-9 shrink-0 items-center justify-center rounded-[10px] text-fg tran..."
-                             data-cursor-ref="e21"
                            >
                    ...
      ...

[browser] "A tree hydrated but some attributes of the server rendered HTML didn't match the client properties. This won't be patched up. This can happen if a SSR-ed Client Component used:\n\n- A server/client branch `if (typeof window !== 'undefined')`.\n- Variable input such as `Date.now()` or `Math.random()` which changes each time it's called.\n- Date formatting in a user's locale which doesn't match the server.\n- External changing data without sending a snapshot of it along with the HTML.\n- Invalid HTML tag nesting.\n\nIt can also happen if the client has a browser extension installed which messes with the HTML before React loaded.\n\nhttps://react.dev/link/hydration-mismatch\n\n  ...\n    <ProtectedAppChrome userId=\"52373158-0...\" userInitials=\"VR\" avatarUrl=\"https://lh...\" ...>\n      <MobileAssetTopbarProvider>\n        <MobilePrimaryNavProvider>\n          <MarketsTabHostProvider>\n            <StockDetailTabHostProvider>\n              <div id=\"app-shell-...\" suppressHydrationWarning={true} className=\"mobile-doc...\">\n                <Suspense>\n                <Suspense>\n                <div suppressHydrationWarning={true} className=\"fixed inse...\" style={{width:\"72px\"}}>\n                  <Sidebar>\n                    <aside suppressHydrationWarning={true} className=\"flex h-ful...\">\n                      <SidebarChromeHeader>\n                        <div ref={{current:null}} suppressHydrationWarning={true} className=\"relative m...\">\n                          <LinkComponent href=\"/screener\" aria-label=\"Finsepa ho...\" className=\"absolute t...\" ...>\n                            <a\n                              aria-label=\"Finsepa home — Screener\"\n                              className=\"absolute top-1/2 h-8 w-8 -translate-y-1/2 rounded-md text-fg outline-none foc...\"\n                              style={{left:20}}\n                              ref={function}\n                              onClick={function onClick}\n                              onMouseEnter={function onMouseEnter}\n                              onTouchStart={function onTouchStart}\n                              href=\"/screener\"\n-                             data-cursor-ref=\"e0\"\n                            >\n                      ...\n                <div suppressHydrationWarning={true} className=\"shell-desk...\" style={{...}}>\n                  <div suppressHydrationWarning={true} className=\"shell-desk...\">\n                    <SidebarEdgeCollapseHandle onActiveChange={function bound dispatchSetState}>\n                      <div className=\"pointer-ev...\" onMouseEnter={function handleEnter} ...>\n                        <button\n                          ref={{current:null}}\n                          type=\"button\"\n                          onClick={function handleClick}\n                          aria-expanded={false}\n                          aria-label=\"Expand Menu\"\n                          className=\"absolute inset-0 cursor-pointer border-0 bg-transparent p-0 outline-none focus-vi...\"\n-                         data-cursor-ref=\"e13\"\n                        >\n                        ...\n                    ...\n                      <header suppressHydrationWarning={true} className=\"flex min-w...\">\n                        <div>\n                        ...\n                          <TopbarDelayedTooltip label=\"Search\" enabled={true} className=\"flex min-w...\">\n                            <div ref={{current:null}} suppressHydrationWarning={true} className=\"relative m...\" ...>\n                              <div className=\"relative w...\">\n                                <div ref={{current:null}} role=\"search\" data-open=\"false\" className=\"relative f...\" ...>\n                                  <span>\n                                  <input\n                                    ref={{current:null}}\n                                    data-topbar-search-input={true}\n                                    type=\"text\"\n                                    inputMode=\"search\"\n                                    tabIndex={-1}\n                                    readOnly={true}\n                                    value=\"\"\n                                    onChange={function onChange}\n                                    placeholder=\"Search...\"\n                                    className=\"absolute inset-0 z-[1] h-full w-full min-w-0 cursor-text bg-transparent...\"\n                                    style={{transitionDuration:\"280ms\",transitionTimingFunction:\"cubic-bezi...\",paddingLeft:40, ...}}\n                                    autoComplete=\"off\"\n                                    autoCorrect=\"off\"\n                                    enterKeyHint=\"search\"\n                                    role=\"searchbox\"\n                                    aria-label=\"Search\"\n                                    aria-expanded={false}\n                                    aria-controls=\"topbar-search-results\"\n                                    aria-autocomplete=\"list\"\n-                                   data-cursor-ref=\"e14\"\n                                  >\n                                  ...\n                                ...\n                        ...\n                          <div ref={{current:null}} suppressHydrationWarning={true} className=\"relative m...\" ...>\n                            <div suppressHydrationWarning={true} className=\"flex h-9 m...\">\n                              <LinkComponent>\n                              <TransactionPortfolioField variant=\"compact\" compactMenuAlign=\"trailing\">\n                                <div ref={{current:null}} className=\"relative f...\">\n                                  <button\n                                    type=\"button\"\n                                    onClick={function onClick}\n                                    aria-expanded={false}\n                                    aria-haspopup=\"listbox\"\n                                    aria-label=\"Portfolio menu\"\n                                    className=\"flex h-9 w-9 shrink-0 cursor-pointer items-center justify-center rounde...\"\n-                                   data-cursor-ref=\"e18\"\n                                  >\n                    ...\n                ...\n" "\n\u001b[31m    at console.error (lib/auth/suppress-stale-auth-console-errors.ts:32:5)\u001b[39m\n  \u001b[90m30 |\u001b[0m   console.error = (...args: unknown[]) => {\n  \u001b[90m31 |\u001b[0m     \u001b[36mif\u001b[0m (args.some(looksLikeStaleAuthConsoleArg)) \u001b[36mreturn\u001b[0m;\n\u001b[31m\u001b[1m>\u001b[0m \u001b[90m32 |\u001b[0m     original(...args);\n  \u001b[90m   |\u001b[0m     \u001b[31m\u001b[1m^\u001b[0m\n  \u001b[90m33 |\u001b[0m   };\n  \u001b[90m34 |\u001b[0m }\n  \u001b[90m35 |\u001b[0m" "\u001b[2m(lib/auth/suppress-stale-auth-console-errors.ts:32:5)\u001b[22m"
A tree hydrated but some attributes of the server rendered HTML didn't match the client properties. This won't be patched up. This can happen if a SSR-ed Client Component used:

- A server/client branch `if (typeof window !== 'undefined')`.
- Variable input such as `Date.now()` or `Math.random()` which changes each time it's called.
- Date formatting in a user's locale which doesn't match the server.
- External changing data without sending a snapshot of it along with the HTML.
- Invalid HTML tag nesting.

It can also happen if the client has a browser extension installed which messes with the HTML before React loaded.

https://react.dev/link/hydration-mismatch

  ...
    <ProtectedAppChrome userId="52373158-0..." userInitials="VR" avatarUrl="https://lh..." ...>
      <MobileAssetTopbarProvider>
        <MobilePrimaryNavProvider>
          <MarketsTabHostProvider>
            <StockDetailTabHostProvider>
              <div id="app-shell-..." suppressHydrationWarning={true} className="mobile-doc...">
                <Suspense>
                <Suspense>
                <div suppressHydrationWarning={true} className="fixed inse..." style={{width:"72px"}}>
                  <Sidebar>
                    <aside suppressHydrationWarning={true} className="flex h-ful...">
                      <SidebarChromeHeader>
                        <div ref={{current:null}} suppressHydrationWarning={true} className="relative m...">
                          <LinkComponent href="/screener" aria-label="Finsepa ho..." className="absolute t..." ...>
                            <a
                              aria-label="Finsepa home — Screener"
                              className="absolute top-1/2 h-8 w-8 -translate-y-1/2 rounded-md text-fg outline-none foc..."
                              style={{left:20}}
                              ref={function}
                              onClick={function onClick}
                              onMouseEnter={function onMouseEnter}
                              onTouchStart={function onTouchStart}
                              href="/screener"
-                             data-cursor-ref="e0"
                            >
                      ...
                <div suppressHydrationWarning={true} className="shell-desk..." style={{...}}>
                  <div suppressHydrationWarning={true} className="shell-desk...">
                    <SidebarEdgeCollapseHandle onActiveChange={function bound dispatchSetState}>
                      <div className="pointer-ev..." onMouseEnter={function handleEnter} ...>
                        <button
                          ref={{current:null}}
                          type="button"
                          onClick={function handleClick}
                          aria-expanded={false}
                          aria-label="Expand Menu"
                          className="absolute inset-0 cursor-pointer border-0 bg-transparent p-0 outline-none focus-vi..."
-                         data-cursor-ref="e13"
                        >
                        ...
                    ...
                      <header suppressHydrationWarning={true} className="flex min-w...">
                        <div>
                        ...
                          <TopbarDelayedTooltip label="Search" enabled={true} className="flex min-w...">
                            <div ref={{current:null}} suppressHydrationWarning={true} className="relative m..." ...>
                              <div className="relative w...">
                                <div ref={{current:null}} role="search" data-open="false" className="relative f..." ...>
                                  <span>
                                  <input
                                    ref={{current:null}}
                                    data-topbar-search-input={true}
                                    type="text"
                                    inputMode="search"
                                    tabIndex={-1}
                                    readOnly={true}
                                    value=""
                                    onChange={function onChange}
                                    placeholder="Search..."
                                    className="absolute inset-0 z-[1] h-full w-full min-w-0 cursor-text bg-transparent..."
                                    style={{transitionDuration:"280ms",transitionTimingFunction:"cubic-bezi...",paddingLeft:40, ...}}
                                    autoComplete="off"
                                    autoCorrect="off"
                                    enterKeyHint="search"
                                    role="searchbox"
                                    aria-label="Search"
                                    aria-expanded={false}
                                    aria-controls="topbar-search-results"
                                    aria-autocomplete="list"
-                                   data-cursor-ref="e14"
                                  >
                                  ...
                                ...
                        ...
                          <div ref={{current:null}} suppressHydrationWarning={true} className="relative m..." ...>
                            <div suppressHydrationWarning={true} className="flex h-9 m...">
                              <LinkComponent>
                              <TransactionPortfolioField variant="compact" compactMenuAlign="trailing">
                                <div ref={{current:null}} className="relative f...">
                                  <button
                                    type="button"
                                    onClick={function onClick}
                                    aria-expanded={false}
                                    aria-haspopup="listbox"
                                    aria-label="Portfolio menu"
                                    className="flex h-9 w-9 shrink-0 cursor-pointer items-center justify-center rounde..."
-                                   data-cursor-ref="e18"
                                  >
                    ...
                ...
 "\n\u001b[31m    at console.error (lib/auth/suppress-stale-auth-console-errors.ts:32:5)\u001b[39m\n  \u001b[90m30 |\u001b[0m   console.error = (...args: unknown[]) => {\n  \u001b[90m31 |\u001b[0m     \u001b[36mif\u001b[0m (args.some(looksLikeStaleAuthConsoleArg)) \u001b[36mreturn\u001b[0m;\n\u001b[31m\u001b[1m>\u001b[0m \u001b[90m32 |\u001b[0m     original(...args);\n  \u001b[90m   |\u001b[0m     \u001b[31m\u001b[1m^\u001b[0m\n  \u001b[90m33 |\u001b[0m   };\n  \u001b[90m34 |\u001b[0m }\n  \u001b[90m35 |\u001b[0m" "\u001b[2m(lib/auth/suppress-stale-auth-console-errors.ts:32:5)\u001b[22m"
[browser] "A tree hydrated but some attributes of the server rendered HTML didn't match the client properties. This won't be patched up. This can happen if a SSR-ed Client Component used:\n\n- A server/client branch `if (typeof window !== 'undefined')`.\n- Variable input such as `Date.now()` or `Math.random()` which changes each time it's called.\n- Date formatting in a user's locale which doesn't match the server.\n- External changing data without sending a snapshot of it along with the HTML.\n- Invalid HTML tag nesting.\n\nIt can also happen if the client has a browser extension installed which messes with the HTML before React loaded.\n\nhttps://react.dev/link/hydration-mismatch\n\n  ...\n    <div id=\"app-shell-...\" suppressHydrationWarning={true} className=\"mobile-doc...\">\n      <Suspense>\n      <Suspense>\n      <div>\n      <div suppressHydrationWarning={true} className=\"shell-desk...\" style={{...}}>\n        <div suppressHydrationWarning={true} className=\"shell-desk...\">\n          <SidebarEdgeCollapseHandle>\n          <div>\n          <div suppressHydrationWarning={true} className=\"shell-desk...\">\n            <main>\n            <Suspense fallback={null}>\n              <WatchlistRail>\n                <div suppressHydrationWarning={true} className=\"hidden h-f...\" style={{width:\"300px\"}} ...>\n                  <div suppressHydrationWarning={true} className=\"flex h-ful...\" style={{width:\"300px\"}}>\n                    <div className=\"flex shrin...\">\n                      <WatchlistRailTitleSkeleton>\n                      <WatchlistRailFullPageLink>\n                        <TopbarDelayedTooltip label=\"Open full ...\" placement=\"left\">\n                          <div ref={{current:null}} suppressHydrationWarning={true} className=\"relative i...\" ...>\n                            <LinkComponent href=\"/watchlist\" prefetch={false} aria-label=\"Open full ...\" ...>\n                              <a\n                                aria-label=\"Open full watchlist\"\n                                className=\"flex h-9 w-9 shrink-0 items-center justify-center rounded-[10px] text-fg tr...\"\n                                ref={function}\n                                onClick={function onClick}\n                                onMouseEnter={function onMouseEnter}\n                                onTouchStart={function onTouchStart}\n                                href=\"/watchlist\"\n-                               data-cursor-ref=\"e20\"\n                              >\n                      <WatchlistRailToggle expanded={true} ...>\n                        <TopbarDelayedTooltip label=\"Collapse w...\" placement=\"left\">\n                          <div ref={{current:null}} suppressHydrationWarning={true} className=\"relative i...\" ...>\n                            <button\n                              type=\"button\"\n                              onClick={function WatchlistRailLayoutProvider.useCallback[toggleCollapsed]}\n                              aria-expanded={true}\n                              aria-label=\"Collapse watchlist\"\n                              className=\"flex h-9 w-9 shrink-0 items-center justify-center rounded-[10px] text-fg tran...\"\n-                             data-cursor-ref=\"e21\"\n                            >\n                    ...\n      ...\n" "\n\u001b[31m    at console.error (lib/auth/suppress-stale-auth-console-errors.ts:32:5)\u001b[39m\n  \u001b[90m30 |\u001b[0m   console.error = (...args: unknown[]) => {\n  \u001b[90m31 |\u001b[0m     \u001b[36mif\u001b[0m (args.some(looksLikeStaleAuthConsoleArg)) \u001b[36mreturn\u001b[0m;\n\u001b[31m\u001b[1m>\u001b[0m \u001b[90m32 |\u001b[0m     original(...args);\n  \u001b[90m   |\u001b[0m     \u001b[31m\u001b[1m^\u001b[0m\n  \u001b[90m33 |\u001b[0m   };\n  \u001b[90m34 |\u001b[0m }\n  \u001b[90m35 |\u001b[0m" "\u001b[2m(lib/auth/suppress-stale-auth-console-errors.ts:32:5)\u001b[22m"
A tree hydrated but some attributes of the server rendered HTML didn't match the client properties. This won't be patched up. This can happen if a SSR-ed Client Component used:

- A server/client branch `if (typeof window !== 'undefined')`.
- Variable input such as `Date.now()` or `Math.random()` which changes each time it's called.
- Date formatting in a user's locale which doesn't match the server.
- External changing data without sending a snapshot of it along with the HTML.
- Invalid HTML tag nesting.

It can also happen if the client has a browser extension installed which messes with the HTML before React loaded.

https://react.dev/link/hydration-mismatch

  ...
    <div id="app-shell-..." suppressHydrationWarning={true} className="mobile-doc...">
      <Suspense>
      <Suspense>
      <div>
      <div suppressHydrationWarning={true} className="shell-desk..." style={{...}}>
        <div suppressHydrationWarning={true} className="shell-desk...">
          <SidebarEdgeCollapseHandle>
          <div>
          <div suppressHydrationWarning={true} className="shell-desk...">
            <main>
            <Suspense fallback={null}>
              <WatchlistRail>
                <div suppressHydrationWarning={true} className="hidden h-f..." style={{width:"300px"}} ...>
                  <div suppressHydrationWarning={true} className="flex h-ful..." style={{width:"300px"}}>
                    <div className="flex shrin...">
                      <WatchlistRailTitleSkeleton>
                      <WatchlistRailFullPageLink>
                        <TopbarDelayedTooltip label="Open full ..." placement="left">
                          <div ref={{current:null}} suppressHydrationWarning={true} className="relative i..." ...>
                            <LinkComponent href="/watchlist" prefetch={false} aria-label="Open full ..." ...>
                              <a
                                aria-label="Open full watchlist"
                                className="flex h-9 w-9 shrink-0 items-center justify-center rounded-[10px] text-fg tr..."
                                ref={function}
                                onClick={function onClick}
                                onMouseEnter={function onMouseEnter}
                                onTouchStart={function onTouchStart}
                                href="/watchlist"
-                               data-cursor-ref="e20"
                              >
                      <WatchlistRailToggle expanded={true} ...>
                        <TopbarDelayedTooltip label="Collapse w..." placement="left">
                          <div ref={{current:null}} suppressHydrationWarning={true} className="relative i..." ...>
                            <button
                              type="button"
                              onClick={function WatchlistRailLayoutProvider.useCallback[toggleCollapsed]}
                              aria-expanded={true}
                              aria-label="Collapse watchlist"
                              className="flex h-9 w-9 shrink-0 items-center justify-center rounded-[10px] text-fg tran..."
-                             data-cursor-ref="e21"
                            >
                    ...
      ...
 "\n\u001b[31m    at console.error (lib/auth/suppress-stale-auth-console-errors.ts:32:5)\u001b[39m\n  \u001b[90m30 |\u001b[0m   console.error = (...args: unknown[]) => {\n  \u001b[90m31 |\u001b[0m     \u001b[36mif\u001b[0m (args.some(looksLikeStaleAuthConsoleArg)) \u001b[36mreturn\u001b[0m;\n\u001b[31m\u001b[1m>\u001b[0m \u001b[90m32 |\u001b[0m     original(...args);\n  \u001b[90m   |\u001b[0m     \u001b[31m\u001b[1m^\u001b[0m\n  \u001b[90m33 |\u001b[0m   };\n  \u001b[90m34 |\u001b[0m }\n  \u001b[90m35 |\u001b[0m" "\u001b[2m(lib/auth/suppress-stale-auth-console-errors.ts:32:5)\u001b[22m"
[FINSEPA_PROVIDER_TRACE] EODHD fetchEodhdEodDailyBothCloses {"symbol":"AAPL.US"}
[FINSEPA_PROVIDER_TRACE] EODHD fetchEodhdEodDailyBothCloses {"symbol":"ADBE.US"}
[FINSEPA_PROVIDER_TRACE] EODHD fetchEodhdEodDailyBothCloses {"symbol":"AMZN.US"}
[FINSEPA_PROVIDER_TRACE] EODHD fetchEodhdEodDailyBothCloses {"symbol":"GLXY.US"}
[FINSEPA_PROVIDER_TRACE] EODHD fetchEodhdEodDailyBothCloses {"symbol":"GOOGL.US"}
[FINSEPA_PROVIDER_TRACE] EODHD fetchEodhdEodDailyBothCloses {"symbol":"HOOD.US"}
[FINSEPA_PROVIDER_TRACE] EODHD fetchEodhdEodDailyBothCloses {"symbol":"IDXX.US"}
[FINSEPA_PROVIDER_TRACE] EODHD fetchEodhdEodDailyBothCloses {"symbol":"MAR.US"}
[FINSEPA_PROVIDER_TRACE] EODHD fetchEodhdEodDailyBothCloses {"symbol":"META.US"}
[FINSEPA_PROVIDER_TRACE] EODHD fetchEodhdEodDailyBothCloses {"symbol":"NFLX.US"}
[FINSEPA_PROVIDER_TRACE] EODHD fetchEodhdEodDailyBothCloses {"symbol":"PYPL.US"}
[FINSEPA_PROVIDER_TRACE] EODHD fetchEodhdEodDailyBothCloses {"symbol":"RACE.US"}
[FINSEPA_PROVIDER_TRACE] EODHD fetchEodhdEodDailyBothCloses {"symbol":"SPGI.US"}
[FINSEPA_PROVIDER_TRACE] EODHD fetchEodhdEodDailyBothCloses {"symbol":"SPOT.US"}
[FINSEPA_PROVIDER_TRACE] EODHD fetchEodhdEodDailyBothCloses {"symbol":"SYK.US"}
[FINSEPA_PROVIDER_TRACE] EODHD fetchEodhdEodDailyBothCloses {"symbol":"V.US"}
[FINSEPA_PROVIDER_TRACE] EODHD fetchEodhdEodDailyBothCloses {"symbol":"AAL.US"}
[FINSEPA_PROVIDER_TRACE] EODHD fetchEodhdEodDailyBothCloses {"symbol":"AAPL.US"}
[FINSEPA_PROVIDER_TRACE] EODHD fetchEodhdEodDailyBothCloses {"symbol":"ADBE.US"}
[FINSEPA_PROVIDER_TRACE] EODHD fetchEodhdEodDailyBothCloses {"symbol":"AMZN.US"}
[FINSEPA_PROVIDER_TRACE] EODHD fetchEodhdEodDailyBothCloses {"symbol":"DIS.US"}
[FINSEPA_PROVIDER_TRACE] EODHD fetchEodhdEodDailyBothCloses {"symbol":"DPZ.US"}
[FINSEPA_PROVIDER_TRACE] EODHD fetchEodhdEodDailyBothCloses {"symbol":"EL.US"}
[FINSEPA_PROVIDER_TRACE] EODHD fetchEodhdEodDailyBothCloses {"symbol":"GOOGL.US"}
[FINSEPA_PROVIDER_TRACE] EODHD fetchEodhdEodDailyBothCloses {"symbol":"MCO.US"}
[FINSEPA_PROVIDER_TRACE] EODHD fetchEodhdEodDailyBothCloses {"symbol":"META.US"}
[FINSEPA_PROVIDER_TRACE] EODHD fetchEodhdEodDailyBothCloses {"symbol":"MSFT.US"}
[FINSEPA_PROVIDER_TRACE] EODHD fetchEodhdEodDailyBothCloses {"symbol":"NFLX.US"}
[FINSEPA_PROVIDER_TRACE] EODHD fetchEodhdEodDailyBothCloses {"symbol":"NKE.US"}
[FINSEPA_PROVIDER_TRACE] EODHD fetchEodhdEodDailyBothCloses {"symbol":"NNOX.US"}
[FINSEPA_PROVIDER_TRACE] EODHD fetchEodhdEodDailyBothCloses {"symbol":"PEP.US"}
[FINSEPA_PROVIDER_TRACE] EODHD fetchEodhdEodDailyBothCloses {"symbol":"PYPL.US"}
[FINSEPA_PROVIDER_TRACE] EODHD fetchEodhdEodDailyBothCloses {"symbol":"RACE.US"}
[FINSEPA_PROVIDER_TRACE] EODHD fetchEodhdEodDailyBothCloses {"symbol":"SBUX.US"}
[FINSEPA_PROVIDER_TRACE] EODHD fetchEodhdEodDailyBothCloses {"symbol":"V.US"}
[FINSEPA_PROVIDER_TRACE] EODHD fetchEodhdEodDailyBothCloses {"symbol":"VZ.US"}
[FINSEPA_PROVIDER_TRACE] EODHD fetchEodhdEodDailyBothCloses {"symbol":"WBD.US"}
[FINSEPA_PROVIDER_TRACE] EODHD fetchEodhdEodDailyBothCloses {"symbol":"WISH.US"}
[watchlist-sync] bootstrap_cache_display
[watchlist-state] state_replace {"activeItemCount":15,"activeSectionCount":8,"caller":"bootstrap","collectionCount":3,"dragMatchesExpectedPosition":null,"dragMatchesOptimistic":null,"dragTicker":null,"dragTickerIndex":null,"dragTickerSection":null,"fromServerSync":false,"itemCount":26,"msSinceDragStart":null,"reason":"cache display before GET","source":"localStorage_bootstrap","ts":"2026-09-08T11:13:59.340Z"}
[watchlist-state] refetch_start {"detail":"GET /api/watchlist","ts":"2026-09-08T11:13:59.342Z"}
[watchlist-enrich] enrichment_load_trigger
%c[Vercel Web Analytics]%c Debug mode is enabled by default in development. No requests will be sent to the server. color: rgb(120, 120, 120) color: inherit
%c[Vercel Web Analytics]%c Running queued event color: rgb(120, 120, 120) color: inherit pageview {"path":"/portfolio","route":"/portfolio"}
%c[Vercel Web Analytics]%c [view] http://localhost:3000/portfolio?bench=13 color: rgb(120, 120, 120) color: inherit {"dp":"/portfolio","o":"http://localhost:3000/portfolio?bench=13","r":"","sdkn":"@vercel/analytics/next","sdkv":"2.0.1","sv":"0.1.3","ts":1788866039434} /_vercel/insights/view
%c[Vercel Speed Insights]%c Debug mode is enabled by default in development. No requests will be sent to the server. color: rgb(120, 120, 120) color: inherit
[FINSEPA_PROVIDER_TRACE] EODHD fetchEodhdEodDailyBothCloses {"symbol":"AAPL.US"}
[FINSEPA_PROVIDER_TRACE] EODHD fetchEodhdEodDailyBothCloses {"symbol":"COST.US"}
[FINSEPA_PROVIDER_TRACE] EODHD fetchEodhdEodDailyBothCloses {"symbol":"KO.US"}
[FINSEPA_PROVIDER_TRACE] EODHD fetchEodhdEodDailyBothCloses {"symbol":"META.US"}
[FINSEPA_PROVIDER_TRACE] EODHD fetchEodhdEodDailyBothCloses {"symbol":"NFLX.US"}
[FINSEPA_PROVIDER_TRACE] EODHD fetchEodhdEodDailyBothCloses {"symbol":"QQQ.US"}
[FINSEPA_PROVIDER_TRACE] EODHD fetchEodhdEodDailyBothCloses {"symbol":"SPGI.US"}
[FINSEPA_PROVIDER_TRACE] EODHD fetchEodhdEodDailyBothCloses {"symbol":"TSLA.US"}
[FINSEPA_PROVIDER_TRACE] EODHD fetchEodhdEodDailyBothCloses {"symbol":"UBER.US"}
[FINSEPA_PROVIDER_TRACE] EODHD fetchEodhdEodDailyBothCloses {"symbol":"V.US"}
[FINSEPA_PROVIDER_TRACE] EODHD fetchEodhdEodDailyBothCloses {"symbol":"AAPL.US"}
[watchlist-enrich] enrichment_cache_hit (session)
[watchlist-state] refetch_response {"collectionCount":3,"detail":"GET /api/watchlist","itemCount":26,"ok":true,"ts":"2026-09-08T11:14:00.625Z"}
[watchlist-sync] bootstrap_server_canonical_adopt
[watchlist-state] state_replace {"activeItemCount":15,"activeSectionCount":8,"caller":"adoptServerCanonical","collectionCount":3,"dragMatchesExpectedPosition":null,"dragMatchesOptimistic":null,"dragTicker":null,"dragTickerIndex":null,"dragTickerSection":null,"fromServerSync":true,"itemCount":26,"msSinceDragStart":null,"reason":"bootstrap GET success","source":"server_refetch","ts":"2026-09-08T11:14:00.625Z"}
[watchlist-state] refetch_start {"detail":"applyFreshServerState","ts":"2026-09-08T11:14:00.631Z"}
[watchlist-state] refetch_start {"detail":"GET /api/watchlist","ts":"2026-09-08T11:14:00.631Z"}
[portfolio/workspace PUT] ledger warnings {}
[watchlist-state] refetch_response {"collectionCount":3,"detail":"GET /api/watchlist","itemCount":26,"ok":true,"ts":"2026-09-08T11:14:00.797Z"}
[watchlist-state] refetch_response {"detail":"applyFreshServerState","ok":true,"ts":"2026-09-08T11:14:00.797Z"}
[watchlist-state] state_replace {"activeItemCount":15,"activeSectionCount":8,"caller":"adoptServerCanonical","collectionCount":3,"dragMatchesExpectedPosition":null,"dragMatchesOptimistic":null,"dragTicker":null,"dragTickerIndex":null,"dragTickerSection":null,"fromServerSync":true,"itemCount":26,"msSinceDragStart":null,"reason":"applyFreshServerState","source":"server_refetch","ts":"2026-09-08T11:14:00.798Z"}
[watchlist-sync] bootstrap_cache_display
[watchlist-state] state_replace {"activeItemCount":15,"activeSectionCount":8,"caller":"bootstrap","collectionCount":3,"dragMatchesExpectedPosition":null,"dragMatchesOptimistic":null,"dragTicker":null,"dragTickerIndex":null,"dragTickerSection":null,"fromServerSync":false,"itemCount":26,"msSinceDragStart":null,"reason":"cache display before GET","source":"localStorage_bootstrap","ts":"2026-09-08T11:14:00.800Z"}
[watchlist-state] refetch_start {"detail":"GET /api/watchlist","ts":"2026-09-08T11:14:00.800Z"}
[watchlist-state] refetch_response {"collectionCount":3,"detail":"GET /api/watchlist","itemCount":26,"ok":true,"ts":"2026-09-08T11:14:01.011Z"}
[watchlist-sync] bootstrap_server_canonical_adopt
[watchlist-state] state_replace {"activeItemCount":15,"activeSectionCount":8,"caller":"adoptServerCanonical","collectionCount":3,"dragMatchesExpectedPosition":null,"dragMatchesOptimistic":null,"dragTicker":null,"dragTickerIndex":null,"dragTickerSection":null,"fromServerSync":true,"itemCount":26,"msSinceDragStart":null,"reason":"bootstrap GET success","source":"server_refetch","ts":"2026-09-08T11:14:01.011Z"}
[FINSEPA_PROVIDER_TRACE] EODHD fetchEodhdRealtimeSymbolsRaw {"symbolsInRequest":7}
[portfolio/workspace PUT] ledger warnings {}
[portfolio/workspace PUT] ledger warnings {}
[FINSEPA_PROVIDER_TRACE] EODHD fetchEodhdCryptoDailyBars {"symbol":"BTC-USD.CC"}
[FINSEPA_PROVIDER_TRACE] EODHD fetchEodhdCryptoDailyBars {"symbol":"BTC-USD.CC"}
[FINSEPA_PROVIDER_TRACE] EODHD fetchEodhdCryptoDailyBars {"symbol":"ETH-USD.CC"}
[FINSEPA_PROVIDER_TRACE] EODHD fetchEodhdCryptoDailyBars {"symbol":"ETH-USD.CC"}
[FINSEPA_PROVIDER_TRACE] EODHD fetchEodhdCryptoDailyBars {"symbol":"SOL-USD.CC"}
[FINSEPA_PROVIDER_TRACE] EODHD fetchEodhdCryptoDailyBars {"symbol":"BTC-USD.CC"}
[FINSEPA_PROVIDER_TRACE] EODHD fetchEodhdCryptoDailyBars {"symbol":"ETH-USD.CC"}
[FINSEPA_PROVIDER_TRACE] EODHD fetchEodhdCryptoDailyBars {"symbol":"SOL-USD.CC"}
[FINSEPA_PROVIDER_TRACE] EODHD fetchEodhdEodDaily {"symbol":"SYK.US","closeMode":"adjusted"}
[FINSEPA_PROVIDER_TRACE] EODHD fetchEodhdEodDaily {"symbol":"META.US","closeMode":"adjusted"}
[FINSEPA_PROVIDER_TRACE] EODHD fetchEodhdEodDaily {"symbol":"IDXX.US","closeMode":"adjusted"}
[FINSEPA_PROVIDER_TRACE] EODHD fetchEodhdEodDaily {"symbol":"SPGI.US","closeMode":"adjusted"}
[FINSEPA_PROVIDER_TRACE] EODHD fetchEodhdEodDaily {"symbol":"GOOGL.US","closeMode":"adjusted"}
[FINSEPA_PROVIDER_TRACE] EODHD fetchEodhdEodDaily {"symbol":"NFLX.US","closeMode":"adjusted"}
[FINSEPA_PROVIDER_TRACE] EODHD fetchEodhdEodDaily {"symbol":"RACE.US","closeMode":"adjusted"}
[FINSEPA_PROVIDER_TRACE] EODHD fetchEodhdEodDaily {"symbol":"GLXY.US","closeMode":"adjusted"}
[FINSEPA_PROVIDER_TRACE] EODHD fetchEodhdEodDaily {"symbol":"AMZN.US","closeMode":"adjusted"}
[FINSEPA_PROVIDER_TRACE] EODHD fetchEodhdEodDaily {"symbol":"V.US","closeMode":"adjusted"}
[FINSEPA_PROVIDER_TRACE] EODHD fetchEodhdEodDaily {"symbol":"AAPL.US","closeMode":"adjusted"}
[FINSEPA_PROVIDER_TRACE] EODHD fetchEodhdEodDaily {"symbol":"SPOT.US","closeMode":"adjusted"}
[FINSEPA_PROVIDER_TRACE] EODHD fetchEodhdEodDaily {"symbol":"MAR.US","closeMode":"adjusted"}
[FINSEPA_PROVIDER_TRACE] EODHD fetchEodhdCryptoDailyBars {"symbol":"BTC-USD.CC"}
[FINSEPA_PROVIDER_TRACE] EODHD fetchEodhdCryptoDailyBars {"symbol":"ETH-USD.CC"}
[FINSEPA_PROVIDER_TRACE] EODHD fetchEodhdEodDaily {"symbol":"ADBE.US","closeMode":"adjusted"}
[FINSEPA_PROVIDER_TRACE] EODHD fetchEodhdEodDaily {"symbol":"PYPL.US","closeMode":"adjusted"}
[FINSEPA_PROVIDER_TRACE] EODHD fetchEodhdEodDaily {"symbol":"HOOD.US","closeMode":"adjusted"}
[FINSEPA_PROVIDER_TRACE] EODHD fetchEodhdEodDaily {"symbol":"SPY.US","closeMode":"adjusted"}
[FINSEPA_PROVIDER_TRACE] EODHD fetchEodhdRealtimeSymbolsRaw {"symbolsInRequest":14}
[FINSEPA_PROVIDER_TRACE] EODHD fetchEodhdIntraday {"symbol":"SYK.US"}
[FINSEPA_PROVIDER_TRACE] EODHD fetchEodhdIntraday {"symbol":"META.US"}
[FINSEPA_PROVIDER_TRACE] EODHD fetchEodhdIntraday {"symbol":"IDXX.US"}
[FINSEPA_PROVIDER_TRACE] EODHD fetchEodhdIntraday {"symbol":"SPGI.US"}
[FINSEPA_PROVIDER_TRACE] EODHD fetchEodhdIntraday {"symbol":"GOOGL.US"}
[FINSEPA_PROVIDER_TRACE] EODHD fetchEodhdIntraday {"symbol":"NFLX.US"}
[FINSEPA_PROVIDER_TRACE] EODHD fetchEodhdIntraday {"symbol":"RACE.US"}
[FINSEPA_PROVIDER_TRACE] EODHD fetchEodhdIntraday {"symbol":"GLXY.US"}
[FINSEPA_PROVIDER_TRACE] EODHD fetchEodhdIntraday {"symbol":"AMZN.US"}
[FINSEPA_PROVIDER_TRACE] EODHD fetchEodhdIntraday {"symbol":"V.US"}
[FINSEPA_PROVIDER_TRACE] EODHD fetchEodhdIntraday {"symbol":"AAPL.US"}
[FINSEPA_PROVIDER_TRACE] EODHD fetchEodhdIntraday {"symbol":"SPOT.US"}
[FINSEPA_PROVIDER_TRACE] EODHD fetchEodhdIntraday {"symbol":"MAR.US"}
[FINSEPA_PROVIDER_TRACE] EODHD fetchEodhdIntraday {"symbol":"BTC-USD.CC"}
[FINSEPA_PROVIDER_TRACE] EODHD fetchEodhdIntraday {"symbol":"ETH-USD.CC"}
[FINSEPA_PROVIDER_TRACE] EODHD fetchEodhdIntraday {"symbol":"ADBE.US"}
[FINSEPA_PROVIDER_TRACE] EODHD fetchEodhdIntraday {"symbol":"PYPL.US"}
[FINSEPA_PROVIDER_TRACE] EODHD fetchEodhdIntraday {"symbol":"HOOD.US"}
[portfolio/workspace PUT] ledger warnings {}
[eodhd intraday] raw provider row sample {}
[eodhd intraday] raw provider row sample {}
[eodhd intraday] raw provider row sample {}
[eodhd intraday] raw provider row sample {}
[eodhd intraday] raw provider row sample {}
[eodhd intraday] raw provider row sample {}
[eodhd intraday] raw provider row sample {}
[eodhd intraday] raw provider row sample {}
[eodhd intraday] raw provider row sample {}
[eodhd intraday] raw provider row sample {}
[eodhd intraday] raw provider row sample {}
[eodhd intraday] raw provider row sample {}
[eodhd intraday] raw provider row sample {}
[eodhd intraday] raw provider row sample {}
[eodhd intraday] raw provider row sample {}
[eodhd intraday] raw provider row sample {}
[FINSEPA_PROVIDER_TRACE] EODHD fetchEodhdCryptoDailyBars {"symbol":"BTC-USD.CC"}
[FINSEPA_PROVIDER_TRACE] EODHD fetchEodhdCryptoDailyBars {"symbol":"ETH-USD.CC"}
[eodhd intraday] raw provider row sample {}
[eodhd intraday] raw provider row sample {}
[FINSEPA_PROVIDER_TRACE] EODHD fetchEodhdScreenerUncached {"offset":0,"limit":100}
[FINSEPA_PROVIDER_TRACE] EODHD fetchEodhdScreenerUncached {"offset":100,"limit":100}
[FINSEPA_PROVIDER_TRACE] EODHD fetchEodhdScreenerUncached {"offset":200,"limit":100}
[FINSEPA_PROVIDER_TRACE] EODHD fetchEodhdScreenerUncached {"offset":300,"limit":100}
[FINSEPA_PROVIDER_TRACE] EODHD fetchEodhdScreenerUncached {"offset":400,"limit":100}
%cDownload the React DevTools for a better development experience: https://react.dev/link/react-devtools font-weight:bold
[watchlist-sync] bootstrap_cache_display
[watchlist-state] state_replace {"activeItemCount":15,"activeSectionCount":8,"caller":"bootstrap","collectionCount":3,"dragMatchesExpectedPosition":null,"dragMatchesOptimistic":null,"dragTicker":null,"dragTickerIndex":null,"dragTickerSection":null,"fromServerSync":false,"itemCount":26,"msSinceDragStart":null,"reason":"cache display before GET","source":"localStorage_bootstrap","ts":"2026-09-08T11:14:08.050Z"}
[watchlist-state] refetch_start {"detail":"GET /api/watchlist","ts":"2026-09-08T11:14:08.051Z"}
[watchlist-enrich] enrichment_load_trigger
[FINSEPA_PROVIDER_TRACE] EODHD fetchEodhdRealtimeSymbolsRaw {"symbolsInRequest":14}
[watchlist-enrich] enrichment_cache_hit (session)
%c[Vercel Web Analytics]%c Debug mode is enabled by default in development. No requests will be sent to the server. color: rgb(120, 120, 120) color: inherit
%c[Vercel Web Analytics]%c Running queued event color: rgb(120, 120, 120) color: inherit pageview {"path":"/heatmaps","route":"/heatmaps"}
%c[Vercel Web Analytics]%c [view] http://localhost:3000/heatmaps?bench=14 color: rgb(120, 120, 120) color: inherit {"dp":"/heatmaps","o":"http://localhost:3000/heatmaps?bench=14","r":"","sdkn":"@vercel/analytics/next","sdkv":"2.0.1","sv":"0.1.3","ts":1788866048188} /_vercel/insights/view
%c[Vercel Speed Insights]%c Debug mode is enabled by default in development. No requests will be sent to the server. color: rgb(120, 120, 120) color: inherit
[watchlist-state] refetch_response {"collectionCount":3,"detail":"GET /api/watchlist","itemCount":26,"ok":true,"ts":"2026-09-08T11:14:08.358Z"}
[watchlist-sync] bootstrap_server_canonical_adopt
[watchlist-state] state_replace {"activeItemCount":15,"activeSectionCount":8,"caller":"adoptServerCanonical","collectionCount":3,"dragMatchesExpectedPosition":null,"dragMatchesOptimistic":null,"dragTicker":null,"dragTickerIndex":null,"dragTickerSection":null,"fromServerSync":true,"itemCount":26,"msSinceDragStart":null,"reason":"bootstrap GET success","source":"server_refetch","ts":"2026-09-08T11:14:08.358Z"}
[watchlist-state] refetch_start {"detail":"applyFreshServerState","ts":"2026-09-08T11:14:08.363Z"}
[watchlist-state] refetch_start {"detail":"GET /api/watchlist","ts":"2026-09-08T11:14:08.363Z"}
[watchlist-state] refetch_response {"collectionCount":3,"detail":"GET /api/watchlist","itemCount":26,"ok":true,"ts":"2026-09-08T11:14:08.531Z"}
[watchlist-state] refetch_response {"detail":"applyFreshServerState","ok":true,"ts":"2026-09-08T11:14:08.531Z"}
[watchlist-state] state_replace {"activeItemCount":15,"activeSectionCount":8,"caller":"adoptServerCanonical","collectionCount":3,"dragMatchesExpectedPosition":null,"dragMatchesOptimistic":null,"dragTicker":null,"dragTickerIndex":null,"dragTickerSection":null,"fromServerSync":true,"itemCount":26,"msSinceDragStart":null,"reason":"applyFreshServerState","source":"server_refetch","ts":"2026-09-08T11:14:08.531Z"}
[watchlist-sync] bootstrap_cache_display
[watchlist-state] state_replace {"activeItemCount":15,"activeSectionCount":8,"caller":"bootstrap","collectionCount":3,"dragMatchesExpectedPosition":null,"dragMatchesOptimistic":null,"dragTicker":null,"dragTickerIndex":null,"dragTickerSection":null,"fromServerSync":false,"itemCount":26,"msSinceDragStart":null,"reason":"cache display before GET","source":"localStorage_bootstrap","ts":"2026-09-08T11:14:08.533Z"}
[watchlist-state] refetch_start {"detail":"GET /api/watchlist","ts":"2026-09-08T11:14:08.534Z"}
[watchlist-state] refetch_response {"collectionCount":3,"detail":"GET /api/watchlist","itemCount":26,"ok":true,"ts":"2026-09-08T11:14:08.705Z"}
[watchlist-sync] bootstrap_server_canonical_adopt
[watchlist-state] state_replace {"activeItemCount":15,"activeSectionCount":8,"caller":"adoptServerCanonical","collectionCount":3,"dragMatchesExpectedPosition":null,"dragMatchesOptimistic":null,"dragTicker":null,"dragTickerIndex":null,"dragTickerSection":null,"fromServerSync":true,"itemCount":26,"msSinceDragStart":null,"reason":"bootstrap GET success","source":"server_refetch","ts":"2026-09-08T11:14:08.705Z"}
[portfolio/workspace PUT] ledger warnings {}
[FINSEPA_PROVIDER_TRACE] EODHD fetchEodhdCryptoDailyBars {"symbol":"BTC-USD.CC"}
[FINSEPA_PROVIDER_TRACE] EODHD fetchEodhdCryptoDailyBars {"symbol":"ETH-USD.CC"}
%cDownload the React DevTools for a better development experience: https://react.dev/link/react-devtools font-weight:bold
[browser] "A tree hydrated but some attributes of the server rendered HTML didn't match the client properties. This won't be patched up. This can happen if a SSR-ed Client Component used:\n\n- A server/client branch `if (typeof window !== 'undefined')`.\n- Variable input such as `Date.now()` or `Math.random()` which changes each time it's called.\n- Date formatting in a user's locale which doesn't match the server.\n- External changing data without sending a snapshot of it along with the HTML.\n- Invalid HTML tag nesting.\n\nIt can also happen if the client has a browser extension installed which messes with the HTML before React loaded.\n\nhttps://react.dev/link/hydration-mismatch\n\n  ...\n    <ProtectedAppChrome userId=\"52373158-0...\" userInitials=\"VR\" avatarUrl=\"https://lh...\" ...>\n      <MobileAssetTopbarProvider>\n        <MobilePrimaryNavProvider>\n          <MarketsTabHostProvider>\n            <StockDetailTabHostProvider>\n              <div id=\"app-shell-...\" suppressHydrationWarning={true} className=\"mobile-doc...\">\n                <Suspense>\n                <Suspense>\n                <div suppressHydrationWarning={true} className=\"fixed inse...\" style={{width:\"72px\"}}>\n                  <Sidebar>\n                    <aside suppressHydrationWarning={true} className=\"flex h-ful...\">\n                      <SidebarChromeHeader>\n                        <div ref={{current:null}} suppressHydrationWarning={true} className=\"relative m...\">\n                          <LinkComponent href=\"/screener\" aria-label=\"Finsepa ho...\" className=\"absolute t...\" ...>\n                            <a\n                              aria-label=\"Finsepa home — Screener\"\n                              className=\"absolute top-1/2 h-8 w-8 -translate-y-1/2 rounded-md text-fg outline-none foc...\"\n                              style={{left:20}}\n                              ref={function}\n                              onClick={function onClick}\n                              onMouseEnter={function onMouseEnter}\n                              onTouchStart={function onTouchStart}\n                              href=\"/screener\"\n-                             data-cursor-ref=\"e0\"\n                            >\n                      ...\n                <div suppressHydrationWarning={true} className=\"shell-desk...\" style={{...}}>\n                  <div suppressHydrationWarning={true} className=\"shell-desk...\">\n                    <SidebarEdgeCollapseHandle onActiveChange={function bound dispatchSetState}>\n                      <div className=\"pointer-ev...\" onMouseEnter={function handleEnter} ...>\n                        <button\n                          ref={{current:null}}\n                          type=\"button\"\n                          onClick={function handleClick}\n                          aria-expanded={false}\n                          aria-label=\"Expand Menu\"\n                          className=\"absolute inset-0 cursor-pointer border-0 bg-transparent p-0 outline-none focus-vi...\"\n-                         data-cursor-ref=\"e13\"\n                        >\n                        ...\n                    ...\n                      <header suppressHydrationWarning={true} className=\"flex min-w...\">\n                        <div>\n                        ...\n                          <TopbarDelayedTooltip label=\"Search\" enabled={true} className=\"flex min-w...\">\n                            <div ref={{current:null}} suppressHydrationWarning={true} className=\"relative m...\" ...>\n                              <div className=\"relative w...\">\n                                <div ref={{current:null}} role=\"search\" data-open=\"false\" className=\"relative f...\" ...>\n                                  <span>\n                                  <input\n                                    ref={{current:null}}\n                                    data-topbar-search-input={true}\n                                    type=\"text\"\n                                    inputMode=\"search\"\n                                    tabIndex={-1}\n                                    readOnly={true}\n                                    value=\"\"\n                                    onChange={function onChange}\n                                    placeholder=\"Search...\"\n                                    className=\"absolute inset-0 z-[1] h-full w-full min-w-0 cursor-text bg-transparent...\"\n                                    style={{transitionDuration:\"280ms\",transitionTimingFunction:\"cubic-bezi...\",paddingLeft:40, ...}}\n                                    autoComplete=\"off\"\n                                    autoCorrect=\"off\"\n                                    enterKeyHint=\"search\"\n                                    role=\"searchbox\"\n                                    aria-label=\"Search\"\n                                    aria-expanded={false}\n                                    aria-controls=\"topbar-search-results\"\n                                    aria-autocomplete=\"list\"\n-                                   data-cursor-ref=\"e14\"\n                                  >\n                                  ...\n                                ...\n                        ...\n                          <div ref={{current:null}} suppressHydrationWarning={true} className=\"relative m...\" ...>\n                            <div suppressHydrationWarning={true} className=\"flex h-9 m...\">\n                              <LinkComponent>\n                              <TransactionPortfolioField variant=\"compact\" compactMenuAlign=\"trailing\">\n                                <div ref={{current:null}} className=\"relative f...\">\n                                  <button\n                                    type=\"button\"\n                                    onClick={function onClick}\n                                    aria-expanded={false}\n                                    aria-haspopup=\"listbox\"\n                                    aria-label=\"Portfolio menu\"\n                                    className=\"flex h-9 w-9 shrink-0 cursor-pointer items-center justify-center rounde...\"\n-                                   data-cursor-ref=\"e18\"\n                                  >\n                    ...\n                ...\n" "\n\u001b[31m    at console.error (lib/auth/suppress-stale-auth-console-errors.ts:32:5)\u001b[39m\n  \u001b[90m30 |\u001b[0m   console.error = (...args: unknown[]) => {\n  \u001b[90m31 |\u001b[0m     \u001b[36mif\u001b[0m (args.some(looksLikeStaleAuthConsoleArg)) \u001b[36mreturn\u001b[0m;\n\u001b[31m\u001b[1m>\u001b[0m \u001b[90m32 |\u001b[0m     original(...args);\n  \u001b[90m   |\u001b[0m     \u001b[31m\u001b[1m^\u001b[0m\n  \u001b[90m33 |\u001b[0m   };\n  \u001b[90m34 |\u001b[0m }\n  \u001b[90m35 |\u001b[0m" "\u001b[2m(lib/auth/suppress-stale-auth-console-errors.ts:32:5)\u001b[22m"
A tree hydrated but some attributes of the server rendered HTML didn't match the client properties. This won't be patched up. This can happen if a SSR-ed Client Component used:

- A server/client branch `if (typeof window !== 'undefined')`.
- Variable input such as `Date.now()` or `Math.random()` which changes each time it's called.
- Date formatting in a user's locale which doesn't match the server.
- External changing data without sending a snapshot of it along with the HTML.
- Invalid HTML tag nesting.

It can also happen if the client has a browser extension installed which messes with the HTML before React loaded.

https://react.dev/link/hydration-mismatch

  ...
    <ProtectedAppChrome userId="52373158-0..." userInitials="VR" avatarUrl="https://lh..." ...>
      <MobileAssetTopbarProvider>
        <MobilePrimaryNavProvider>
          <MarketsTabHostProvider>
            <StockDetailTabHostProvider>
              <div id="app-shell-..." suppressHydrationWarning={true} className="mobile-doc...">
                <Suspense>
                <Suspense>
                <div suppressHydrationWarning={true} className="fixed inse..." style={{width:"72px"}}>
                  <Sidebar>
                    <aside suppressHydrationWarning={true} className="flex h-ful...">
                      <SidebarChromeHeader>
                        <div ref={{current:null}} suppressHydrationWarning={true} className="relative m...">
                          <LinkComponent href="/screener" aria-label="Finsepa ho..." className="absolute t..." ...>
                            <a
                              aria-label="Finsepa home — Screener"
                              className="absolute top-1/2 h-8 w-8 -translate-y-1/2 rounded-md text-fg outline-none foc..."
                              style={{left:20}}
                              ref={function}
                              onClick={function onClick}
                              onMouseEnter={function onMouseEnter}
                              onTouchStart={function onTouchStart}
                              href="/screener"
-                             data-cursor-ref="e0"
                            >
                      ...
                <div suppressHydrationWarning={true} className="shell-desk..." style={{...}}>
                  <div suppressHydrationWarning={true} className="shell-desk...">
                    <SidebarEdgeCollapseHandle onActiveChange={function bound dispatchSetState}>
                      <div className="pointer-ev..." onMouseEnter={function handleEnter} ...>
                        <button
                          ref={{current:null}}
                          type="button"
                          onClick={function handleClick}
                          aria-expanded={false}
                          aria-label="Expand Menu"
                          className="absolute inset-0 cursor-pointer border-0 bg-transparent p-0 outline-none focus-vi..."
-                         data-cursor-ref="e13"
                        >
                        ...
                    ...
                      <header suppressHydrationWarning={true} className="flex min-w...">
                        <div>
                        ...
                          <TopbarDelayedTooltip label="Search" enabled={true} className="flex min-w...">
                            <div ref={{current:null}} suppressHydrationWarning={true} className="relative m..." ...>
                              <div className="relative w...">
                                <div ref={{current:null}} role="search" data-open="false" className="relative f..." ...>
                                  <span>
                                  <input
                                    ref={{current:null}}
                                    data-topbar-search-input={true}
                                    type="text"
                                    inputMode="search"
                                    tabIndex={-1}
                                    readOnly={true}
                                    value=""
                                    onChange={function onChange}
                                    placeholder="Search..."
                                    className="absolute inset-0 z-[1] h-full w-full min-w-0 cursor-text bg-transparent..."
                                    style={{transitionDuration:"280ms",transitionTimingFunction:"cubic-bezi...",paddingLeft:40, ...}}
                                    autoComplete="off"
                                    autoCorrect="off"
                                    enterKeyHint="search"
                                    role="searchbox"
                                    aria-label="Search"
                                    aria-expanded={false}
                                    aria-controls="topbar-search-results"
                                    aria-autocomplete="list"
-                                   data-cursor-ref="e14"
                                  >
                                  ...
                                ...
                        ...
                          <div ref={{current:null}} suppressHydrationWarning={true} className="relative m..." ...>
                            <div suppressHydrationWarning={true} className="flex h-9 m...">
                              <LinkComponent>
                              <TransactionPortfolioField variant="compact" compactMenuAlign="trailing">
                                <div ref={{current:null}} className="relative f...">
                                  <button
                                    type="button"
                                    onClick={function onClick}
                                    aria-expanded={false}
                                    aria-haspopup="listbox"
                                    aria-label="Portfolio menu"
                                    className="flex h-9 w-9 shrink-0 cursor-pointer items-center justify-center rounde..."
-                                   data-cursor-ref="e18"
                                  >
                    ...
                ...
 "\n\u001b[31m    at console.error (lib/auth/suppress-stale-auth-console-errors.ts:32:5)\u001b[39m\n  \u001b[90m30 |\u001b[0m   console.error = (...args: unknown[]) => {\n  \u001b[90m31 |\u001b[0m     \u001b[36mif\u001b[0m (args.some(looksLikeStaleAuthConsoleArg)) \u001b[36mreturn\u001b[0m;\n\u001b[31m\u001b[1m>\u001b[0m \u001b[90m32 |\u001b[0m     original(...args);\n  \u001b[90m   |\u001b[0m     \u001b[31m\u001b[1m^\u001b[0m\n  \u001b[90m33 |\u001b[0m   };\n  \u001b[90m34 |\u001b[0m }\n  \u001b[90m35 |\u001b[0m" "\u001b[2m(lib/auth/suppress-stale-auth-console-errors.ts:32:5)\u001b[22m"
[browser] "A tree hydrated but some attributes of the server rendered HTML didn't match the client properties. This won't be patched up. This can happen if a SSR-ed Client Component used:\n\n- A server/client branch `if (typeof window !== 'undefined')`.\n- Variable input such as `Date.now()` or `Math.random()` which changes each time it's called.\n- Date formatting in a user's locale which doesn't match the server.\n- External changing data without sending a snapshot of it along with the HTML.\n- Invalid HTML tag nesting.\n\nIt can also happen if the client has a browser extension installed which messes with the HTML before React loaded.\n\nhttps://react.dev/link/hydration-mismatch\n\n  ...\n    <ScrollAndMaybeFocusHandler cacheNode={{rsc:{...}, ...}}>\n      <InnerScrollAndFocusHandlerOld focusAndScrollRef={{scrollRef:null, ...}} cacheNode={{rsc:{...}, ...}}>\n        <ErrorBoundary errorComponent={undefined} errorStyles={undefined} errorScripts={undefined}>\n          <LoadingBoundary name=\"news/\" loading={[...]}>\n            <Suspense name=\"news/\" fallback={<Fragment>}>\n              <HTTPAccessFallbackBoundary notFound={undefined} forbidden={undefined} unauthorized={undefined}>\n                <RedirectBoundary>\n                  <RedirectErrorBoundary router={{...}}>\n                    <InnerLayoutRouter url=\"/news?benc...\" tree={[...]} params={{}} cacheNode={{rsc:{...}, ...}} ...>\n                      <SegmentViewNode type=\"page\" pagePath=\"(protected...\">\n                        <SegmentTrieNode>\n                        <News>\n                          <MarketNewsPage>\n                            <div className=\"min-w-0 px...\">\n                              <div className=\"mb-4 borde...\">\n                                <div className=\"flex min-w...\">\n                                  <LinkComponent>\n                                    <LinkComponent href={\"/news?ta...\"} className={\"relative...\"}>\n                                      <a\n                                        className={\"relative py-2 text-[14px] font-medium leading-6 transition-colors...\"}\n                                        ref={function}\n                                        onClick={function onClick}\n                                        onMouseEnter={function onMouseEnter}\n                                        onTouchStart={function onTouchStart}\n                                        href={\"/news?tab=market&page=1\"}\n-                                       data-cursor-ref=\"e20\"\n                                      >\n+                                       Market\n                                  <LinkComponent>\n                                    <LinkComponent href={\"/news?ta...\"} className=\"relative p...\">\n                                      <a\n                                        className=\"relative py-2 text-[14px] font-medium leading-6 transition-colors d...\"\n                                        ref={function}\n                                        onClick={function onClick}\n                                        onMouseEnter={function onMouseEnter}\n                                        onTouchStart={function onTouchStart}\n                                        href={\"/news?tab=stocks&page=1\"}\n-                                       data-cursor-ref=\"e21\"\n                                      >\n+                                       Stocks\n                                  <LinkComponent>\n                                    <LinkComponent href={\"/news?ta...\"} className=\"relative p...\">\n                                      <a\n                                        className=\"relative py-2 text-[14px] font-medium leading-6 transition-colors d...\"\n                                        ref={function}\n                                        onClick={function onClick}\n                                        onMouseEnter={function onMouseEnter}\n                                        onTouchStart={function onTouchStart}\n                                        href={\"/news?tab=crypto&page=1\"}\n-                                       data-cursor-ref=\"e22\"\n                                      >\n+                                       Crypto\n                              <div className=\"mb-4 flex ...\">\n                                <h1\n                                  className=\"min-w-0 shrink-0 text-[22px] font-semibold leading-8 tracking-tight text-fg\"\n-                                 data-cursor-ref=\"e52\"\n                                >\n+                                 Market\n                                <form className=\"min-w-0 w-...\" action=\"/news\">\n                                  <input>\n                                  <input>\n                                  <div className=\"relative b...\">\n                                    <svg>\n                                    <input\n                                      type=\"search\"\n                                      name=\"q\"\n                                      defaultValue=\"\"\n                                      placeholder=\"Search...\"\n                                      className=\"box-border h-9 min-h-9 max-h-9 shrink-0 border border-field-stroke bg...\"\n                                      aria-label=\"Search news\"\n-                                     data-cursor-ref=\"e23\"\n                                    >\n                              ...\n                                <div ref={{current:null}} className=\"w-full min...\">\n                                  <div className=\"w-full max...\" style={undefined}>\n                                    <div>\n                                    <a\n                                      href=\"https://finance.yahoo.com/healthcare/articles/assessment-rheumatoid-arthri...\"\n                                      target=\"_blank\"\n                                      rel=\"noopener noreferrer\"\n                                      className={\"screener-data-row group/row relative bg-surface max-md:hover:bg-tab...\"}\n                                      aria-label=\"Open article: Assessment of the Rheumatoid Arthritis Market 2026-203...\"\n-                                     data-cursor-ref=\"e24\"\n                                    >\n                                    <a\n                                      href=\"https://finance.yahoo.com/markets/live/stock-market-today-tuesday-septembe...\"\n                                      target=\"_blank\"\n                                      rel=\"noopener noreferrer\"\n                                      className={\"screener-data-row group/row relative bg-surface max-md:hover:bg-tab...\"}\n                                      aria-label={\"Open article: Stock market today: Dow, S&amp;P 500, Nasdaq futures...\"}\n-                                     data-cursor-ref=\"e25\"\n                                    >\n                                    <a\n                                      href=\"https://finance.yahoo.com/healthcare/articles/commercial-assessment-diabet...\"\n                                      target=\"_blank\"\n                                      rel=\"noopener noreferrer\"\n                                      className={\"screener-data-row group/row relative bg-surface max-md:hover:bg-tab...\"}\n                                      aria-label=\"Open article: Commercial Assessment of the Diabetic Nephropathy Mark...\"\n-                                     data-cursor-ref=\"e26\"\n                                    >\n                                    <a\n                                      href={\"https://seekingalpha.com/news/4640632-oura-ipo-robinhood-first-underwrit...\"}\n                                      target=\"_blank\"\n                                      rel=\"noopener noreferrer\"\n                                      className={\"screener-data-row group/row relative bg-surface max-md:hover:bg-tab...\"}\n                                      aria-label=\"Open article: Oura IPO: Robinhood scores its first underwriting gig\"\n-                                     data-cursor-ref=\"e27\"\n                                    >\n                                    <a\n                                      href={\"https://seekingalpha.com/news/4640626-canada-tariffs-take-effect-us-sect...\"}\n                                      target=\"_blank\"\n                                      rel=\"noopener noreferrer\"\n                                      className={\"screener-data-row group/row relative bg-surface max-md:hover:bg-tab...\"}\n                                      aria-label=\"Open article: Canada tariffs take effect: U.S. sectors and stocks to...\"\n-                                     data-cursor-ref=\"e28\"\n                                    >\n                                    <a\n                                      href=\"https://finance.yahoo.com/technology/ai/articles/french-ai-firm-mistral-va...\"\n                                      target=\"_blank\"\n                                      rel=\"noopener noreferrer\"\n                                      className={\"screener-data-row group/row relative bg-surface max-md:hover:bg-tab...\"}\n                                      aria-label=\"Open article: French AI firm Mistral valued at 21 bn euros after lat...\"\n-                                     data-cursor-ref=\"e29\"\n                                    >\n                                    <a\n                                      href=\"https://finance.yahoo.com/technology/articles/hashgraph-group-merck-suppor...\"\n                                      target=\"_blank\"\n                                      rel=\"noopener noreferrer\"\n                                      className={\"screener-data-row group/row relative bg-surface max-md:hover:bg-tab...\"}\n                                      aria-label=\"Open article: The Hashgraph Group and Merck with support from PwC Ge...\"\n-                                     data-cursor-ref=\"e30\"\n                                    >\n                                    <a\n                                      href={\"https://seekingalpha.com/news/4640630-samsung-nvidia-and-blackrock-back-...\"}\n                                      target=\"_blank\"\n                                      rel=\"noopener noreferrer\"\n                                      className={\"screener-data-row group/row relative bg-surface max-md:hover:bg-tab...\"}\n                                      aria-label=\"Open article: Samsung, Nvidia, and BlackRock back Mistral AI in reco...\"\n-                                     data-cursor-ref=\"e31\"\n                                    >\n                                    <a\n                                      href={\"https://seekingalpha.com/news/4640627-totalenergies-to-trim-papua-lng-st...\"}\n                                      target=\"_blank\"\n                                      rel=\"noopener noreferrer\"\n                                      className={\"screener-data-row group/row relative bg-surface max-md:hover:bg-tab...\"}\n                                      aria-label=\"Open article: TotalEnergies to trim Papua LNG stake, hand operatorsh...\"\n-                                     data-cursor-ref=\"e32\"\n                                    >\n                                    <a\n                                      href=\"https://finance.yahoo.com/technology/ai/articles/asml-wins-over-tsmc-samsu...\"\n                                      target=\"_blank\"\n                                      rel=\"noopener noreferrer\"\n                                      className={\"screener-data-row group/row relative bg-surface max-md:hover:bg-tab...\"}\n                                      aria-label=\"Open article: ASML Wins Over TSMC, Samsung for New EUV Machines as A...\"\n-                                     data-cursor-ref=\"e33\"\n                                    >\n                                    <a\n                                      href=\"https://finance.yahoo.com/technology/articles/asml-tsmc-announce-initiativ...\"\n                                      target=\"_blank\"\n                                      rel=\"noopener noreferrer\"\n                                      className={\"screener-data-row group/row relative bg-surface max-md:hover:bg-tab...\"}\n                                      aria-label=\"Open article: ASML and TSMC Announce Initiative to Pioneer Industry ...\"\n-                                     data-cursor-ref=\"e34\"\n                                    >\n                                    <a\n                                      href=\"https://finance.yahoo.com/technology/articles/intel-foundry-asml-collabora...\"\n                                      target=\"_blank\"\n                                      rel=\"noopener noreferrer\"\n                                      className={\"screener-data-row group/row relative bg-surface max-md:hover:bg-tab...\"}\n                                      aria-label=\"Open article: Intel Foundry and ASML Collaborate to Accelerate Indus...\"\n-                                     data-cursor-ref=\"e35\"\n                                    >\n                                    <a\n                                      href=\"https://finance.yahoo.com/markets/world-indices/articles/asian-shares-us-f...\"\n                                      target=\"_blank\"\n                                      rel=\"noopener noreferrer\"\n                                      className={\"screener-data-row group/row relative bg-surface max-md:hover:bg-tab...\"}\n                                      aria-label=\"Open article: Asian shares and US futures are mixed, while oil price...\"\n-                                     data-cursor-ref=\"e36\"\n                                    >\n                                    <a\n                                      href=\"https://finance.yahoo.com/video/mistral-ai-raises-3-billion-050520556.html\"\n                                      target=\"_blank\"\n                                      rel=\"noopener noreferrer\"\n                                      className={\"screener-data-row group/row relative bg-surface max-md:hover:bg-tab...\"}\n                                      aria-label=\"Open article: Mistral AI Raises 3 Billion With Samsung Leading the R...\"\n-                                     data-cursor-ref=\"e37\"\n                                    >\n                                    <a\n                                      href=\"https://finance.yahoo.com/healthcare/articles/novartis-provides-delpacibar...\"\n                                      target=\"_blank\"\n                                      rel=\"noopener noreferrer\"\n                                      className={\"screener-data-row group/row relative bg-surface max-md:hover:bg-tab...\"}\n                                      aria-label=\"Open article: Novartis provides update on delpacibart etedesiran (de...\"\n-                                     data-cursor-ref=\"e38\"\n                                    >\n                              <div className=\"pb-[calc(1...\">\n                                <ScreenerPaginationLinks>\n                                  <nav\n                                    className=\"relative mt-4 w-full min-w-0\"\n                                    aria-label=\"News pages\"\n-                                   data-cursor-ref=\"e53\"\n                                  >\n                                    <div className=\"flex min-h...\">\n                                      <div className=\"pointer-ev...\">\n                                        <LinkComponent>\n                                          <LinkComponent href={\"/news?ta...\"} aria-disabled={true} tabIndex={-1} ...>\n                                            <a\n                                              aria-disabled={true}\n                                              tabIndex={-1}\n                                              className=\"no-underline hover:no-underline pointer-events-none opacity-60\"\n                                              aria-label=\"Previous page\"\n                                              ref={function}\n                                              onClick={function onClick}\n                                              onMouseEnter={function onMouseEnter}\n                                              onTouchStart={function onTouchStart}\n                                              href={\"/news?tab=market&page=1\"}\n-                                             data-cursor-ref=\"e39\"\n                                            >\n                                      <div className=\"pointer-ev...\">\n                                        <LinkComponent>\n                                          <LinkComponent href={\"/news?ta...\"} aria-disabled={false} tabIndex={0} ...>\n                                            <a\n                                              aria-disabled={false}\n                                              tabIndex={0}\n                                              className=\"pointer-events-auto no-underline hover:no-underline\"\n                                              aria-label=\"Next page\"\n                                              ref={function}\n                                              onClick={function onClick}\n                                              onMouseEnter={function onMouseEnter}\n                                              onTouchStart={function onTouchStart}\n                                              href={\"/news?tab=market&page=2\"}\n-                                             data-cursor-ref=\"e40\"\n                                            >\n                                    <div className=\"absolute i...\">\n                                      <div className=\"flex max-w...\">\n                                        <span>\n                                        <LinkComponent>\n                                          <LinkComponent href={\"/news?ta...\"} className=\"tabular-nu...\" ...>\n                                            <a\n                                              className=\"tabular-nums inline-flex h-9 min-w-9 max-w-12 shrink-0 items-...\"\n                                              aria-label=\"Page 2\"\n                                              ref={function}\n                                              onClick={function onClick}\n                                              onMouseEnter={function onMouseEnter}\n                                              onTouchStart={function onTouchStart}\n                                              href={\"/news?tab=market&page=2\"}\n-                                             data-cursor-ref=\"e41\"\n                                            >\n+                                             2\n                                        <span>\n                                        <LinkComponent>\n                                          <LinkComponent href={\"/news?ta...\"} className=\"tabular-nu...\" ...>\n                                            <a\n                                              className=\"tabular-nums inline-flex h-9 min-w-9 max-w-12 shrink-0 items-...\"\n                                              aria-label=\"Page 27\"\n                                              ref={function}\n                                              onClick={function onClick}\n                                              onMouseEnter={function onMouseEnter}\n                                              onTouchStart={function onTouchStart}\n                                              href={\"/news?tab=market&page=27\"}\n-                                             data-cursor-ref=\"e42\"\n                                            >\n+                                             27\n                      ...\n                    ...\n        ...\n" "\n\u001b[31m    at console.error (lib/auth/suppress-stale-auth-console-errors.ts:32:5)\u001b[39m\n  \u001b[90m30 |\u001b[0m   console.error = (...args: unknown[]) => {\n  \u001b[90m31 |\u001b[0m     \u001b[36mif\u001b[0m (args.some(looksLikeStaleAuthConsoleArg)) \u001b[36mreturn\u001b[0m;\n\u001b[31m\u001b[1m>\u001b[0m \u001b[90m32 |\u001b[0m     original(...args);\n  \u001b[90m   |\u001b[0m     \u001b[31m\u001b[1m^\u001b[0m\n  \u001b[90m33 |\u001b[0m   };\n  \u001b[90m34 |\u001b[0m }\n  \u001b[90m35 |\u001b[0m" "\u001b[2m(lib/auth/suppress-stale-auth-console-errors.ts:32:5)\u001b[22m"
A tree hydrated but some attributes of the server rendered HTML didn't match the client properties. This won't be patched up. This can happen if a SSR-ed Client Component used:

- A server/client branch `if (typeof window !== 'undefined')`.
- Variable input such as `Date.now()` or `Math.random()` which changes each time it's called.
- Date formatting in a user's locale which doesn't match the server.
- External changing data without sending a snapshot of it along with the HTML.
- Invalid HTML tag nesting.

It can also happen if the client has a browser extension installed which messes with the HTML before React loaded.

https://react.dev/link/hydration-mismatch

  ...
    <ScrollAndMaybeFocusHandler cacheNode={{rsc:{...}, ...}}>
      <InnerScrollAndFocusHandlerOld focusAndScrollRef={{scrollRef:null, ...}} cacheNode={{rsc:{...}, ...}}>
        <ErrorBoundary errorComponent={undefined} errorStyles={undefined} errorScripts={undefined}>
          <LoadingBoundary name="news/" loading={[...]}>
            <Suspense name="news/" fallback={<Fragment>}>
              <HTTPAccessFallbackBoundary notFound={undefined} forbidden={undefined} unauthorized={undefined}>
                <RedirectBoundary>
                  <RedirectErrorBoundary router={{...}}>
                    <InnerLayoutRouter url="/news?benc..." tree={[...]} params={{}} cacheNode={{rsc:{...}, ...}} ...>
                      <SegmentViewNode type="page" pagePath="(protected...">
                        <SegmentTrieNode>
                        <News>
                          <MarketNewsPage>
                            <div className="min-w-0 px...">
                              <div className="mb-4 borde...">
                                <div className="flex min-w...">
                                  <LinkComponent>
                                    <LinkComponent href={"/news?ta..."} className={"relative..."}>
                                      <a
                                        className={"relative py-2 text-[14px] font-medium leading-6 transition-colors..."}
                                        ref={function}
                                        onClick={function onClick}
                                        onMouseEnter={function onMouseEnter}
                                        onTouchStart={function onTouchStart}
                                        href={"/news?tab=market&page=1"}
-                                       data-cursor-ref="e20"
                                      >
+                                       Market
                                  <LinkComponent>
                                    <LinkComponent href={"/news?ta..."} className="relative p...">
                                      <a
                                        className="relative py-2 text-[14px] font-medium leading-6 transition-colors d..."
                                        ref={function}
                                        onClick={function onClick}
                                        onMouseEnter={function onMouseEnter}
                                        onTouchStart={function onTouchStart}
                                        href={"/news?tab=stocks&page=1"}
-                                       data-cursor-ref="e21"
                                      >
+                                       Stocks
                                  <LinkComponent>
                                    <LinkComponent href={"/news?ta..."} className="relative p...">
                                      <a
                                        className="relative py-2 text-[14px] font-medium leading-6 transition-colors d..."
                                        ref={function}
                                        onClick={function onClick}
                                        onMouseEnter={function onMouseEnter}
                                        onTouchStart={function onTouchStart}
                                        href={"/news?tab=crypto&page=1"}
-                                       data-cursor-ref="e22"
                                      >
+                                       Crypto
                              <div className="mb-4 flex ...">
                                <h1
                                  className="min-w-0 shrink-0 text-[22px] font-semibold leading-8 tracking-tight text-fg"
-                                 data-cursor-ref="e52"
                                >
+                                 Market
                                <form className="min-w-0 w-..." action="/news">
                                  <input>
                                  <input>
                                  <div className="relative b...">
                                    <svg>
                                    <input
                                      type="search"
                                      name="q"
                                      defaultValue=""
                                      placeholder="Search..."
                                      className="box-border h-9 min-h-9 max-h-9 shrink-0 border border-field-stroke bg..."
                                      aria-label="Search news"
-                                     data-cursor-ref="e23"
                                    >
                              ...
                                <div ref={{current:null}} className="w-full min...">
                                  <div className="w-full max..." style={undefined}>
                                    <div>
                                    <a
                                      href="https://finance.yahoo.com/healthcare/articles/assessment-rheumatoid-arthri..."
                                      target="_blank"
                                      rel="noopener noreferrer"
                                      className={"screener-data-row group/row relative bg-surface max-md:hover:bg-tab..."}
                                      aria-label="Open article: Assessment of the Rheumatoid Arthritis Market 2026-203..."
-                                     data-cursor-ref="e24"
                                    >
                                    <a
                                      href="https://finance.yahoo.com/markets/live/stock-market-today-tuesday-septembe..."
                                      target="_blank"
                                      rel="noopener noreferrer"
                                      className={"screener-data-row group/row relative bg-surface max-md:hover:bg-tab..."}
                                      aria-label={"Open article: Stock market today: Dow, S&amp;P 500, Nasdaq futures..."}
-                                     data-cursor-ref="e25"
                                    >
                                    <a
                                      href="https://finance.yahoo.com/healthcare/articles/commercial-assessment-diabet..."
                                      target="_blank"
                                      rel="noopener noreferrer"
                                      className={"screener-data-row group/row relative bg-surface max-md:hover:bg-tab..."}
                                      aria-label="Open article: Commercial Assessment of the Diabetic Nephropathy Mark..."
-                                     data-cursor-ref="e26"
                                    >
                                    <a
                                      href={"https://seekingalpha.com/news/4640632-oura-ipo-robinhood-first-underwrit..."}
                                      target="_blank"
                                      rel="noopener noreferrer"
                                      className={"screener-data-row group/row relative bg-surface max-md:hover:bg-tab..."}
                                      aria-label="Open article: Oura IPO: Robinhood scores its first underwriting gig"
-                                     data-cursor-ref="e27"
                                    >
                                    <a
                                      href={"https://seekingalpha.com/news/4640626-canada-tariffs-take-effect-us-sect..."}
                                      target="_blank"
                                      rel="noopener noreferrer"
                                      className={"screener-data-row group/row relative bg-surface max-md:hover:bg-tab..."}
                                      aria-label="Open article: Canada tariffs take effect: U.S. sectors and stocks to..."
-                                     data-cursor-ref="e28"
                                    >
                                    <a
                                      href="https://finance.yahoo.com/technology/ai/articles/french-ai-firm-mistral-va..."
                                      target="_blank"
                                      rel="noopener noreferrer"
                                      className={"screener-data-row group/row relative bg-surface max-md:hover:bg-tab..."}
                                      aria-label="Open article: French AI firm Mistral valued at 21 bn euros after lat..."
-                                     data-cursor-ref="e29"
                                    >
                                    <a
                                      href="https://finance.yahoo.com/technology/articles/hashgraph-group-merck-suppor..."
                                      target="_blank"
                                      rel="noopener noreferrer"
                                      className={"screener-data-row group/row relative bg-surface max-md:hover:bg-tab..."}
                                      aria-label="Open article: The Hashgraph Group and Merck with support from PwC Ge..."
-                                     data-cursor-ref="e30"
                                    >
                                    <a
                                      href={"https://seekingalpha.com/news/4640630-samsung-nvidia-and-blackrock-back-..."}
                                      target="_blank"
                                      rel="noopener noreferrer"
                                      className={"screener-data-row group/row relative bg-surface max-md:hover:bg-tab..."}
                                      aria-label="Open article: Samsung, Nvidia, and BlackRock back Mistral AI in reco..."
-                                     data-cursor-ref="e31"
                                    >
                                    <a
                                      href={"https://seekingalpha.com/news/4640627-totalenergies-to-trim-papua-lng-st..."}
                                      target="_blank"
                                      rel="noopener noreferrer"
                                      className={"screener-data-row group/row relative bg-surface max-md:hover:bg-tab..."}
                                      aria-label="Open article: TotalEnergies to trim Papua LNG stake, hand operatorsh..."
-                                     data-cursor-ref="e32"
                                    >
                                    <a
                                      href="https://finance.yahoo.com/technology/ai/articles/asml-wins-over-tsmc-samsu..."
                                      target="_blank"
                                      rel="noopener noreferrer"
                                      className={"screener-data-row group/row relative bg-surface max-md:hover:bg-tab..."}
                                      aria-label="Open article: ASML Wins Over TSMC, Samsung for New EUV Machines as A..."
-                                     data-cursor-ref="e33"
                                    >
                                    <a
                                      href="https://finance.yahoo.com/technology/articles/asml-tsmc-announce-initiativ..."
                                      target="_blank"
                                      rel="noopener noreferrer"
                                      className={"screener-data-row group/row relative bg-surface max-md:hover:bg-tab..."}
                                      aria-label="Open article: ASML and TSMC Announce Initiative to Pioneer Industry ..."
-                                     data-cursor-ref="e34"
                                    >
                                    <a
                                      href="https://finance.yahoo.com/technology/articles/intel-foundry-asml-collabora..."
                                      target="_blank"
                                      rel="noopener noreferrer"
                                      className={"screener-data-row group/row relative bg-surface max-md:hover:bg-tab..."}
                                      aria-label="Open article: Intel Foundry and ASML Collaborate to Accelerate Indus..."
-                                     data-cursor-ref="e35"
                                    >
                                    <a
                                      href="https://finance.yahoo.com/markets/world-indices/articles/asian-shares-us-f..."
                                      target="_blank"
                                      rel="noopener noreferrer"
                                      className={"screener-data-row group/row relative bg-surface max-md:hover:bg-tab..."}
                                      aria-label="Open article: Asian shares and US futures are mixed, while oil price..."
-                                     data-cursor-ref="e36"
                                    >
                                    <a
                                      href="https://finance.yahoo.com/video/mistral-ai-raises-3-billion-050520556.html"
                                      target="_blank"
                                      rel="noopener noreferrer"
                                      className={"screener-data-row group/row relative bg-surface max-md:hover:bg-tab..."}
                                      aria-label="Open article: Mistral AI Raises 3 Billion With Samsung Leading the R..."
-                                     data-cursor-ref="e37"
                                    >
                                    <a
                                      href="https://finance.yahoo.com/healthcare/articles/novartis-provides-delpacibar..."
                                      target="_blank"
                                      rel="noopener noreferrer"
                                      className={"screener-data-row group/row relative bg-surface max-md:hover:bg-tab..."}
                                      aria-label="Open article: Novartis provides update on delpacibart etedesiran (de..."
-                                     data-cursor-ref="e38"
                                    >
                              <div className="pb-[calc(1...">
                                <ScreenerPaginationLinks>
                                  <nav
                                    className="relative mt-4 w-full min-w-0"
                                    aria-label="News pages"
-                                   data-cursor-ref="e53"
                                  >
                                    <div className="flex min-h...">
                                      <div className="pointer-ev...">
                                        <LinkComponent>
                                          <LinkComponent href={"/news?ta..."} aria-disabled={true} tabIndex={-1} ...>
                                            <a
                                              aria-disabled={true}
                                              tabIndex={-1}
                                              className="no-underline hover:no-underline pointer-events-none opacity-60"
                                              aria-label="Previous page"
                                              ref={function}
                                              onClick={function onClick}
                                              onMouseEnter={function onMouseEnter}
                                              onTouchStart={function onTouchStart}
                                              href={"/news?tab=market&page=1"}
-                                             data-cursor-ref="e39"
                                            >
                                      <div className="pointer-ev...">
                                        <LinkComponent>
                                          <LinkComponent href={"/news?ta..."} aria-disabled={false} tabIndex={0} ...>
                                            <a
                                              aria-disabled={false}
                                              tabIndex={0}
                                              className="pointer-events-auto no-underline hover:no-underline"
                                              aria-label="Next page"
                                              ref={function}
                                              onClick={function onClick}
                                              onMouseEnter={function onMouseEnter}
                                              onTouchStart={function onTouchStart}
                                              href={"/news?tab=market&page=2"}
-                                             data-cursor-ref="e40"
                                            >
                                    <div className="absolute i...">
                                      <div className="flex max-w...">
                                        <span>
                                        <LinkComponent>
                                          <LinkComponent href={"/news?ta..."} className="tabular-nu..." ...>
                                            <a
                                              className="tabular-nums inline-flex h-9 min-w-9 max-w-12 shrink-0 items-..."
                                              aria-label="Page 2"
                                              ref={function}
                                              onClick={function onClick}
                                              onMouseEnter={function onMouseEnter}
                                              onTouchStart={function onTouchStart}
                                              href={"/news?tab=market&page=2"}
-                                             data-cursor-ref="e41"
                                            >
+                                             2
                                        <span>
                                        <LinkComponent>
                                          <LinkComponent href={"/news?ta..."} className="tabular-nu..." ...>
                                            <a
                                              className="tabular-nums inline-flex h-9 min-w-9 max-w-12 shrink-0 items-..."
                                              aria-label="Page 27"
                                              ref={function}
                                              onClick={function onClick}
                                              onMouseEnter={function onMouseEnter}
                                              onTouchStart={function onTouchStart}
                                              href={"/news?tab=market&page=27"}
-                                             data-cursor-ref="e42"
                                            >
+                                             27
                      ...
                    ...
        ...
 "\n\u001b[31m    at console.error (lib/auth/suppress-stale-auth-console-errors.ts:32:5)\u001b[39m\n  \u001b[90m30 |\u001b[0m   console.error = (...args: unknown[]) => {\n  \u001b[90m31 |\u001b[0m     \u001b[36mif\u001b[0m (args.some(looksLikeStaleAuthConsoleArg)) \u001b[36mreturn\u001b[0m;\n\u001b[31m\u001b[1m>\u001b[0m \u001b[90m32 |\u001b[0m     original(...args);\n  \u001b[90m   |\u001b[0m     \u001b[31m\u001b[1m^\u001b[0m\n  \u001b[90m33 |\u001b[0m   };\n  \u001b[90m34 |\u001b[0m }\n  \u001b[90m35 |\u001b[0m" "\u001b[2m(lib/auth/suppress-stale-auth-console-errors.ts:32:5)\u001b[22m"
[browser] "A tree hydrated but some attributes of the server rendered HTML didn't match the client properties. This won't be patched up. This can happen if a SSR-ed Client Component used:\n\n- A server/client branch `if (typeof window !== 'undefined')`.\n- Variable input such as `Date.now()` or `Math.random()` which changes each time it's called.\n- Date formatting in a user's locale which doesn't match the server.\n- External changing data without sending a snapshot of it along with the HTML.\n- Invalid HTML tag nesting.\n\nIt can also happen if the client has a browser extension installed which messes with the HTML before React loaded.\n\nhttps://react.dev/link/hydration-mismatch\n\n  ...\n    <div id=\"app-shell-...\" suppressHydrationWarning={true} className=\"mobile-doc...\">\n      <Suspense>\n      <Suspense>\n      <div>\n      <div suppressHydrationWarning={true} className=\"shell-desk...\" style={{...}}>\n        <div suppressHydrationWarning={true} className=\"shell-desk...\">\n          <SidebarEdgeCollapseHandle>\n          <div>\n          <div suppressHydrationWarning={true} className=\"shell-desk...\">\n            <main>\n            <Suspense fallback={null}>\n              <WatchlistRail>\n                <div suppressHydrationWarning={true} className=\"hidden h-f...\" style={{width:\"300px\"}} ...>\n                  <div suppressHydrationWarning={true} className=\"flex h-ful...\" style={{width:\"300px\"}}>\n                    <div className=\"flex shrin...\">\n                      <WatchlistRailTitleSkeleton>\n                      <WatchlistRailFullPageLink>\n                        <TopbarDelayedTooltip label=\"Open full ...\" placement=\"left\">\n                          <div ref={{current:null}} suppressHydrationWarning={true} className=\"relative i...\" ...>\n                            <LinkComponent href=\"/watchlist\" prefetch={false} aria-label=\"Open full ...\" ...>\n                              <a\n                                aria-label=\"Open full watchlist\"\n                                className=\"flex h-9 w-9 shrink-0 items-center justify-center rounded-[10px] text-fg tr...\"\n                                ref={function}\n                                onClick={function onClick}\n                                onMouseEnter={function onMouseEnter}\n                                onTouchStart={function onTouchStart}\n                                href=\"/watchlist\"\n-                               data-cursor-ref=\"e43\"\n                              >\n                      <WatchlistRailToggle expanded={true} ...>\n                        <TopbarDelayedTooltip label=\"Collapse w...\" placement=\"left\">\n                          <div ref={{current:null}} suppressHydrationWarning={true} className=\"relative i...\" ...>\n                            <button\n                              type=\"button\"\n                              onClick={function WatchlistRailLayoutProvider.useCallback[toggleCollapsed]}\n                              aria-expanded={true}\n                              aria-label=\"Collapse watchlist\"\n                              className=\"flex h-9 w-9 shrink-0 items-center justify-center rounded-[10px] text-fg tran...\"\n-                             data-cursor-ref=\"e44\"\n                            >\n                    ...\n      ...\n" "\n\u001b[31m    at console.error (lib/auth/suppress-stale-auth-console-errors.ts:32:5)\u001b[39m\n  \u001b[90m30 |\u001b[0m   console.error = (...args: unknown[]) => {\n  \u001b[90m31 |\u001b[0m     \u001b[36mif\u001b[0m (args.some(looksLikeStaleAuthConsoleArg)) \u001b[36mreturn\u001b[0m;\n\u001b[31m\u001b[1m>\u001b[0m \u001b[90m32 |\u001b[0m     original(...args);\n  \u001b[90m   |\u001b[0m     \u001b[31m\u001b[1m^\u001b[0m\n  \u001b[90m33 |\u001b[0m   };\n  \u001b[90m34 |\u001b[0m }\n  \u001b[90m35 |\u001b[0m" "\u001b[2m(lib/auth/suppress-stale-auth-console-errors.ts:32:5)\u001b[22m"
A tree hydrated but some attributes of the server rendered HTML didn't match the client properties. This won't be patched up. This can happen if a SSR-ed Client Component used:

- A server/client branch `if (typeof window !== 'undefined')`.
- Variable input such as `Date.now()` or `Math.random()` which changes each time it's called.
- Date formatting in a user's locale which doesn't match the server.
- External changing data without sending a snapshot of it along with the HTML.
- Invalid HTML tag nesting.

It can also happen if the client has a browser extension installed which messes with the HTML before React loaded.

https://react.dev/link/hydration-mismatch

  ...
    <div id="app-shell-..." suppressHydrationWarning={true} className="mobile-doc...">
      <Suspense>
      <Suspense>
      <div>
      <div suppressHydrationWarning={true} className="shell-desk..." style={{...}}>
        <div suppressHydrationWarning={true} className="shell-desk...">
          <SidebarEdgeCollapseHandle>
          <div>
          <div suppressHydrationWarning={true} className="shell-desk...">
            <main>
            <Suspense fallback={null}>
              <WatchlistRail>
                <div suppressHydrationWarning={true} className="hidden h-f..." style={{width:"300px"}} ...>
                  <div suppressHydrationWarning={true} className="flex h-ful..." style={{width:"300px"}}>
                    <div className="flex shrin...">
                      <WatchlistRailTitleSkeleton>
                      <WatchlistRailFullPageLink>
                        <TopbarDelayedTooltip label="Open full ..." placement="left">
                          <div ref={{current:null}} suppressHydrationWarning={true} className="relative i..." ...>
                            <LinkComponent href="/watchlist" prefetch={false} aria-label="Open full ..." ...>
                              <a
                                aria-label="Open full watchlist"
                                className="flex h-9 w-9 shrink-0 items-center justify-center rounded-[10px] text-fg tr..."
                                ref={function}
                                onClick={function onClick}
                                onMouseEnter={function onMouseEnter}
                                onTouchStart={function onTouchStart}
                                href="/watchlist"
-                               data-cursor-ref="e43"
                              >
                      <WatchlistRailToggle expanded={true} ...>
                        <TopbarDelayedTooltip label="Collapse w..." placement="left">
                          <div ref={{current:null}} suppressHydrationWarning={true} className="relative i..." ...>
                            <button
                              type="button"
                              onClick={function WatchlistRailLayoutProvider.useCallback[toggleCollapsed]}
                              aria-expanded={true}
                              aria-label="Collapse watchlist"
                              className="flex h-9 w-9 shrink-0 items-center justify-center rounded-[10px] text-fg tran..."
-                             data-cursor-ref="e44"
                            >
                    ...
      ...
 "\n\u001b[31m    at console.error (lib/auth/suppress-stale-auth-console-errors.ts:32:5)\u001b[39m\n  \u001b[90m30 |\u001b[0m   console.error = (...args: unknown[]) => {\n  \u001b[90m31 |\u001b[0m     \u001b[36mif\u001b[0m (args.some(looksLikeStaleAuthConsoleArg)) \u001b[36mreturn\u001b[0m;\n\u001b[31m\u001b[1m>\u001b[0m \u001b[90m32 |\u001b[0m     original(...args);\n  \u001b[90m   |\u001b[0m     \u001b[31m\u001b[1m^\u001b[0m\n  \u001b[90m33 |\u001b[0m   };\n  \u001b[90m34 |\u001b[0m }\n  \u001b[90m35 |\u001b[0m" "\u001b[2m(lib/auth/suppress-stale-auth-console-errors.ts:32:5)\u001b[22m"
A tree hydrated but some attributes of the server rendered HTML didn't match the client properties. This won't be patched up. This can happen if a SSR-ed Client Component used:

- A server/client branch `if (typeof window !== 'undefined')`.
- Variable input such as `Date.now()` or `Math.random()` which changes each time it's called.
- Date formatting in a user's locale which doesn't match the server.
- External changing data without sending a snapshot of it along with the HTML.
- Invalid HTML tag nesting.

It can also happen if the client has a browser extension installed which messes with the HTML before React loaded.

%s%s https://react.dev/link/hydration-mismatch 

  ...
    <ProtectedAppChrome userId="52373158-0..." userInitials="VR" avatarUrl="https://lh..." ...>
      <MobileAssetTopbarProvider>
        <MobilePrimaryNavProvider>
          <MarketsTabHostProvider>
            <StockDetailTabHostProvider>
              <div id="app-shell-..." suppressHydrationWarning={true} className="mobile-doc...">
                <Suspense>
                <Suspense>
                <div suppressHydrationWarning={true} className="fixed inse..." style={{width:"72px"}}>
                  <Sidebar>
                    <aside suppressHydrationWarning={true} className="flex h-ful...">
                      <SidebarChromeHeader>
                        <div ref={{current:null}} suppressHydrationWarning={true} className="relative m...">
                          <LinkComponent href="/screener" aria-label="Finsepa ho..." className="absolute t..." ...>
                            <a
                              aria-label="Finsepa home — Screener"
                              className="absolute top-1/2 h-8 w-8 -translate-y-1/2 rounded-md text-fg outline-none foc..."
                              style={{left:20}}
                              ref={function}
                              onClick={function onClick}
                              onMouseEnter={function onMouseEnter}
                              onTouchStart={function onTouchStart}
                              href="/screener"
-                             data-cursor-ref="e0"
                            >
                      ...
                <div suppressHydrationWarning={true} className="shell-desk..." style={{...}}>
                  <div suppressHydrationWarning={true} className="shell-desk...">
                    <SidebarEdgeCollapseHandle onActiveChange={function bound dispatchSetState}>
                      <div className="pointer-ev..." onMouseEnter={function handleEnter} ...>
                        <button
                          ref={{current:null}}
                          type="button"
                          onClick={function handleClick}
                          aria-expanded={false}
                          aria-label="Expand Menu"
                          className="absolute inset-0 cursor-pointer border-0 bg-transparent p-0 outline-none focus-vi..."
-                         data-cursor-ref="e13"
                        >
                        ...
                    ...
                      <header suppressHydrationWarning={true} className="flex min-w...">
                        <div>
                        ...
                          <TopbarDelayedTooltip label="Search" enabled={true} className="flex min-w...">
                            <div ref={{current:null}} suppressHydrationWarning={true} className="relative m..." ...>
                              <div className="relative w...">
                                <div ref={{current:null}} role="search" data-open="false" className="relative f..." ...>
                                  <span>
                                  <input
                                    ref={{current:null}}
                                    data-topbar-search-input={true}
                                    type="text"
                                    inputMode="search"
                                    tabIndex={-1}
                                    readOnly={true}
                                    value=""
                                    onChange={function onChange}
                                    placeholder="Search..."
                                    className="absolute inset-0 z-[1] h-full w-full min-w-0 cursor-text bg-transparent..."
                                    style={{transitionDuration:"280ms",transitionTimingFunction:"cubic-bezi...",paddingLeft:40, ...}}
                                    autoComplete="off"
                                    autoCorrect="off"
                                    enterKeyHint="search"
                                    role="searchbox"
                                    aria-label="Search"
                                    aria-expanded={false}
                                    aria-controls="topbar-search-results"
                                    aria-autocomplete="list"
-                                   data-cursor-ref="e14"
                                  >
                                  ...
                                ...
                        ...
                          <div ref={{current:null}} suppressHydrationWarning={true} className="relative m..." ...>
                            <div suppressHydrationWarning={true} className="flex h-9 m...">
                              <LinkComponent>
                              <TransactionPortfolioField variant="compact" compactMenuAlign="trailing">
                                <div ref={{current:null}} className="relative f...">
                                  <button
                                    type="button"
                                    onClick={function onClick}
                                    aria-expanded={false}
                                    aria-haspopup="listbox"
                                    aria-label="Portfolio menu"
                                    className="flex h-9 w-9 shrink-0 cursor-pointer items-center justify-center rounde..."
-                                   data-cursor-ref="e18"
                                  >
                    ...
                ...

A tree hydrated but some attributes of the server rendered HTML didn't match the client properties. This won't be patched up. This can happen if a SSR-ed Client Component used:

- A server/client branch `if (typeof window !== 'undefined')`.
- Variable input such as `Date.now()` or `Math.random()` which changes each time it's called.
- Date formatting in a user's locale which doesn't match the server.
- External changing data without sending a snapshot of it along with the HTML.
- Invalid HTML tag nesting.

It can also happen if the client has a browser extension installed which messes with the HTML before React loaded.

%s%s https://react.dev/link/hydration-mismatch 

  ...
    <ScrollAndMaybeFocusHandler cacheNode={{rsc:{...}, ...}}>
      <InnerScrollAndFocusHandlerOld focusAndScrollRef={{scrollRef:null, ...}} cacheNode={{rsc:{...}, ...}}>
        <ErrorBoundary errorComponent={undefined} errorStyles={undefined} errorScripts={undefined}>
          <LoadingBoundary name="news/" loading={[...]}>
            <Suspense name="news/" fallback={<Fragment>}>
              <HTTPAccessFallbackBoundary notFound={undefined} forbidden={undefined} unauthorized={undefined}>
                <RedirectBoundary>
                  <RedirectErrorBoundary router={{...}}>
                    <InnerLayoutRouter url="/news?benc..." tree={[...]} params={{}} cacheNode={{rsc:{...}, ...}} ...>
                      <SegmentViewNode type="page" pagePath="(protected...">
                        <SegmentTrieNode>
                        <News>
                          <MarketNewsPage>
                            <div className="min-w-0 px...">
                              <div className="mb-4 borde...">
                                <div className="flex min-w...">
                                  <LinkComponent>
                                    <LinkComponent href={"/news?ta..."} className={"relative..."}>
                                      <a
                                        className={"relative py-2 text-[14px] font-medium leading-6 transition-colors..."}
                                        ref={function}
                                        onClick={function onClick}
                                        onMouseEnter={function onMouseEnter}
                                        onTouchStart={function onTouchStart}
                                        href={"/news?tab=market&page=1"}
-                                       data-cursor-ref="e20"
                                      >
+                                       Market
                                  <LinkComponent>
                                    <LinkComponent href={"/news?ta..."} className="relative p...">
                                      <a
                                        className="relative py-2 text-[14px] font-medium leading-6 transition-colors d..."
                                        ref={function}
                                        onClick={function onClick}
                                        onMouseEnter={function onMouseEnter}
                                        onTouchStart={function onTouchStart}
                                        href={"/news?tab=stocks&page=1"}
-                                       data-cursor-ref="e21"
                                      >
+                                       Stocks
                                  <LinkComponent>
                                    <LinkComponent href={"/news?ta..."} className="relative p...">
                                      <a
                                        className="relative py-2 text-[14px] font-medium leading-6 transition-colors d..."
                                        ref={function}
                                        onClick={function onClick}
                                        onMouseEnter={function onMouseEnter}
                                        onTouchStart={function onTouchStart}
                                        href={"/news?tab=crypto&page=1"}
-                                       data-cursor-ref="e22"
                                      >
+                                       Crypto
                              <div className="mb-4 flex ...">
                                <h1
                                  className="min-w-0 shrink-0 text-[22px] font-semibold leading-8 tracking-tight text-fg"
-                                 data-cursor-ref="e52"
                                >
+                                 Market
                                <form className="min-w-0 w-..." action="/news">
                                  <input>
                                  <input>
                                  <div className="relative b...">
                                    <svg>
                                    <input
                                      type="search"
                                      name="q"
                                      defaultValue=""
                                      placeholder="Search..."
                                      className="box-border h-9 min-h-9 max-h-9 shrink-0 border border-field-stroke bg..."
                                      aria-label="Search news"
-                                     data-cursor-ref="e23"
                                    >
                              ...
                                <div ref={{current:null}} className="w-full min...">
                                  <div className="w-full max..." style={undefined}>
                                    <div>
                                    <a
                                      href="https://finance.yahoo.com/healthcare/articles/assessment-rheumatoid-arthri..."
                                      target="_blank"
                                      rel="noopener noreferrer"
                                      className={"screener-data-row group/row relative bg-surface max-md:hover:bg-tab..."}
                                      aria-label="Open article: Assessment of the Rheumatoid Arthritis Market 2026-203..."
-                                     data-cursor-ref="e24"
                                    >
                                    <a
                                      href="https://finance.yahoo.com/markets/live/stock-market-today-tuesday-septembe..."
                                      target="_blank"
                                      rel="noopener noreferrer"
                                      className={"screener-data-row group/row relative bg-surface max-md:hover:bg-tab..."}
                                      aria-label={"Open article: Stock market today: Dow, S&amp;P 500, Nasdaq futures..."}
-                                     data-cursor-ref="e25"
                                    >
                                    <a
                                      href="https://finance.yahoo.com/healthcare/articles/commercial-assessment-diabet..."
                                      target="_blank"
                                      rel="noopener noreferrer"
                                      className={"screener-data-row group/row relative bg-surface max-md:hover:bg-tab..."}
                                      aria-label="Open article: Commercial Assessment of the Diabetic Nephropathy Mark..."
-                                     data-cursor-ref="e26"
                                    >
                                    <a
                                      href={"https://seekingalpha.com/news/4640632-oura-ipo-robinhood-first-underwrit..."}
                                      target="_blank"
                                      rel="noopener noreferrer"
                                      className={"screener-data-row group/row relative bg-surface max-md:hover:bg-tab..."}
                                      aria-label="Open article: Oura IPO: Robinhood scores its first underwriting gig"
-                                     data-cursor-ref="e27"
                                    >
                                    <a
                                      href={"https://seekingalpha.com/news/4640626-canada-tariffs-take-effect-us-sect..."}
                                      target="_blank"
                                      rel="noopener noreferrer"
                                      className={"screener-data-row group/row relative bg-surface max-md:hover:bg-tab..."}
                                      aria-label="Open article: Canada tariffs take effect: U.S. sectors and stocks to..."
-                                     data-cursor-ref="e28"
                                    >
                                    <a
                                      href="https://finance.yahoo.com/technology/ai/articles/french-ai-firm-mistral-va..."
                                      target="_blank"
                                      rel="noopener noreferrer"
                                      className={"screener-data-row group/row relative bg-surface max-md:hover:bg-tab..."}
                                      aria-label="Open article: French AI firm Mistral valued at 21 bn euros after lat..."
-                                     data-cursor-ref="e29"
                                    >
                                    <a
                                      href="https://finance.yahoo.com/technology/articles/hashgraph-group-merck-suppor..."
                                      target="_blank"
                                      rel="noopener noreferrer"
                                      className={"screener-data-row group/row relative bg-surface max-md:hover:bg-tab..."}
                                      aria-label="Open article: The Hashgraph Group and Merck with support from PwC Ge..."
-                                     data-cursor-ref="e30"
                                    >
                                    <a
                                      href={"https://seekingalpha.com/news/4640630-samsung-nvidia-and-blackrock-back-..."}
                                      target="_blank"
                                      rel="noopener noreferrer"
                                      className={"screener-data-row group/row relative bg-surface max-md:hover:bg-tab..."}
                                      aria-label="Open article: Samsung, Nvidia, and BlackRock back Mistral AI in reco..."
-                                     data-cursor-ref="e31"
                                    >
                                    <a
                                      href={"https://seekingalpha.com/news/4640627-totalenergies-to-trim-papua-lng-st..."}
                                      target="_blank"
                                      rel="noopener noreferrer"
                                      className={"screener-data-row group/row relative bg-surface max-md:hover:bg-tab..."}
                                      aria-label="Open article: TotalEnergies to trim Papua LNG stake, hand operatorsh..."
-                                     data-cursor-ref="e32"
                                    >
                                    <a
                                      href="https://finance.yahoo.com/technology/ai/articles/asml-wins-over-tsmc-samsu..."
                                      target="_blank"
                                      rel="noopener noreferrer"
                                      className={"screener-data-row group/row relative bg-surface max-md:hover:bg-tab..."}
                                      aria-label="Open article: ASML Wins Over TSMC, Samsung for New EUV Machines as A..."
-                                     data-cursor-ref="e33"
                                    >
                                    <a
                                      href="https://finance.yahoo.com/technology/articles/asml-tsmc-announce-initiativ..."
                                      target="_blank"
                                      rel="noopener noreferrer"
                                      className={"screener-data-row group/row relative bg-surface max-md:hover:bg-tab..."}
                                      aria-label="Open article: ASML and TSMC Announce Initiative to Pioneer Industry ..."
-                                     data-cursor-ref="e34"
                                    >
                                    <a
                                      href="https://finance.yahoo.com/technology/articles/intel-foundry-asml-collabora..."
                                      target="_blank"
                                      rel="noopener noreferrer"
                                      className={"screener-data-row group/row relative bg-surface max-md:hover:bg-tab..."}
                                      aria-label="Open article: Intel Foundry and ASML Collaborate to Accelerate Indus..."
-                                     data-cursor-ref="e35"
                                    >
                                    <a
                                      href="https://finance.yahoo.com/markets/world-indices/articles/asian-shares-us-f..."
                                      target="_blank"
                                      rel="noopener noreferrer"
                                      className={"screener-data-row group/row relative bg-surface max-md:hover:bg-tab..."}
                                      aria-label="Open article: Asian shares and US futures are mixed, while oil price..."
-                                     data-cursor-ref="e36"
                                    >
                                    <a
                                      href="https://finance.yahoo.com/video/mistral-ai-raises-3-billion-050520556.html"
                                      target="_blank"
                                      rel="noopener noreferrer"
                                      className={"screener-data-row group/row relative bg-surface max-md:hover:bg-tab..."}
                                      aria-label="Open article: Mistral AI Raises 3 Billion With Samsung Leading the R..."
-                                     data-cursor-ref="e37"
                                    >
                                    <a
                                      href="https://finance.yahoo.com/healthcare/articles/novartis-provides-delpacibar..."
                                      target="_blank"
                                      rel="noopener noreferrer"
                                      className={"screener-data-row group/row relative bg-surface max-md:hover:bg-tab..."}
                                      aria-label="Open article: Novartis provides update on delpacibart etedesiran (de..."
-                                     data-cursor-ref="e38"
                                    >
                              <div className="pb-[calc(1...">
                                <ScreenerPaginationLinks>
                                  <nav
                                    className="relative mt-4 w-full min-w-0"
                                    aria-label="News pages"
-                                   data-cursor-ref="e53"
                                  >
                                    <div className="flex min-h...">
                                      <div className="pointer-ev...">
                                        <LinkComponent>
                                          <LinkComponent href={"/news?ta..."} aria-disabled={true} tabIndex={-1} ...>
                                            <a
                                              aria-disabled={true}
                                              tabIndex={-1}
                                              className="no-underline hover:no-underline pointer-events-none opacity-60"
                                              aria-label="Previous page"
                                              ref={function}
                                              onClick={function onClick}
                                              onMouseEnter={function onMouseEnter}
                                              onTouchStart={function onTouchStart}
                                              href={"/news?tab=market&page=1"}
-                                             data-cursor-ref="e39"
                                            >
                                      <div className="pointer-ev...">
                                        <LinkComponent>
                                          <LinkComponent href={"/news?ta..."} aria-disabled={false} tabIndex={0} ...>
                                            <a
                                              aria-disabled={false}
                                              tabIndex={0}
                                              className="pointer-events-auto no-underline hover:no-underline"
                                              aria-label="Next page"
                                              ref={function}
                                              onClick={function onClick}
                                              onMouseEnter={function onMouseEnter}
                                              onTouchStart={function onTouchStart}
                                              href={"/news?tab=market&page=2"}
-                                             data-cursor-ref="e40"
                                            >
                                    <div className="absolute i...">
                                      <div className="flex max-w...">
                                        <span>
                                        <LinkComponent>
                                          <LinkComponent href={"/news?ta..."} className="tabular-nu..." ...>
                                            <a
                                              className="tabular-nums inline-flex h-9 min-w-9 max-w-12 shrink-0 items-..."
                                              aria-label="Page 2"
                                              ref={function}
                                              onClick={function onClick}
                                              onMouseEnter={function onMouseEnter}
                                              onTouchStart={function onTouchStart}
                                              href={"/news?tab=market&page=2"}
-                                             data-cursor-ref="e41"
                                            >
+                                             2
                                        <span>
                                        <LinkComponent>
                                          <LinkComponent href={"/news?ta..."} className="tabular-nu..." ...>
                                            <a
                                              className="tabular-nums inline-flex h-9 min-w-9 max-w-12 shrink-0 items-..."
                                              aria-label="Page 27"
                                              ref={function}
                                              onClick={function onClick}
                                              onMouseEnter={function onMouseEnter}
                                              onTouchStart={function onTouchStart}
                                              href={"/news?tab=market&page=27"}
-                                             data-cursor-ref="e42"
                                            >
+                                             27
                      ...
                    ...
        ...

A tree hydrated but some attributes of the server rendered HTML didn't match the client properties. This won't be patched up. This can happen if a SSR-ed Client Component used:

- A server/client branch `if (typeof window !== 'undefined')`.
- Variable input such as `Date.now()` or `Math.random()` which changes each time it's called.
- Date formatting in a user's locale which doesn't match the server.
- External changing data without sending a snapshot of it along with the HTML.
- Invalid HTML tag nesting.

It can also happen if the client has a browser extension installed which messes with the HTML before React loaded.

%s%s https://react.dev/link/hydration-mismatch 

  ...
    <div id="app-shell-..." suppressHydrationWarning={true} className="mobile-doc...">
      <Suspense>
      <Suspense>
      <div>
      <div suppressHydrationWarning={true} className="shell-desk..." style={{...}}>
        <div suppressHydrationWarning={true} className="shell-desk...">
          <SidebarEdgeCollapseHandle>
          <div>
          <div suppressHydrationWarning={true} className="shell-desk...">
            <main>
            <Suspense fallback={null}>
              <WatchlistRail>
                <div suppressHydrationWarning={true} className="hidden h-f..." style={{width:"300px"}} ...>
                  <div suppressHydrationWarning={true} className="flex h-ful..." style={{width:"300px"}}>
                    <div className="flex shrin...">
                      <WatchlistRailTitleSkeleton>
                      <WatchlistRailFullPageLink>
                        <TopbarDelayedTooltip label="Open full ..." placement="left">
                          <div ref={{current:null}} suppressHydrationWarning={true} className="relative i..." ...>
                            <LinkComponent href="/watchlist" prefetch={false} aria-label="Open full ..." ...>
                              <a
                                aria-label="Open full watchlist"
                                className="flex h-9 w-9 shrink-0 items-center justify-center rounded-[10px] text-fg tr..."
                                ref={function}
                                onClick={function onClick}
                                onMouseEnter={function onMouseEnter}
                                onTouchStart={function onTouchStart}
                                href="/watchlist"
-                               data-cursor-ref="e43"
                              >
                      <WatchlistRailToggle expanded={true} ...>
                        <TopbarDelayedTooltip label="Collapse w..." placement="left">
                          <div ref={{current:null}} suppressHydrationWarning={true} className="relative i..." ...>
                            <button
                              type="button"
                              onClick={function WatchlistRailLayoutProvider.useCallback[toggleCollapsed]}
                              aria-expanded={true}
                              aria-label="Collapse watchlist"
                              className="flex h-9 w-9 shrink-0 items-center justify-center rounded-[10px] text-fg tran..."
-                             data-cursor-ref="e44"
                            >
                    ...
      ...

[watchlist-sync] bootstrap_cache_display
[watchlist-state] state_replace {"activeItemCount":15,"activeSectionCount":8,"caller":"bootstrap","collectionCount":3,"dragMatchesExpectedPosition":null,"dragMatchesOptimistic":null,"dragTicker":null,"dragTickerIndex":null,"dragTickerSection":null,"fromServerSync":false,"itemCount":26,"msSinceDragStart":null,"reason":"cache display before GET","source":"localStorage_bootstrap","ts":"2026-09-08T11:14:21.728Z"}
[watchlist-state] refetch_start {"detail":"GET /api/watchlist","ts":"2026-09-08T11:14:21.730Z"}
[watchlist-enrich] enrichment_load_trigger
[watchlist-enrich] enrichment_cache_hit (session)
%c[Vercel Web Analytics]%c Debug mode is enabled by default in development. No requests will be sent to the server. color: rgb(120, 120, 120) color: inherit
%c[Vercel Web Analytics]%c Running queued event color: rgb(120, 120, 120) color: inherit pageview {"path":"/news","route":"/news"}
%c[Vercel Web Analytics]%c [view] http://localhost:3000/news?bench=14n color: rgb(120, 120, 120) color: inherit {"dp":"/news","o":"http://localhost:3000/news?bench=14n","r":"","sdkn":"@vercel/analytics/next","sdkv":"2.0.1","sv":"0.1.3","ts":1788866061861} /_vercel/insights/view
%c[Vercel Speed Insights]%c Debug mode is enabled by default in development. No requests will be sent to the server. color: rgb(120, 120, 120) color: inherit
[FINSEPA_PROVIDER_TRACE] EODHD fetchEodhdRealtimeSymbolsRaw {"symbolsInRequest":14}
[watchlist-state] refetch_response {"collectionCount":3,"detail":"GET /api/watchlist","itemCount":26,"ok":true,"ts":"2026-09-08T11:14:22.039Z"}
[watchlist-sync] bootstrap_server_canonical_adopt
[watchlist-state] state_replace {"activeItemCount":15,"activeSectionCount":8,"caller":"adoptServerCanonical","collectionCount":3,"dragMatchesExpectedPosition":null,"dragMatchesOptimistic":null,"dragTicker":null,"dragTickerIndex":null,"dragTickerSection":null,"fromServerSync":true,"itemCount":26,"msSinceDragStart":null,"reason":"bootstrap GET success","source":"server_refetch","ts":"2026-09-08T11:14:22.039Z"}
[watchlist-state] refetch_start {"detail":"applyFreshServerState","ts":"2026-09-08T11:14:22.044Z"}
[watchlist-state] refetch_start {"detail":"GET /api/watchlist","ts":"2026-09-08T11:14:22.045Z"}
[watchlist-state] refetch_response {"collectionCount":3,"detail":"GET /api/watchlist","itemCount":26,"ok":true,"ts":"2026-09-08T11:14:22.195Z"}
[watchlist-state] refetch_response {"detail":"applyFreshServerState","ok":true,"ts":"2026-09-08T11:14:22.196Z"}
[watchlist-state] state_replace {"activeItemCount":15,"activeSectionCount":8,"caller":"adoptServerCanonical","collectionCount":3,"dragMatchesExpectedPosition":null,"dragMatchesOptimistic":null,"dragTicker":null,"dragTickerIndex":null,"dragTickerSection":null,"fromServerSync":true,"itemCount":26,"msSinceDragStart":null,"reason":"applyFreshServerState","source":"server_refetch","ts":"2026-09-08T11:14:22.196Z"}
[watchlist-sync] bootstrap_cache_display
[watchlist-state] state_replace {"activeItemCount":15,"activeSectionCount":8,"caller":"bootstrap","collectionCount":3,"dragMatchesExpectedPosition":null,"dragMatchesOptimistic":null,"dragTicker":null,"dragTickerIndex":null,"dragTickerSection":null,"fromServerSync":false,"itemCount":26,"msSinceDragStart":null,"reason":"cache display before GET","source":"localStorage_bootstrap","ts":"2026-09-08T11:14:22.198Z"}
[watchlist-state] refetch_start {"detail":"GET /api/watchlist","ts":"2026-09-08T11:14:22.199Z"}
[watchlist-state] refetch_response {"collectionCount":3,"detail":"GET /api/watchlist","itemCount":26,"ok":true,"ts":"2026-09-08T11:14:22.340Z"}
[watchlist-sync] bootstrap_server_canonical_adopt
[watchlist-state] state_replace {"activeItemCount":15,"activeSectionCount":8,"caller":"adoptServerCanonical","collectionCount":3,"dragMatchesExpectedPosition":null,"dragMatchesOptimistic":null,"dragTicker":null,"dragTickerIndex":null,"dragTickerSection":null,"fromServerSync":true,"itemCount":26,"msSinceDragStart":null,"reason":"bootstrap GET success","source":"server_refetch","ts":"2026-09-08T11:14:22.340Z"}
[portfolio/workspace PUT] ledger warnings {}
[FINSEPA_PROVIDER_TRACE] EODHD fetchEodhdCryptoDailyBars {"symbol":"BTC-USD.CC"}
[FINSEPA_PROVIDER_TRACE] EODHD fetchEodhdCryptoDailyBars {"symbol":"ETH-USD.CC"}
%cDownload the React DevTools for a better development experience: https://react.dev/link/react-devtools font-weight:bold
[FINSEPA_PROVIDER_TRACE] EODHD fetchUst10YGbondUncached {"symbol":"US10Y.GBOND"}
[FINSEPA_PROVIDER_TRACE] EODHD fetchUstYieldYear20Y {"year":1993}
[FINSEPA_PROVIDER_TRACE] EODHD fetchUstYieldYear20Y {"year":1994}
[FINSEPA_PROVIDER_TRACE] EODHD fetchUstYieldYear20Y {"year":1995}
[FINSEPA_PROVIDER_TRACE] EODHD fetchUstYieldYear20Y {"year":1996}
[watchlist-sync] bootstrap_cache_display
[watchlist-state] state_replace {"activeItemCount":15,"activeSectionCount":8,"caller":"bootstrap","collectionCount":3,"dragMatchesExpectedPosition":null,"dragMatchesOptimistic":null,"dragTicker":null,"dragTickerIndex":null,"dragTickerSection":null,"fromServerSync":false,"itemCount":26,"msSinceDragStart":null,"reason":"cache display before GET","source":"localStorage_bootstrap","ts":"2026-09-08T11:14:29.180Z"}
[watchlist-state] refetch_start {"detail":"GET /api/watchlist","ts":"2026-09-08T11:14:29.182Z"}
[watchlist-enrich] enrichment_load_trigger
%c[Vercel Web Analytics]%c Debug mode is enabled by default in development. No requests will be sent to the server. color: rgb(120, 120, 120) color: inherit
%c[Vercel Web Analytics]%c Running queued event color: rgb(120, 120, 120) color: inherit pageview {"path":"/macro","route":"/macro"}
%c[Vercel Web Analytics]%c [view] http://localhost:3000/macro?bench=14m color: rgb(120, 120, 120) color: inherit {"dp":"/macro","o":"http://localhost:3000/macro?bench=14m","r":"","sdkn":"@vercel/analytics/next","sdkv":"2.0.1","sv":"0.1.3","ts":1788866069240} /_vercel/insights/view
%c[Vercel Speed Insights]%c Debug mode is enabled by default in development. No requests will be sent to the server. color: rgb(120, 120, 120) color: inherit
[watchlist-enrich] enrichment_cache_hit (session)
[FINSEPA_PROVIDER_TRACE] EODHD fetchEodhdRealtimeSymbolsRaw {"symbolsInRequest":14}
[watchlist-state] refetch_response {"collectionCount":3,"detail":"GET /api/watchlist","itemCount":26,"ok":true,"ts":"2026-09-08T11:14:29.721Z"}
[watchlist-sync] bootstrap_server_canonical_adopt
[watchlist-state] state_replace {"activeItemCount":15,"activeSectionCount":8,"caller":"adoptServerCanonical","collectionCount":3,"dragMatchesExpectedPosition":null,"dragMatchesOptimistic":null,"dragTicker":null,"dragTickerIndex":null,"dragTickerSection":null,"fromServerSync":true,"itemCount":26,"msSinceDragStart":null,"reason":"bootstrap GET success","source":"server_refetch","ts":"2026-09-08T11:14:29.722Z"}
[watchlist-state] refetch_start {"detail":"applyFreshServerState","ts":"2026-09-08T11:14:29.727Z"}
[watchlist-state] refetch_start {"detail":"GET /api/watchlist","ts":"2026-09-08T11:14:29.727Z"}
[watchlist-state] refetch_response {"collectionCount":3,"detail":"GET /api/watchlist","itemCount":26,"ok":true,"ts":"2026-09-08T11:14:29.894Z"}
[watchlist-state] refetch_response {"detail":"applyFreshServerState","ok":true,"ts":"2026-09-08T11:14:29.894Z"}
[watchlist-state] state_replace {"activeItemCount":15,"activeSectionCount":8,"caller":"adoptServerCanonical","collectionCount":3,"dragMatchesExpectedPosition":null,"dragMatchesOptimistic":null,"dragTicker":null,"dragTickerIndex":null,"dragTickerSection":null,"fromServerSync":true,"itemCount":26,"msSinceDragStart":null,"reason":"applyFreshServerState","source":"server_refetch","ts":"2026-09-08T11:14:29.895Z"}
[watchlist-sync] bootstrap_cache_display
[watchlist-state] state_replace {"activeItemCount":15,"activeSectionCount":8,"caller":"bootstrap","collectionCount":3,"dragMatchesExpectedPosition":null,"dragMatchesOptimistic":null,"dragTicker":null,"dragTickerIndex":null,"dragTickerSection":null,"fromServerSync":false,"itemCount":26,"msSinceDragStart":null,"reason":"cache display before GET","source":"localStorage_bootstrap","ts":"2026-09-08T11:14:29.896Z"}
[watchlist-state] refetch_start {"detail":"GET /api/watchlist","ts":"2026-09-08T11:14:29.897Z"}
[watchlist-state] refetch_response {"collectionCount":3,"detail":"GET /api/watchlist","itemCount":26,"ok":true,"ts":"2026-09-08T11:14:30.071Z"}
[watchlist-sync] bootstrap_server_canonical_adopt
[watchlist-state] state_replace {"activeItemCount":15,"activeSectionCount":8,"caller":"adoptServerCanonical","collectionCount":3,"dragMatchesExpectedPosition":null,"dragMatchesOptimistic":null,"dragTicker":null,"dragTickerIndex":null,"dragTickerSection":null,"fromServerSync":true,"itemCount":26,"msSinceDragStart":null,"reason":"bootstrap GET success","source":"server_refetch","ts":"2026-09-08T11:14:30.071Z"}
[portfolio/workspace PUT] ledger warnings {}
[FINSEPA_PROVIDER_TRACE] EODHD fetchEodhdCryptoDailyBars {"symbol":"BTC-USD.CC"}
[FINSEPA_PROVIDER_TRACE] EODHD fetchEodhdCryptoDailyBars {"symbol":"ETH-USD.CC"}
%cDownload the React DevTools for a better development experience: https://react.dev/link/react-devtools font-weight:bold
%c[Vercel Web Analytics]%c Debug mode is enabled by default in development. No requests will be sent to the server. color: rgb(120, 120, 120) color: inherit
%c[Vercel Web Analytics]%c Running queued event color: rgb(120, 120, 120) color: inherit pageview {"path":"/crypto","route":"/crypto"}
%c[Vercel Web Analytics]%c [view] http://localhost:3000/crypto?bench=15 color: rgb(120, 120, 120) color: inherit {"dp":"/crypto","o":"http://localhost:3000/crypto?bench=15","r":"","sdkn":"@vercel/analytics/next","sdkv":"2.0.1","sv":"0.1.3","ts":1788866078586} /_vercel/insights/view
%c[Vercel Speed Insights]%c Debug mode is enabled by default in development. No requests will be sent to the server. color: rgb(120, 120, 120) color: inherit
[FINSEPA_PROVIDER_TRACE] scope=/screener ssr market=crypto eodhd_http=0 byFn={}
%cDownload the React DevTools for a better development experience: https://react.dev/link/react-devtools font-weight:bold
[FINSEPA_BROWSER→APP] 1 /api/screener/crypto-rows?page=1&pageSize=100
[FINSEPA_BROWSER→APP] 2 /api/screener/crypto-rows?page=1&pageSize=50
[watchlist-sync] bootstrap_cache_display
[watchlist-state] state_replace {"activeItemCount":15,"activeSectionCount":8,"caller":"bootstrap","collectionCount":3,"dragMatchesExpectedPosition":null,"dragMatchesOptimistic":null,"dragTicker":null,"dragTickerIndex":null,"dragTickerSection":null,"fromServerSync":false,"itemCount":26,"msSinceDragStart":null,"reason":"cache display before GET","source":"localStorage_bootstrap","ts":"2026-09-08T11:14:58.682Z"}
[watchlist-state] refetch_start {"detail":"GET /api/watchlist","ts":"2026-09-08T11:14:58.684Z"}
[FINSEPA_BROWSER→APP] 3 /api/search/recent
[watchlist-enrich] enrichment_load_trigger
[FINSEPA_BROWSER→APP] 4 /api/market/us-cache-epoch
[FINSEPA_BROWSER→APP] 5 /api/portfolio/live-quotes
[FINSEPA_PROVIDER_TRACE] EODHD fetchEodhdRealtimeSymbolsRaw {"symbolsInRequest":14}
[watchlist-enrich] enrichment_cache_hit (session)
[FINSEPA_BROWSER→APP] 6 /api/superinvestor-follows
%c[Vercel Web Analytics]%c Debug mode is enabled by default in development. No requests will be sent to the server. color: rgb(120, 120, 120) color: inherit
%c[Vercel Web Analytics]%c Running queued event color: rgb(120, 120, 120) color: inherit pageview {"path":"/screener","route":"/screener"}
%c[Vercel Web Analytics]%c [view] http://localhost:3000/screener?market=crypto&bench=15 color: rgb(120, 120, 120) color: inherit {"dp":"/screener","o":"http://localhost:3000/screener?market=crypto&bench=15","r":"","sdkn":"@vercel/analytics/next","sdkv":"2.0.1","sv":"0.1.3","ts":1788866099148} /_vercel/insights/view
%c[Vercel Speed Insights]%c Debug mode is enabled by default in development. No requests will be sent to the server. color: rgb(120, 120, 120) color: inherit
[FINSEPA_BROWSER→APP] 7 /api/watchlist
[FINSEPA_BROWSER→APP] 8 /api/search/recent
[watchlist-state] refetch_response {"collectionCount":3,"detail":"GET /api/watchlist","itemCount":26,"ok":true,"ts":"2026-09-08T11:14:59.357Z"}
[watchlist-sync] bootstrap_server_canonical_adopt
[watchlist-state] state_replace {"activeItemCount":15,"activeSectionCount":8,"caller":"adoptServerCanonical","collectionCount":3,"dragMatchesExpectedPosition":null,"dragMatchesOptimistic":null,"dragTicker":null,"dragTickerIndex":null,"dragTickerSection":null,"fromServerSync":true,"itemCount":26,"msSinceDragStart":null,"reason":"bootstrap GET success","source":"server_refetch","ts":"2026-09-08T11:14:59.357Z"}
[watchlist-state] refetch_start {"detail":"applyFreshServerState","ts":"2026-09-08T11:14:59.364Z"}
[watchlist-state] refetch_start {"detail":"GET /api/watchlist","ts":"2026-09-08T11:14:59.364Z"}
[FINSEPA_BROWSER→APP] 9 /api/watchlist
[FINSEPA_BROWSER→APP] 10 /api/portfolio/workspace
[portfolio/workspace PUT] ledger warnings {}
[watchlist-state] refetch_response {"collectionCount":3,"detail":"GET /api/watchlist","itemCount":26,"ok":true,"ts":"2026-09-08T11:14:59.570Z"}
[watchlist-state] refetch_response {"detail":"applyFreshServerState","ok":true,"ts":"2026-09-08T11:14:59.570Z"}
[watchlist-state] state_replace {"activeItemCount":15,"activeSectionCount":8,"caller":"adoptServerCanonical","collectionCount":3,"dragMatchesExpectedPosition":null,"dragMatchesOptimistic":null,"dragTicker":null,"dragTickerIndex":null,"dragTickerSection":null,"fromServerSync":true,"itemCount":26,"msSinceDragStart":null,"reason":"applyFreshServerState","source":"server_refetch","ts":"2026-09-08T11:14:59.570Z"}
[watchlist-sync] bootstrap_cache_display
[watchlist-state] state_replace {"activeItemCount":15,"activeSectionCount":8,"caller":"bootstrap","collectionCount":3,"dragMatchesExpectedPosition":null,"dragMatchesOptimistic":null,"dragTicker":null,"dragTickerIndex":null,"dragTickerSection":null,"fromServerSync":false,"itemCount":26,"msSinceDragStart":null,"reason":"cache display before GET","source":"localStorage_bootstrap","ts":"2026-09-08T11:14:59.573Z"}
[watchlist-state] refetch_start {"detail":"GET /api/watchlist","ts":"2026-09-08T11:14:59.574Z"}
[FINSEPA_BROWSER→APP] 11 /api/watchlist
[watchlist-state] refetch_response {"collectionCount":3,"detail":"GET /api/watchlist","itemCount":26,"ok":true,"ts":"2026-09-08T11:14:59.835Z"}
[watchlist-sync] bootstrap_server_canonical_adopt
[watchlist-state] state_replace {"activeItemCount":15,"activeSectionCount":8,"caller":"adoptServerCanonical","collectionCount":3,"dragMatchesExpectedPosition":null,"dragMatchesOptimistic":null,"dragTicker":null,"dragTickerIndex":null,"dragTickerSection":null,"fromServerSync":true,"itemCount":26,"msSinceDragStart":null,"reason":"bootstrap GET success","source":"server_refetch","ts":"2026-09-08T11:14:59.835Z"}
[FINSEPA_PROVIDER_TRACE] EODHD fetchEodhdCryptoDailyBars {"symbol":"BTC-USD.CC"}
[FINSEPA_PROVIDER_TRACE] EODHD fetchEodhdCryptoDailyBars {"symbol":"ETH-USD.CC"}
[FINSEPA_BROWSER→APP] 12 /api/portfolios/listings
[FINSEPA_BROWSER→APP] 13 /api/portfolios/listings
%cDownload the React DevTools for a better development experience: https://react.dev/link/react-devtools font-weight:bold
A tree hydrated but some attributes of the server rendered HTML didn't match the client properties. This won't be patched up. This can happen if a SSR-ed Client Component used:

- A server/client branch `if (typeof window !== 'undefined')`.
- Variable input such as `Date.now()` or `Math.random()` which changes each time it's called.
- Date formatting in a user's locale which doesn't match the server.
- External changing data without sending a snapshot of it along with the HTML.
- Invalid HTML tag nesting.

It can also happen if the client has a browser extension installed which messes with the HTML before React loaded.

%s%s https://react.dev/link/hydration-mismatch 

  ...
    <ProtectedAppChrome userId="52373158-0..." userInitials="VR" avatarUrl="https://lh..." ...>
      <MobileAssetTopbarProvider>
        <MobilePrimaryNavProvider>
          <MarketsTabHostProvider>
            <StockDetailTabHostProvider>
              <div id="app-shell-..." suppressHydrationWarning={true} className="mobile-doc...">
                <Suspense>
                <Suspense>
                <div>
                <div suppressHydrationWarning={true} className="shell-desk..." style={{...}}>
                  <div suppressHydrationWarning={true} className="shell-desk...">
                    <SidebarEdgeCollapseHandle onActiveChange={function bound dispatchSetState}>
                      <div className="pointer-ev..." onMouseEnter={function handleEnter} ...>
                        <button
                          ref={{current:null}}
                          type="button"
                          onClick={function handleClick}
                          aria-expanded={false}
                          aria-label="Expand Menu"
                          className="absolute inset-0 cursor-pointer border-0 bg-transparent p-0 outline-none focus-vi..."
-                         data-cursor-ref="e13"
                        >
                        ...
                    ...
                      <header suppressHydrationWarning={true} className="flex min-w...">
                        ...
                          <div className="relative f...">
                            <button>
                            <div className="pointer-ev...">
                              <MobileAssetTopbarTitle line1="BTC-USD" line2={null} line2Exchange={null} ...>
                                <div className="mx-auto mi...">
                                  <p
                                    className="truncate text-[14px] font-semibold leading-5 text-fg"
-                                   data-cursor-ref="e28"
                                  >
+                                   BTC-USD
                            ...
                        ...
                          <TopbarDelayedTooltip label="Search" enabled={true} className="flex min-w...">
                            <div ref={{current:null}} suppressHydrationWarning={true} className="relative m..." ...>
                              <div className="relative w...">
                                <div ref={{current:null}} role="search" data-open="false" className="relative f..." ...>
                                  <span>
                                  <input
                                    ref={{current:null}}
                                    data-topbar-search-input={true}
                                    type="text"
                                    inputMode="search"
                                    tabIndex={-1}
                                    readOnly={true}
                                    value=""
                                    onChange={function onChange}
                                    placeholder="Search..."
                                    className="absolute inset-0 z-[1] h-full w-full min-w-0 cursor-text bg-transparent..."
                                    style={{transitionDuration:"280ms",transitionTimingFunction:"cubic-bezi...",paddingLeft:40, ...}}
                                    autoComplete="off"
                                    autoCorrect="off"
                                    enterKeyHint="search"
                                    role="searchbox"
                                    aria-label="Search"
                                    aria-expanded={false}
                                    aria-controls="topbar-search-results"
                                    aria-autocomplete="list"
-                                   data-cursor-ref="e14"
                                  >
                                  ...
                                ...
                        ...
                          <div ref={{current:null}} suppressHydrationWarning={true} className="relative m..." ...>
                            <div suppressHydrationWarning={true} className="flex h-9 m...">
                              <LinkComponent>
                              <TransactionPortfolioField variant="compact" compactMenuAlign="trailing">
                                <div ref={{current:null}} className="relative f...">
                                  <button
                                    type="button"
                                    onClick={function onClick}
                                    aria-expanded={false}
                                    aria-haspopup="listbox"
                                    aria-label="Portfolio menu"
                                    className="flex h-9 w-9 shrink-0 cursor-pointer items-center justify-center rounde..."
-                                   data-cursor-ref="e18"
                                  >
                    ...
                ...

A tree hydrated but some attributes of the server rendered HTML didn't match the client properties. This won't be patched up. This can happen if a SSR-ed Client Component used:

- A server/client branch `if (typeof window !== 'undefined')`.
- Variable input such as `Date.now()` or `Math.random()` which changes each time it's called.
- Date formatting in a user's locale which doesn't match the server.
- External changing data without sending a snapshot of it along with the HTML.
- Invalid HTML tag nesting.

It can also happen if the client has a browser extension installed which messes with the HTML before React loaded.

%s%s https://react.dev/link/hydration-mismatch 

  ...
    <div id="app-shell-..." suppressHydrationWarning={true} className="mobile-doc...">
      <Suspense>
      <Suspense>
      <div>
      <div suppressHydrationWarning={true} className="shell-desk..." style={{...}}>
        <div suppressHydrationWarning={true} className="shell-desk...">
          <SidebarEdgeCollapseHandle>
          <div>
          <div suppressHydrationWarning={true} className="shell-desk...">
            <main>
            <Suspense fallback={null}>
              <WatchlistRail>
                <div suppressHydrationWarning={true} className="hidden h-f..." style={{width:"300px"}} ...>
                  <div suppressHydrationWarning={true} className="flex h-ful..." style={{width:"300px"}}>
                    <div className="flex shrin...">
                      <WatchlistRailTitleSkeleton>
                      <WatchlistRailFullPageLink>
                        <TopbarDelayedTooltip label="Open full ..." placement="left">
                          <div ref={{current:null}} suppressHydrationWarning={true} className="relative i..." ...>
                            <LinkComponent href="/watchlist" prefetch={false} aria-label="Open full ..." ...>
                              <a
                                aria-label="Open full watchlist"
                                className="flex h-9 w-9 shrink-0 items-center justify-center rounded-[10px] text-fg tr..."
                                ref={function}
                                onClick={function onClick}
                                onMouseEnter={function onMouseEnter}
                                onTouchStart={function onTouchStart}
                                href="/watchlist"
-                               data-cursor-ref="e20"
                              >
                      <WatchlistRailToggle expanded={true} ...>
                        <TopbarDelayedTooltip label="Collapse w..." placement="left">
                          <div ref={{current:null}} suppressHydrationWarning={true} className="relative i..." ...>
                            <button
                              type="button"
                              onClick={function WatchlistRailLayoutProvider.useCallback[toggleCollapsed]}
                              aria-expanded={true}
                              aria-label="Collapse watchlist"
                              className="flex h-9 w-9 shrink-0 items-center justify-center rounded-[10px] text-fg tran..."
-                             data-cursor-ref="e21"
                            >
                    ...
      ...

[watchlist-sync] bootstrap_cache_display
[watchlist-state] state_replace {"activeItemCount":15,"activeSectionCount":8,"caller":"bootstrap","collectionCount":3,"dragMatchesExpectedPosition":null,"dragMatchesOptimistic":null,"dragTicker":null,"dragTickerIndex":null,"dragTickerSection":null,"fromServerSync":false,"itemCount":26,"msSinceDragStart":null,"reason":"cache display before GET","source":"localStorage_bootstrap","ts":"2026-09-08T11:15:07.654Z"}
[watchlist-state] refetch_start {"detail":"GET /api/watchlist","ts":"2026-09-08T11:15:07.656Z"}
[browser] "A tree hydrated but some attributes of the server rendered HTML didn't match the client properties. This won't be patched up. This can happen if a SSR-ed Client Component used:\n\n- A server/client branch `if (typeof window !== 'undefined')`.\n- Variable input such as `Date.now()` or `Math.random()` which changes each time it's called.\n- Date formatting in a user's locale which doesn't match the server.\n- External changing data without sending a snapshot of it along with the HTML.\n- Invalid HTML tag nesting.\n\nIt can also happen if the client has a browser extension installed which messes with the HTML before React loaded.\n\nhttps://react.dev/link/hydration-mismatch\n\n  ...\n    <ProtectedAppChrome userId=\"52373158-0...\" userInitials=\"VR\" avatarUrl=\"https://lh...\" ...>\n      <MobileAssetTopbarProvider>\n        <MobilePrimaryNavProvider>\n          <MarketsTabHostProvider>\n            <StockDetailTabHostProvider>\n              <div id=\"app-shell-...\" suppressHydrationWarning={true} className=\"mobile-doc...\">\n                <Suspense>\n                <Suspense>\n                <div>\n                <div suppressHydrationWarning={true} className=\"shell-desk...\" style={{...}}>\n                  <div suppressHydrationWarning={true} className=\"shell-desk...\">\n                    <SidebarEdgeCollapseHandle onActiveChange={function bound dispatchSetState}>\n                      <div className=\"pointer-ev...\" onMouseEnter={function handleEnter} ...>\n                        <button\n                          ref={{current:null}}\n                          type=\"button\"\n                          onClick={function handleClick}\n                          aria-expanded={false}\n                          aria-label=\"Expand Menu\"\n                          className=\"absolute inset-0 cursor-pointer border-0 bg-transparent p-0 outline-none focus-vi...\"\n-                         data-cursor-ref=\"e13\"\n                        >\n                        ...\n                    ...\n                      <header suppressHydrationWarning={true} className=\"flex min-w...\">\n                        ...\n                          <div className=\"relative f...\">\n                            <button>\n                            <div className=\"pointer-ev...\">\n                              <MobileAssetTopbarTitle line1=\"BTC-USD\" line2={null} line2Exchange={null} ...>\n                                <div className=\"mx-auto mi...\">\n                                  <p\n                                    className=\"truncate text-[14px] font-semibold leading-5 text-fg\"\n-                                   data-cursor-ref=\"e28\"\n                                  >\n+                                   BTC-USD\n                            ...\n                        ...\n                          <TopbarDelayedTooltip label=\"Search\" enabled={true} className=\"flex min-w...\">\n                            <div ref={{current:null}} suppressHydrationWarning={true} className=\"relative m...\" ...>\n                              <div className=\"relative w...\">\n                                <div ref={{current:null}} role=\"search\" data-open=\"false\" className=\"relative f...\" ...>\n                                  <span>\n                                  <input\n                                    ref={{current:null}}\n                                    data-topbar-search-input={true}\n                                    type=\"text\"\n                                    inputMode=\"search\"\n                                    tabIndex={-1}\n                                    readOnly={true}\n                                    value=\"\"\n                                    onChange={function onChange}\n                                    placeholder=\"Search...\"\n                                    className=\"absolute inset-0 z-[1] h-full w-full min-w-0 cursor-text bg-transparent...\"\n                                    style={{transitionDuration:\"280ms\",transitionTimingFunction:\"cubic-bezi...\",paddingLeft:40, ...}}\n                                    autoComplete=\"off\"\n                                    autoCorrect=\"off\"\n                                    enterKeyHint=\"search\"\n                                    role=\"searchbox\"\n                                    aria-label=\"Search\"\n                                    aria-expanded={false}\n                                    aria-controls=\"topbar-search-results\"\n                                    aria-autocomplete=\"list\"\n-                                   data-cursor-ref=\"e14\"\n                                  >\n                                  ...\n                                ...\n                        ...\n                          <div ref={{current:null}} suppressHydrationWarning={true} className=\"relative m...\" ...>\n                            <div suppressHydrationWarning={true} className=\"flex h-9 m...\">\n                              <LinkComponent>\n                              <TransactionPortfolioField variant=\"compact\" compactMenuAlign=\"trailing\">\n                                <div ref={{current:null}} className=\"relative f...\">\n                                  <button\n                                    type=\"button\"\n                                    onClick={function onClick}\n                                    aria-expanded={false}\n                                    aria-haspopup=\"listbox\"\n                                    aria-label=\"Portfolio menu\"\n                                    className=\"flex h-9 w-9 shrink-0 cursor-pointer items-center justify-center rounde...\"\n-                                   data-cursor-ref=\"e18\"\n                                  >\n                    ...\n                ...\n" "\n\u001b[31m    at console.error (lib/auth/suppress-stale-auth-console-errors.ts:32:5)\u001b[39m\n  \u001b[90m30 |\u001b[0m   console.error = (...args: unknown[]) => {\n  \u001b[90m31 |\u001b[0m     \u001b[36mif\u001b[0m (args.some(looksLikeStaleAuthConsoleArg)) \u001b[36mreturn\u001b[0m;\n\u001b[31m\u001b[1m>\u001b[0m \u001b[90m32 |\u001b[0m     original(...args);\n  \u001b[90m   |\u001b[0m     \u001b[31m\u001b[1m^\u001b[0m\n  \u001b[90m33 |\u001b[0m   };\n  \u001b[90m34 |\u001b[0m }\n  \u001b[90m35 |\u001b[0m" "\u001b[2m(lib/auth/suppress-stale-auth-console-errors.ts:32:5)\u001b[22m"
A tree hydrated but some attributes of the server rendered HTML didn't match the client properties. This won't be patched up. This can happen if a SSR-ed Client Component used:

- A server/client branch `if (typeof window !== 'undefined')`.
- Variable input such as `Date.now()` or `Math.random()` which changes each time it's called.
- Date formatting in a user's locale which doesn't match the server.
- External changing data without sending a snapshot of it along with the HTML.
- Invalid HTML tag nesting.

It can also happen if the client has a browser extension installed which messes with the HTML before React loaded.

https://react.dev/link/hydration-mismatch

  ...
    <ProtectedAppChrome userId="52373158-0..." userInitials="VR" avatarUrl="https://lh..." ...>
      <MobileAssetTopbarProvider>
        <MobilePrimaryNavProvider>
          <MarketsTabHostProvider>
            <StockDetailTabHostProvider>
              <div id="app-shell-..." suppressHydrationWarning={true} className="mobile-doc...">
                <Suspense>
                <Suspense>
                <div>
                <div suppressHydrationWarning={true} className="shell-desk..." style={{...}}>
                  <div suppressHydrationWarning={true} className="shell-desk...">
                    <SidebarEdgeCollapseHandle onActiveChange={function bound dispatchSetState}>
                      <div className="pointer-ev..." onMouseEnter={function handleEnter} ...>
                        <button
                          ref={{current:null}}
                          type="button"
                          onClick={function handleClick}
                          aria-expanded={false}
                          aria-label="Expand Menu"
                          className="absolute inset-0 cursor-pointer border-0 bg-transparent p-0 outline-none focus-vi..."
-                         data-cursor-ref="e13"
                        >
                        ...
                    ...
                      <header suppressHydrationWarning={true} className="flex min-w...">
                        ...
                          <div className="relative f...">
                            <button>
                            <div className="pointer-ev...">
                              <MobileAssetTopbarTitle line1="BTC-USD" line2={null} line2Exchange={null} ...>
                                <div className="mx-auto mi...">
                                  <p
                                    className="truncate text-[14px] font-semibold leading-5 text-fg"
-                                   data-cursor-ref="e28"
                                  >
+                                   BTC-USD
                            ...
                        ...
                          <TopbarDelayedTooltip label="Search" enabled={true} className="flex min-w...">
                            <div ref={{current:null}} suppressHydrationWarning={true} className="relative m..." ...>
                              <div className="relative w...">
                                <div ref={{current:null}} role="search" data-open="false" className="relative f..." ...>
                                  <span>
                                  <input
                                    ref={{current:null}}
                                    data-topbar-search-input={true}
                                    type="text"
                                    inputMode="search"
                                    tabIndex={-1}
                                    readOnly={true}
                                    value=""
                                    onChange={function onChange}
                                    placeholder="Search..."
                                    className="absolute inset-0 z-[1] h-full w-full min-w-0 cursor-text bg-transparent..."
                                    style={{transitionDuration:"280ms",transitionTimingFunction:"cubic-bezi...",paddingLeft:40, ...}}
                                    autoComplete="off"
                                    autoCorrect="off"
                                    enterKeyHint="search"
                                    role="searchbox"
                                    aria-label="Search"
                                    aria-expanded={false}
                                    aria-controls="topbar-search-results"
                                    aria-autocomplete="list"
-                                   data-cursor-ref="e14"
                                  >
                                  ...
                                ...
                        ...
                          <div ref={{current:null}} suppressHydrationWarning={true} className="relative m..." ...>
                            <div suppressHydrationWarning={true} className="flex h-9 m...">
                              <LinkComponent>
                              <TransactionPortfolioField variant="compact" compactMenuAlign="trailing">
                                <div ref={{current:null}} className="relative f...">
                                  <button
                                    type="button"
                                    onClick={function onClick}
                                    aria-expanded={false}
                                    aria-haspopup="listbox"
                                    aria-label="Portfolio menu"
                                    className="flex h-9 w-9 shrink-0 cursor-pointer items-center justify-center rounde..."
-                                   data-cursor-ref="e18"
                                  >
                    ...
                ...
 "\n\u001b[31m    at console.error (lib/auth/suppress-stale-auth-console-errors.ts:32:5)\u001b[39m\n  \u001b[90m30 |\u001b[0m   console.error = (...args: unknown[]) => {\n  \u001b[90m31 |\u001b[0m     \u001b[36mif\u001b[0m (args.some(looksLikeStaleAuthConsoleArg)) \u001b[36mreturn\u001b[0m;\n\u001b[31m\u001b[1m>\u001b[0m \u001b[90m32 |\u001b[0m     original(...args);\n  \u001b[90m   |\u001b[0m     \u001b[31m\u001b[1m^\u001b[0m\n  \u001b[90m33 |\u001b[0m   };\n  \u001b[90m34 |\u001b[0m }\n  \u001b[90m35 |\u001b[0m" "\u001b[2m(lib/auth/suppress-stale-auth-console-errors.ts:32:5)\u001b[22m"
[browser] "A tree hydrated but some attributes of the server rendered HTML didn't match the client properties. This won't be patched up. This can happen if a SSR-ed Client Component used:\n\n- A server/client branch `if (typeof window !== 'undefined')`.\n- Variable input such as `Date.now()` or `Math.random()` which changes each time it's called.\n- Date formatting in a user's locale which doesn't match the server.\n- External changing data without sending a snapshot of it along with the HTML.\n- Invalid HTML tag nesting.\n\nIt can also happen if the client has a browser extension installed which messes with the HTML before React loaded.\n\nhttps://react.dev/link/hydration-mismatch\n\n  ...\n    <div id=\"app-shell-...\" suppressHydrationWarning={true} className=\"mobile-doc...\">\n      <Suspense>\n      <Suspense>\n      <div>\n      <div suppressHydrationWarning={true} className=\"shell-desk...\" style={{...}}>\n        <div suppressHydrationWarning={true} className=\"shell-desk...\">\n          <SidebarEdgeCollapseHandle>\n          <div>\n          <div suppressHydrationWarning={true} className=\"shell-desk...\">\n            <main>\n            <Suspense fallback={null}>\n              <WatchlistRail>\n                <div suppressHydrationWarning={true} className=\"hidden h-f...\" style={{width:\"300px\"}} ...>\n                  <div suppressHydrationWarning={true} className=\"flex h-ful...\" style={{width:\"300px\"}}>\n                    <div className=\"flex shrin...\">\n                      <WatchlistRailTitleSkeleton>\n                      <WatchlistRailFullPageLink>\n                        <TopbarDelayedTooltip label=\"Open full ...\" placement=\"left\">\n                          <div ref={{current:null}} suppressHydrationWarning={true} className=\"relative i...\" ...>\n                            <LinkComponent href=\"/watchlist\" prefetch={false} aria-label=\"Open full ...\" ...>\n                              <a\n                                aria-label=\"Open full watchlist\"\n                                className=\"flex h-9 w-9 shrink-0 items-center justify-center rounded-[10px] text-fg tr...\"\n                                ref={function}\n                                onClick={function onClick}\n                                onMouseEnter={function onMouseEnter}\n                                onTouchStart={function onTouchStart}\n                                href=\"/watchlist\"\n-                               data-cursor-ref=\"e20\"\n                              >\n                      <WatchlistRailToggle expanded={true} ...>\n                        <TopbarDelayedTooltip label=\"Collapse w...\" placement=\"left\">\n                          <div ref={{current:null}} suppressHydrationWarning={true} className=\"relative i...\" ...>\n                            <button\n                              type=\"button\"\n                              onClick={function WatchlistRailLayoutProvider.useCallback[toggleCollapsed]}\n                              aria-expanded={true}\n                              aria-label=\"Collapse watchlist\"\n                              className=\"flex h-9 w-9 shrink-0 items-center justify-center rounded-[10px] text-fg tran...\"\n-                             data-cursor-ref=\"e21\"\n                            >\n                    ...\n      ...\n" "\n\u001b[31m    at console.error (lib/auth/suppress-stale-auth-console-errors.ts:32:5)\u001b[39m\n  \u001b[90m30 |\u001b[0m   console.error = (...args: unknown[]) => {\n  \u001b[90m31 |\u001b[0m     \u001b[36mif\u001b[0m (args.some(looksLikeStaleAuthConsoleArg)) \u001b[36mreturn\u001b[0m;\n\u001b[31m\u001b[1m>\u001b[0m \u001b[90m32 |\u001b[0m     original(...args);\n  \u001b[90m   |\u001b[0m     \u001b[31m\u001b[1m^\u001b[0m\n  \u001b[90m33 |\u001b[0m   };\n  \u001b[90m34 |\u001b[0m }\n  \u001b[90m35 |\u001b[0m" "\u001b[2m(lib/auth/suppress-stale-auth-console-errors.ts:32:5)\u001b[22m"
A tree hydrated but some attributes of the server rendered HTML didn't match the client properties. This won't be patched up. This can happen if a SSR-ed Client Component used:

- A server/client branch `if (typeof window !== 'undefined')`.
- Variable input such as `Date.now()` or `Math.random()` which changes each time it's called.
- Date formatting in a user's locale which doesn't match the server.
- External changing data without sending a snapshot of it along with the HTML.
- Invalid HTML tag nesting.

It can also happen if the client has a browser extension installed which messes with the HTML before React loaded.

https://react.dev/link/hydration-mismatch

  ...
    <div id="app-shell-..." suppressHydrationWarning={true} className="mobile-doc...">
      <Suspense>
      <Suspense>
      <div>
      <div suppressHydrationWarning={true} className="shell-desk..." style={{...}}>
        <div suppressHydrationWarning={true} className="shell-desk...">
          <SidebarEdgeCollapseHandle>
          <div>
          <div suppressHydrationWarning={true} className="shell-desk...">
            <main>
            <Suspense fallback={null}>
              <WatchlistRail>
                <div suppressHydrationWarning={true} className="hidden h-f..." style={{width:"300px"}} ...>
                  <div suppressHydrationWarning={true} className="flex h-ful..." style={{width:"300px"}}>
                    <div className="flex shrin...">
                      <WatchlistRailTitleSkeleton>
                      <WatchlistRailFullPageLink>
                        <TopbarDelayedTooltip label="Open full ..." placement="left">
                          <div ref={{current:null}} suppressHydrationWarning={true} className="relative i..." ...>
                            <LinkComponent href="/watchlist" prefetch={false} aria-label="Open full ..." ...>
                              <a
                                aria-label="Open full watchlist"
                                className="flex h-9 w-9 shrink-0 items-center justify-center rounded-[10px] text-fg tr..."
                                ref={function}
                                onClick={function onClick}
                                onMouseEnter={function onMouseEnter}
                                onTouchStart={function onTouchStart}
                                href="/watchlist"
-                               data-cursor-ref="e20"
                              >
                      <WatchlistRailToggle expanded={true} ...>
                        <TopbarDelayedTooltip label="Collapse w..." placement="left">
                          <div ref={{current:null}} suppressHydrationWarning={true} className="relative i..." ...>
                            <button
                              type="button"
                              onClick={function WatchlistRailLayoutProvider.useCallback[toggleCollapsed]}
                              aria-expanded={true}
                              aria-label="Collapse watchlist"
                              className="flex h-9 w-9 shrink-0 items-center justify-center rounded-[10px] text-fg tran..."
-                             data-cursor-ref="e21"
                            >
                    ...
      ...
 "\n\u001b[31m    at console.error (lib/auth/suppress-stale-auth-console-errors.ts:32:5)\u001b[39m\n  \u001b[90m30 |\u001b[0m   console.error = (...args: unknown[]) => {\n  \u001b[90m31 |\u001b[0m     \u001b[36mif\u001b[0m (args.some(looksLikeStaleAuthConsoleArg)) \u001b[36mreturn\u001b[0m;\n\u001b[31m\u001b[1m>\u001b[0m \u001b[90m32 |\u001b[0m     original(...args);\n  \u001b[90m   |\u001b[0m     \u001b[31m\u001b[1m^\u001b[0m\n  \u001b[90m33 |\u001b[0m   };\n  \u001b[90m34 |\u001b[0m }\n  \u001b[90m35 |\u001b[0m" "\u001b[2m(lib/auth/suppress-stale-auth-console-errors.ts:32:5)\u001b[22m"
[watchlist-enrich] enrichment_load_trigger
[watchlist-enrich] enrichment_cache_hit (session)
[FINSEPA_PROVIDER_TRACE] EODHD fetchEodhdRealtimeSymbolsRaw {"symbolsInRequest":14}
[FINSEPA_PROVIDER_TRACE] EODHD fetchEodhdIntraday {"symbol":"BTC-USD.CC"}
[FINSEPA_PROVIDER_TRACE] EODHD fetchEodhdIntraday {"symbol":"BTC-USD.CC"}
[watchlist-state] refetch_response {"collectionCount":3,"detail":"GET /api/watchlist","itemCount":26,"ok":true,"ts":"2026-09-08T11:15:08.162Z"}
[watchlist-sync] bootstrap_server_canonical_adopt
[watchlist-state] state_replace {"activeItemCount":15,"activeSectionCount":8,"caller":"adoptServerCanonical","collectionCount":3,"dragMatchesExpectedPosition":null,"dragMatchesOptimistic":null,"dragTicker":null,"dragTickerIndex":null,"dragTickerSection":null,"fromServerSync":true,"itemCount":26,"msSinceDragStart":null,"reason":"bootstrap GET success","source":"server_refetch","ts":"2026-09-08T11:15:08.162Z"}
[watchlist-state] refetch_start {"detail":"applyFreshServerState","ts":"2026-09-08T11:15:08.167Z"}
[watchlist-state] refetch_start {"detail":"GET /api/watchlist","ts":"2026-09-08T11:15:08.167Z"}
%cDownload the React DevTools for a better development experience: https://react.dev/link/react-devtools font-weight:bold
[crypto-1d-ws] "BTC" {}
[watchlist-sync] bootstrap_cache_display
[watchlist-state] state_replace {"activeItemCount":15,"activeSectionCount":8,"caller":"bootstrap","collectionCount":3,"dragMatchesExpectedPosition":null,"dragMatchesOptimistic":null,"dragTicker":null,"dragTickerIndex":null,"dragTickerSection":null,"fromServerSync":false,"itemCount":26,"msSinceDragStart":null,"reason":"cache display before GET","source":"localStorage_bootstrap","ts":"2026-09-08T11:15:08.460Z"}
[watchlist-state] refetch_start {"detail":"GET /api/watchlist","ts":"2026-09-08T11:15:08.461Z"}
[watchlist-enrich] enrichment_load_trigger
%c[Vercel Web Analytics]%c Debug mode is enabled by default in development. No requests will be sent to the server. color: rgb(120, 120, 120) color: inherit
%c[Vercel Web Analytics]%c Running queued event color: rgb(120, 120, 120) color: inherit pageview {"path":"/crypto/BTC","route":"/crypto/[symbol]"}
%c[Vercel Web Analytics]%c [view] http://localhost:3000/crypto/BTC color: rgb(120, 120, 120) color: inherit {"dp":"/crypto/[symbol]","o":"http://localhost:3000/crypto/BTC","sdkn":"@vercel/analytics/next","sdkv":"2.0.1","sv":"0.1.3","ts":1788866108533} /_vercel/insights/view
%c[Vercel Speed Insights]%c Debug mode is enabled by default in development. No requests will be sent to the server. color: rgb(120, 120, 120) color: inherit
[watchlist-enrich] enrichment_cache_hit (session)
[watchlist-state] refetch_response {"collectionCount":3,"detail":"GET /api/watchlist","itemCount":26,"ok":true,"ts":"2026-09-08T11:15:09.158Z"}
[watchlist-sync] bootstrap_server_canonical_adopt
[watchlist-state] state_replace {"activeItemCount":15,"activeSectionCount":8,"caller":"adoptServerCanonical","collectionCount":3,"dragMatchesExpectedPosition":null,"dragMatchesOptimistic":null,"dragTicker":null,"dragTickerIndex":null,"dragTickerSection":null,"fromServerSync":true,"itemCount":26,"msSinceDragStart":null,"reason":"bootstrap GET success","source":"server_refetch","ts":"2026-09-08T11:15:09.158Z"}
[watchlist-state] refetch_start {"detail":"applyFreshServerState","ts":"2026-09-08T11:15:09.164Z"}
[watchlist-state] refetch_start {"detail":"GET /api/watchlist","ts":"2026-09-08T11:15:09.164Z"}
[portfolio/workspace PUT] ledger warnings {}
[FINSEPA_PROVIDER_TRACE] EODHD fetchEodhdIntraday {"symbol":"BTC-USD.CC"}
[FINSEPA_PROVIDER_TRACE] EODHD fetchEodhdIntraday {"symbol":"BTC-USD.CC"}
[FINSEPA_PROVIDER_TRACE] EODHD fetchEodhdIntraday {"symbol":"BTC-USD.CC"}
[FINSEPA_PROVIDER_TRACE] EODHD fetchEodhdIntraday {"symbol":"BTC-USD.CC"}
[watchlist-state] refetch_response {"collectionCount":3,"detail":"GET /api/watchlist","itemCount":26,"ok":true,"ts":"2026-09-08T11:15:09.603Z"}
[watchlist-state] refetch_response {"detail":"applyFreshServerState","ok":true,"ts":"2026-09-08T11:15:09.603Z"}
[watchlist-state] state_replace {"activeItemCount":15,"activeSectionCount":8,"caller":"adoptServerCanonical","collectionCount":3,"dragMatchesExpectedPosition":null,"dragMatchesOptimistic":null,"dragTicker":null,"dragTickerIndex":null,"dragTickerSection":null,"fromServerSync":true,"itemCount":26,"msSinceDragStart":null,"reason":"applyFreshServerState","source":"server_refetch","ts":"2026-09-08T11:15:09.603Z"}
[watchlist-sync] bootstrap_cache_display
[watchlist-state] state_replace {"activeItemCount":15,"activeSectionCount":8,"caller":"bootstrap","collectionCount":3,"dragMatchesExpectedPosition":null,"dragMatchesOptimistic":null,"dragTicker":null,"dragTickerIndex":null,"dragTickerSection":null,"fromServerSync":false,"itemCount":26,"msSinceDragStart":null,"reason":"cache display before GET","source":"localStorage_bootstrap","ts":"2026-09-08T11:15:09.605Z"}
[watchlist-state] refetch_start {"detail":"GET /api/watchlist","ts":"2026-09-08T11:15:09.606Z"}
[crypto-live-price api] "BTC" {}
[crypto-live-price api] "BTC" {}
[crypto-live-price poll] BTC {"cacheControl":"private, no-store","fetchedTimestamp":"Tue, 08 Sep 2026 11:15:09 GMT","polledAt":"2026-09-08T11:15:09.741Z","previousPrice":null,"price":78316.9,"quotedAt":"2026-09-08T11:15:00.000Z","quotedAtSec":1788866100,"renderedPrice":78316.9,"renderedTimestamp":"Sep 8, 2026 at 11:14 AM UTC, USD","source":"ws","stateChanged":true}
[watchlist-state] refetch_response {"collectionCount":3,"detail":"GET /api/watchlist","itemCount":26,"ok":true,"ts":"2026-09-08T11:15:09.847Z"}
[watchlist-sync] bootstrap_server_canonical_adopt
[watchlist-state] state_replace {"activeItemCount":15,"activeSectionCount":8,"caller":"adoptServerCanonical","collectionCount":3,"dragMatchesExpectedPosition":null,"dragMatchesOptimistic":null,"dragTicker":null,"dragTickerIndex":null,"dragTickerSection":null,"fromServerSync":true,"itemCount":26,"msSinceDragStart":null,"reason":"bootstrap GET success","source":"server_refetch","ts":"2026-09-08T11:15:09.848Z"}
[eodhd intraday] raw provider row sample {}
[eodhd intraday] empty {}
[FINSEPA_PROVIDER_TRACE] EODHD fetchEodhdIntraday {"symbol":"BTC-USDT.CC"}
[portfolio/workspace PUT] ledger warnings {}
[eodhd intraday] non-OK {}
[crypto-1d-ws] "BTC" {}
[crypto-chart-api] "BTC" {}
[eodhd intraday] raw provider row sample {}
[eodhd intraday] empty {}
[FINSEPA_PROVIDER_TRACE] EODHD fetchEodhdIntraday {"symbol":"BTC-USDT.CC"}
[eodhd intraday] non-OK {}
[crypto-1d-ws] "BTC" {}
[crypto-chart-api] "BTC" {}
[crypto-chart 1D poll] BTC {"firstPointTime":"2026-09-07T11:14:00.000Z","lastPointTime":"2026-09-08T11:14:00.000Z","pointCount":721}
[FINSEPA_PROVIDER_TRACE] EODHD fetchEodhdCryptoDailyBars {"symbol":"BTC-USD.CC"}
[FINSEPA_PROVIDER_TRACE] EODHD fetchEodhdCryptoDailyBars {"symbol":"ETH-USD.CC"}
[FINSEPA_PROVIDER_TRACE] EODHD fetchEodhdCryptoDailyBars {"symbol":"BTC-USD.CC"}
[FINSEPA_PROVIDER_TRACE] EODHD fetchEodhdCryptoDailyBars {"symbol":"ETH-USD.CC"}
[FINSEPA_PROVIDER_TRACE] EODHD fetchEodhdSearch {"q":"msft","limit":120}
[FINSEPA_PROVIDER_TRACE] EODHD fetchEodhdExchangeSymbolListUncached {"exchange":"CC"}
[FINSEPA_PROVIDER_TRACE] EODHD fetchEodhdScreenerUncached {"offset":0,"limit":100}
[FINSEPA_PROVIDER_TRACE] EODHD fetchEodhdScreenerUncached {"offset":100,"limit":100}
[FINSEPA_PROVIDER_TRACE] EODHD fetchEodhdScreenerUncached {"offset":200,"limit":100}
[FINSEPA_PROVIDER_TRACE] EODHD fetchEodhdScreenerUncached {"offset":300,"limit":100}
[FINSEPA_PROVIDER_TRACE] EODHD fetchEodhdScreenerUncached {"offset":400,"limit":100}
[FINSEPA_PROVIDER_TRACE] EODHD fetchEodhdScreenerUncached {"offset":500,"limit":100}
[FINSEPA_PROVIDER_TRACE] EODHD fetchEodhdScreenerUncached {"offset":600,"limit":100}
[FINSEPA_PROVIDER_TRACE] EODHD fetchEodhdScreenerUncached {"offset":700,"limit":100}
[FINSEPA_PROVIDER_TRACE] EODHD fetchEodhdScreenerUncached {"offset":800,"limit":100}
[FINSEPA_PROVIDER_TRACE] EODHD fetchEodhdScreenerUncached {"offset":900,"limit":100}
%cDownload the React DevTools for a better development experience: https://react.dev/link/react-devtools font-weight:bold
[watchlist-sync] bootstrap_cache_display
[watchlist-state] state_replace {"activeItemCount":15,"activeSectionCount":8,"caller":"bootstrap","collectionCount":3,"dragMatchesExpectedPosition":null,"dragMatchesOptimistic":null,"dragTicker":null,"dragTickerIndex":null,"dragTickerSection":null,"fromServerSync":false,"itemCount":26,"msSinceDragStart":null,"reason":"cache display before GET","source":"localStorage_bootstrap","ts":"2026-09-08T11:15:44.162Z"}
[watchlist-state] refetch_start {"detail":"GET /api/watchlist","ts":"2026-09-08T11:15:44.164Z"}
[watchlist-enrich] enrichment_load_trigger
[watchlist-enrich] enrichment_cache_hit (session)
[FINSEPA_PROVIDER_TRACE] EODHD fetchEodhdIntraday {"symbol":"MSFT.US"}
[FINSEPA_PROVIDER_TRACE] EODHD fetchEodhdIntraday {"symbol":"MSFT.US"}
[FINSEPA_PROVIDER_TRACE] EODHD fetchEodhdIntraday {"symbol":"MSFT.US"}
[FINSEPA_PROVIDER_TRACE] EODHD fetchEodhdEodDaily {"symbol":"MSFT.US","closeMode":"adjusted"}
[FINSEPA_PROVIDER_TRACE] EODHD fetchEodhdIntraday {"symbol":"MSFT.US"}
[header-display-price] MSFT {"changeAbs":-10.420000000000016,"changePct":-2.0426566298125963,"chartLoading":false,"price":499.7}
[header-display-price] MSFT {"changeAbs":-10.420000000000016,"changePct":-2.0426566298125963,"chartLoading":false,"price":499.7}
[FINSEPA_PROVIDER_TRACE] EODHD fetchEodhdIntraday {"symbol":"MSFT.US"}
%c[Vercel Web Analytics]%c Debug mode is enabled by default in development. No requests will be sent to the server. color: rgb(120, 120, 120) color: inherit
%c[Vercel Web Analytics]%c Running queued event color: rgb(120, 120, 120) color: inherit pageview {"path":"/stock/MSFT","route":"/stock/[ticker]"}
%c[Vercel Web Analytics]%c [view] http://localhost:3000/stock/MSFT?bench=16 color: rgb(120, 120, 120) color: inherit {"dp":"/stock/[ticker]","o":"http://localhost:3000/stock/MSFT?bench=16","r":"","sdkn":"@vercel/analytics/next","sdkv":"2.0.1","sv":"0.1.3","ts":1788866144648} /_vercel/insights/view
%c[Vercel Speed Insights]%c Debug mode is enabled by default in development. No requests will be sent to the server. color: rgb(120, 120, 120) color: inherit
[eodhd intraday] raw provider row sample {}
[eodhd intraday] raw provider row sample {}
[eodhd intraday] raw provider row sample {}
[live-price] "MSFT" {}
[eodhd intraday] raw provider row sample {}
[eodhd intraday] raw provider row sample {}
[price-chart 1D refetch] MSFT {"firstPointTime":"2026-09-04T13:30:00.000Z","lastPointTime":"2026-09-04T20:00:00.000Z","receivedCount":391,"session":"pre","sessionDate":"2026-09-04"}
[FINSEPA_PROVIDER_TRACE] EODHD fetchEodhdIntraday {"symbol":"MSFT.US"}
[price-chart 1D refetch] MSFT {"firstPointTime":"2026-09-04T13:30:00.000Z","lastPointTime":"2026-09-04T20:00:00.000Z","receivedCount":391,"session":"pre","sessionDate":"2026-09-04"}
[FINSEPA_PROVIDER_TRACE] EODHD fetchEodhdRealtimeSymbolsRaw {"symbolsInRequest":14}
[FINSEPA_PROVIDER_TRACE] EODHD fetchEodhdFundamentalsJsonUncached {"symbol":"MSFT.US"}
[watchlist-state] refetch_response {"collectionCount":3,"detail":"GET /api/watchlist","itemCount":26,"ok":true,"ts":"2026-09-08T11:15:45.987Z"}
[watchlist-sync] bootstrap_server_canonical_adopt
[watchlist-state] state_replace {"activeItemCount":15,"activeSectionCount":8,"caller":"adoptServerCanonical","collectionCount":3,"dragMatchesExpectedPosition":null,"dragMatchesOptimistic":null,"dragTicker":null,"dragTickerIndex":null,"dragTickerSection":null,"fromServerSync":true,"itemCount":26,"msSinceDragStart":null,"reason":"bootstrap GET success","source":"server_refetch","ts":"2026-09-08T11:15:45.987Z"}
[watchlist-state] refetch_start {"detail":"applyFreshServerState","ts":"2026-09-08T11:15:45.992Z"}
[watchlist-state] refetch_start {"detail":"GET /api/watchlist","ts":"2026-09-08T11:15:45.992Z"}
[eodhd intraday] raw provider row sample {}
[live-price] "MSFT" {}
[header-live-spot] MSFT {"ok":true,"price":499.47,"quotedAtSec":1788552000}
[portfolio/workspace PUT] ledger warnings {}
[watchlist-state] refetch_response {"collectionCount":3,"detail":"GET /api/watchlist","itemCount":26,"ok":true,"ts":"2026-09-08T11:15:46.382Z"}
[watchlist-state] refetch_response {"detail":"applyFreshServerState","ok":true,"ts":"2026-09-08T11:15:46.382Z"}
[watchlist-state] state_replace {"activeItemCount":15,"activeSectionCount":8,"caller":"adoptServerCanonical","collectionCount":3,"dragMatchesExpectedPosition":null,"dragMatchesOptimistic":null,"dragTicker":null,"dragTickerIndex":null,"dragTickerSection":null,"fromServerSync":true,"itemCount":26,"msSinceDragStart":null,"reason":"applyFreshServerState","source":"server_refetch","ts":"2026-09-08T11:15:46.382Z"}
[watchlist-sync] bootstrap_cache_display
[watchlist-state] state_replace {"activeItemCount":15,"activeSectionCount":8,"caller":"bootstrap","collectionCount":3,"dragMatchesExpectedPosition":null,"dragMatchesOptimistic":null,"dragTicker":null,"dragTickerIndex":null,"dragTickerSection":null,"fromServerSync":false,"itemCount":26,"msSinceDragStart":null,"reason":"cache display before GET","source":"localStorage_bootstrap","ts":"2026-09-08T11:15:46.384Z"}
[watchlist-state] refetch_start {"detail":"GET /api/watchlist","ts":"2026-09-08T11:15:46.385Z"}
[watchlist-state] refetch_response {"collectionCount":3,"detail":"GET /api/watchlist","itemCount":26,"ok":true,"ts":"2026-09-08T11:15:46.592Z"}
[watchlist-sync] bootstrap_server_canonical_adopt
[watchlist-state] state_replace {"activeItemCount":15,"activeSectionCount":8,"caller":"adoptServerCanonical","collectionCount":3,"dragMatchesExpectedPosition":null,"dragMatchesOptimistic":null,"dragTicker":null,"dragTickerIndex":null,"dragTickerSection":null,"fromServerSync":true,"itemCount":26,"msSinceDragStart":null,"reason":"bootstrap GET success","source":"server_refetch","ts":"2026-09-08T11:15:46.593Z"}
[FINSEPA_PROVIDER_TRACE] EODHD fetchEodhdUsQuoteDelayed {"symbol":"MSFT.US"}
[FINSEPA_PROVIDER_TRACE] EODHD fetchEodhdCryptoDailyBars {"symbol":"BTC-USD.CC"}
[FINSEPA_PROVIDER_TRACE] EODHD fetchEodhdCryptoDailyBars {"symbol":"ETH-USD.CC"}
[FINSEPA_PROVIDER_TRACE] EODHD fetchEodhdFundamentalsJsonUncached {"symbol":"MSFT.US"}
[FINSEPA_PROVIDER_TRACE] EODHD fetchEodhdFundamentalsJsonUncached {"symbol":"MSFT.US"}
[FINSEPA_PROVIDER_TRACE] EODHD fetchEodhdEodDaily {"symbol":"MSFT.US","closeMode":"adjusted"}
[FINSEPA_PROVIDER_TRACE] EODHD fetchEodhdIntraday {"symbol":"MSFT.US"}
[eodhd intraday] raw provider row sample {}
[live-price] "MSFT" {}
[header-live-spot] MSFT {"ok":true,"price":499.47,"quotedAtSec":1788552000}
✓ Compiled in 655ms
[FINSEPA_PROVIDER_TRACE] EODHD fetchEodhdIntraday {"symbol":"MSFT.US"}
[eodhd intraday] raw provider row sample {}
[live-price] "MSFT" {}
✓ Compiled in 72ms
[header-live-spot] MSFT {"ok":true,"price":499.47,"quotedAtSec":1788552000}
[FINSEPA_PROVIDER_TRACE] EODHD fetchEodhdIntraday {"symbol":"MSFT.US"}
[eodhd intraday] raw provider row sample {}
[live-price] "MSFT" {}
[header-live-spot] MSFT {"ok":true,"price":499.47,"quotedAtSec":1788552000}
✓ Compiled in 114ms
[FINSEPA_PROVIDER_TRACE] EODHD fetchEodhdIntraday {"symbol":"MSFT.US"}
[eodhd intraday] raw provider row sample {}
[live-price] "MSFT" {}
[header-live-spot] MSFT {"ok":true,"price":499.47,"quotedAtSec":1788552000}
%cDownload the React DevTools for a better development experience: https://react.dev/link/react-devtools font-weight:bold
[watchlist-sync] bootstrap_cache_display
[watchlist-state] state_replace {"activeItemCount":15,"activeSectionCount":8,"caller":"bootstrap","collectionCount":3,"dragMatchesExpectedPosition":null,"dragMatchesOptimistic":null,"dragTicker":null,"dragTickerIndex":null,"dragTickerSection":null,"fromServerSync":false,"itemCount":26,"msSinceDragStart":null,"reason":"cache display before GET","source":"localStorage_bootstrap","ts":"2026-09-08T11:15:59.248Z"}
[watchlist-state] refetch_start {"detail":"GET /api/watchlist","ts":"2026-09-08T11:15:59.250Z"}
[watchlist-enrich] enrichment_load_trigger
%c[Vercel Web Analytics]%c Debug mode is enabled by default in development. No requests will be sent to the server. color: rgb(120, 120, 120) color: inherit
%c[Vercel Web Analytics]%c Running queued event color: rgb(120, 120, 120) color: inherit pageview {"path":"/stock/NVDA","route":"/stock/[ticker]"}
%c[Vercel Web Analytics]%c [view] http://localhost:3000/stock/NVDA?bench=17 color: rgb(120, 120, 120) color: inherit {"dp":"/stock/[ticker]","o":"http://localhost:3000/stock/NVDA?bench=17","r":"","sdkn":"@vercel/analytics/next","sdkv":"2.0.1","sv":"0.1.3","ts":1788866159321} /_vercel/insights/view
%c[Vercel Speed Insights]%c Debug mode is enabled by default in development. No requests will be sent to the server. color: rgb(120, 120, 120) color: inherit
[watchlist-enrich] enrichment_cache_hit (session)
[header-display-price] NVDA {"changeAbs":1.910000000000025,"changePct":0.8360691617421865,"chartLoading":false,"price":230.36}
[header-display-price] NVDA {"changeAbs":1.910000000000025,"changePct":0.8360691617421865,"chartLoading":false,"price":230.36}
[closed-1d api] "NVDA" {}
[FINSEPA_PROVIDER_TRACE] EODHD fetchEodhdIntraday {"symbol":"NVDA.US"}
[closed-1d api] "NVDA" {}
[FINSEPA_PROVIDER_TRACE] EODHD fetchEodhdIntraday {"symbol":"NVDA.US"}
[FINSEPA_PROVIDER_TRACE] EODHD fetchEodhdIntraday {"symbol":"NVDA.US"}
[FINSEPA_PROVIDER_TRACE] EODHD fetchEodhdEodDaily {"symbol":"NVDA.US","closeMode":"adjusted"}
[watchlist-state] refetch_response {"collectionCount":3,"detail":"GET /api/watchlist","itemCount":26,"ok":true,"ts":"2026-09-08T11:16:00.391Z"}
[watchlist-sync] bootstrap_server_canonical_adopt
[watchlist-state] state_replace {"activeItemCount":15,"activeSectionCount":8,"caller":"adoptServerCanonical","collectionCount":3,"dragMatchesExpectedPosition":null,"dragMatchesOptimistic":null,"dragTicker":null,"dragTickerIndex":null,"dragTickerSection":null,"fromServerSync":true,"itemCount":26,"msSinceDragStart":null,"reason":"bootstrap GET success","source":"server_refetch","ts":"2026-09-08T11:16:00.391Z"}
[watchlist-state] refetch_start {"detail":"applyFreshServerState","ts":"2026-09-08T11:16:00.397Z"}
[watchlist-state] refetch_start {"detail":"GET /api/watchlist","ts":"2026-09-08T11:16:00.397Z"}
[FINSEPA_PROVIDER_TRACE] EODHD fetchEodhdRealtimeSymbolsRaw {"symbolsInRequest":14}
[closed-1d api] "NVDA" {}
[FINSEPA_PROVIDER_TRACE] EODHD fetchEodhdIntraday {"symbol":"NVDA.US"}
[eodhd intraday] raw provider row sample {}
[closed-1d] "NVDA" {}
[chart-api-raw] "NVDA" {}
[closed-1d api] "NVDA" {}
[FINSEPA_PROVIDER_TRACE] EODHD fetchEodhdIntraday {"symbol":"NVDA.US"}
[eodhd intraday] raw provider row sample {}
[closed-1d] "NVDA" {}
[chart-api-raw] "NVDA" {}
[price-chart 1D refetch] NVDA {"firstPointTime":"2026-09-04T13:30:00.000Z","lastPointTime":"2026-09-04T20:00:00.000Z","receivedCount":391,"session":"pre","sessionDate":"2026-09-04"}
[FINSEPA_PROVIDER_TRACE] EODHD fetchEodhdIntraday {"symbol":"NVDA.US"}
[eodhd intraday] raw provider row sample {}
[closed-1d] "NVDA" {}
[chart-api-raw] "NVDA" {}
[eodhd intraday] raw provider row sample {}
[closed-1d] "NVDA" {}
[live-price] "NVDA" {}
[eodhd intraday] raw provider row sample {}
[closed-1d] "NVDA" {}
[chart-api-raw] "NVDA" {}
[eodhd intraday] raw provider row sample {}
[closed-1d] "NVDA" {}
[live-price] "NVDA" {}
[price-chart 1D refetch] NVDA {"firstPointTime":"2026-09-04T13:30:00.000Z","lastPointTime":"2026-09-04T20:00:00.000Z","receivedCount":391,"session":"pre","sessionDate":"2026-09-04"}
[header-live-spot] NVDA {"ok":true,"price":229.73,"quotedAtSec":1788552000}
[portfolio/workspace PUT] ledger warnings {}
[watchlist-state] refetch_response {"collectionCount":3,"detail":"GET /api/watchlist","itemCount":26,"ok":true,"ts":"2026-09-08T11:16:01.974Z"}
[watchlist-state] refetch_response {"detail":"applyFreshServerState","ok":true,"ts":"2026-09-08T11:16:01.974Z"}
[watchlist-state] state_replace {"activeItemCount":15,"activeSectionCount":8,"caller":"adoptServerCanonical","collectionCount":3,"dragMatchesExpectedPosition":null,"dragMatchesOptimistic":null,"dragTicker":null,"dragTickerIndex":null,"dragTickerSection":null,"fromServerSync":true,"itemCount":26,"msSinceDragStart":null,"reason":"applyFreshServerState","source":"server_refetch","ts":"2026-09-08T11:16:01.974Z"}
[watchlist-sync] bootstrap_cache_display
[watchlist-state] state_replace {"activeItemCount":15,"activeSectionCount":8,"caller":"bootstrap","collectionCount":3,"dragMatchesExpectedPosition":null,"dragMatchesOptimistic":null,"dragTicker":null,"dragTickerIndex":null,"dragTickerSection":null,"fromServerSync":false,"itemCount":26,"msSinceDragStart":null,"reason":"cache display before GET","source":"localStorage_bootstrap","ts":"2026-09-08T11:16:01.977Z"}
[watchlist-state] refetch_start {"detail":"GET /api/watchlist","ts":"2026-09-08T11:16:01.978Z"}
[watchlist-state] refetch_response {"collectionCount":3,"detail":"GET /api/watchlist","itemCount":26,"ok":true,"ts":"2026-09-08T11:16:02.172Z"}
[watchlist-sync] bootstrap_server_canonical_adopt
[watchlist-state] state_replace {"activeItemCount":15,"activeSectionCount":8,"caller":"adoptServerCanonical","collectionCount":3,"dragMatchesExpectedPosition":null,"dragMatchesOptimistic":null,"dragTicker":null,"dragTickerIndex":null,"dragTickerSection":null,"fromServerSync":true,"itemCount":26,"msSinceDragStart":null,"reason":"bootstrap GET success","source":"server_refetch","ts":"2026-09-08T11:16:02.173Z"}
[FINSEPA_PROVIDER_TRACE] EODHD fetchEodhdUsQuoteDelayed {"symbol":"NVDA.US"}
[FINSEPA_PROVIDER_TRACE] EODHD fetchEodhdCryptoDailyBars {"symbol":"BTC-USD.CC"}
[FINSEPA_PROVIDER_TRACE] EODHD fetchEodhdCryptoDailyBars {"symbol":"ETH-USD.CC"}
[closed-1d api] "NVDA" {}
[chart-api-raw] "NVDA" {}
[FINSEPA_PROVIDER_TRACE] EODHD fetchEodhdIntraday {"symbol":"NVDA.US"}
[closed-1d api] "NVDA" {}
[chart-api-raw] "NVDA" {}
[eodhd intraday] raw provider row sample {}
[closed-1d] "NVDA" {}
[live-price] "NVDA" {}
[header-live-spot] NVDA {"ok":true,"price":229.73,"quotedAtSec":1788552000}
[closed-1d api] "NVDA" {}
[chart-api-raw] "NVDA" {}
[FINSEPA_PROVIDER_TRACE] EODHD fetchEodhdIntraday {"symbol":"NVDA.US"}
[closed-1d api] "NVDA" {}
[chart-api-raw] "NVDA" {}
[eodhd intraday] raw provider row sample {}
[closed-1d] "NVDA" {}
[live-price] "NVDA" {}
[header-live-spot] NVDA {"ok":true,"price":229.73,"quotedAtSec":1788552000}
[closed-1d api] "NVDA" {}
[chart-api-raw] "NVDA" {}
[FINSEPA_PROVIDER_TRACE] EODHD fetchEodhdIntraday {"symbol":"NVDA.US"}
[closed-1d api] "NVDA" {}
[chart-api-raw] "NVDA" {}
[eodhd intraday] raw provider row sample {}
[closed-1d] "NVDA" {}
[live-price] "NVDA" {}
[header-live-spot] NVDA {"ok":true,"price":229.73,"quotedAtSec":1788552000}
[FINSEPA_PROVIDER_TRACE] EODHD fetchEodhdEodDaily {"symbol":"NVDA.US","closeMode":"adjusted"}
[FINSEPA_PROVIDER_TRACE] EODHD fetchEodhdUsQuoteDelayed {"symbol":"NVDA.US"}
[FINSEPA_PROVIDER_TRACE] EODHD fetchEodhdIntraday {"symbol":"NVDA.US"}
[eodhd intraday] raw provider row sample {}
[closed-1d] "NVDA" {}
[live-price] "NVDA" {}
[header-live-spot] NVDA {"ok":true,"price":229.73,"quotedAtSec":1788552000}
[FINSEPA_PROVIDER_TRACE] EODHD fetchEodhdEodDaily {"symbol":"NVDA.US","closeMode":"adjusted"}
[FINSEPA_PROVIDER_TRACE] EODHD fetchEodhdUsQuoteDelayed {"symbol":"NVDA.US"}
[FINSEPA_PROVIDER_TRACE] EODHD fetchEodhdIntraday {"symbol":"NVDA.US"}
[eodhd intraday] raw provider row sample {}
[closed-1d] "NVDA" {}
[live-price] "NVDA" {}
[header-live-spot] NVDA {"ok":true,"price":229.73,"quotedAtSec":1788552000}
[FINSEPA_PROVIDER_TRACE] EODHD fetchEodhdEodDaily {"symbol":"NVDA.US","closeMode":"adjusted"}
[FINSEPA_PROVIDER_TRACE] EODHD fetchEodhdUsQuoteDelayed {"symbol":"NVDA.US"}
[FINSEPA_PROVIDER_TRACE] EODHD fetchEodhdIntraday {"symbol":"NVDA.US"}
[eodhd intraday] raw provider row sample {}
[closed-1d] "NVDA" {}
[live-price] "NVDA" {}
[header-live-spot] NVDA {"ok":true,"price":229.73,"quotedAtSec":1788552000}
[FINSEPA_PROVIDER_TRACE] EODHD fetchEodhdEodDaily {"symbol":"NVDA.US","closeMode":"adjusted"}
[FINSEPA_PROVIDER_TRACE] EODHD fetchEodhdUsQuoteDelayed {"symbol":"NVDA.US"}
[FINSEPA_PROVIDER_TRACE] EODHD fetchEodhdIntraday {"symbol":"NVDA.US"}
[eodhd intraday] raw provider row sample {}
[closed-1d] "NVDA" {}
[live-price] "NVDA" {}
[header-live-spot] NVDA {"ok":true,"price":229.73,"quotedAtSec":1788552000}
[FINSEPA_PROVIDER_TRACE] EODHD fetchEodhdEodDaily {"symbol":"NVDA.US","closeMode":"adjusted"}
[FINSEPA_PROVIDER_TRACE] EODHD fetchEodhdUsQuoteDelayed {"symbol":"NVDA.US"}
[FINSEPA_PROVIDER_TRACE] EODHD fetchEodhdIntraday {"symbol":"NVDA.US"}
[eodhd intraday] raw provider row sample {}
[closed-1d] "NVDA" {}
[live-price] "NVDA" {}
[header-live-spot] NVDA {"ok":true,"price":229.73,"quotedAtSec":1788552000}
[FINSEPA_PROVIDER_TRACE] EODHD fetchEodhdEodDaily {"symbol":"NVDA.US","closeMode":"adjusted"}
[FINSEPA_PROVIDER_TRACE] EODHD fetchEodhdUsQuoteDelayed {"symbol":"NVDA.US"}
[FINSEPA_PROVIDER_TRACE] EODHD fetchEodhdIntraday {"symbol":"NVDA.US"}
[eodhd intraday] raw provider row sample {}
[closed-1d] "NVDA" {}
[live-price] "NVDA" {}
[header-live-spot] NVDA {"ok":true,"price":229.73,"quotedAtSec":1788552000}
[FINSEPA_PROVIDER_TRACE] EODHD fetchEodhdEodDaily {"symbol":"NVDA.US","closeMode":"adjusted"}
[FINSEPA_PROVIDER_TRACE] EODHD fetchEodhdUsQuoteDelayed {"symbol":"NVDA.US"}
[FINSEPA_PROVIDER_TRACE] EODHD fetchEodhdIntraday {"symbol":"NVDA.US"}
[eodhd intraday] raw provider row sample {}
[closed-1d] "NVDA" {}
[live-price] "NVDA" {}
[header-live-spot] NVDA {"ok":true,"price":229.73,"quotedAtSec":1788552000}
[FINSEPA_PROVIDER_TRACE] EODHD fetchEodhdEodDaily {"symbol":"NVDA.US","closeMode":"adjusted"}
[FINSEPA_PROVIDER_TRACE] EODHD fetchEodhdUsQuoteDelayed {"symbol":"NVDA.US"}
[FINSEPA_PROVIDER_TRACE] EODHD fetchEodhdIntraday {"symbol":"NVDA.US"}
[eodhd intraday] raw provider row sample {}
[closed-1d] "NVDA" {}
[live-price] "NVDA" {}
[header-live-spot] NVDA {"ok":true,"price":229.73,"quotedAtSec":1788552000}
[FINSEPA_PROVIDER_TRACE] EODHD fetchEodhdEodDaily {"symbol":"NVDA.US","closeMode":"adjusted"}
[FINSEPA_PROVIDER_TRACE] EODHD fetchEodhdUsQuoteDelayed {"symbol":"NVDA.US"}
[FINSEPA_PROVIDER_TRACE] EODHD fetchEodhdIntraday {"symbol":"NVDA.US"}
[eodhd intraday] raw provider row sample {}
[closed-1d] "NVDA" {}
[live-price] "NVDA" {}
[header-live-spot] NVDA {"ok":true,"price":229.73,"quotedAtSec":1788552000}
[FINSEPA_PROVIDER_TRACE] EODHD fetchEodhdEodDaily {"symbol":"NVDA.US","closeMode":"adjusted"}
[FINSEPA_PROVIDER_TRACE] EODHD fetchEodhdUsQuoteDelayed {"symbol":"NVDA.US"}
[FINSEPA_PROVIDER_TRACE] EODHD fetchEodhdIntraday {"symbol":"NVDA.US"}
[eodhd intraday] raw provider row sample {}
[closed-1d] "NVDA" {}
[live-price] "NVDA" {}
[header-live-spot] NVDA {"ok":true,"price":229.73,"quotedAtSec":1788552000}
[FINSEPA_PROVIDER_TRACE] EODHD fetchEodhdEodDaily {"symbol":"NVDA.US","closeMode":"adjusted"}
[FINSEPA_PROVIDER_TRACE] EODHD fetchEodhdUsQuoteDelayed {"symbol":"NVDA.US"}
[FINSEPA_PROVIDER_TRACE] EODHD fetchEodhdIntraday {"symbol":"NVDA.US"}
[eodhd intraday] raw provider row sample {}
[closed-1d] "NVDA" {}
[live-price] "NVDA" {}
[header-live-spot] NVDA {"ok":true,"price":229.73,"quotedAtSec":1788552000}
[FINSEPA_PROVIDER_TRACE] EODHD fetchEodhdRealtimeSymbolsRaw {"symbolsInRequest":14}
[FINSEPA_PROVIDER_TRACE] EODHD fetchEodhdEodDaily {"symbol":"NVDA.US","closeMode":"adjusted"}
[FINSEPA_PROVIDER_TRACE] EODHD fetchEodhdCryptoDailyBars {"symbol":"BTC-USD.CC"}
[FINSEPA_PROVIDER_TRACE] EODHD fetchEodhdCryptoDailyBars {"symbol":"ETH-USD.CC"}
[FINSEPA_PROVIDER_TRACE] EODHD fetchEodhdUsQuoteDelayed {"symbol":"NVDA.US"}
[FINSEPA_PROVIDER_TRACE] EODHD fetchEodhdRealtimeSymbolsRaw {"symbolsInRequest":14}
[portfolio/workspace PUT] ledger warnings {}
[FINSEPA_PROVIDER_TRACE] EODHD fetchEodhdCryptoDailyBars {"symbol":"BTC-USD.CC"}
[FINSEPA_PROVIDER_TRACE] EODHD fetchEodhdCryptoDailyBars {"symbol":"ETH-USD.CC"}
[FINSEPA_PROVIDER_TRACE] EODHD fetchEodhdIntraday {"symbol":"NVDA.US"}
[eodhd intraday] raw provider row sample {}
[closed-1d] "NVDA" {}
[live-price] "NVDA" {}
[header-live-spot] NVDA {"ok":true,"price":229.73,"quotedAtSec":1788552000}
[FINSEPA_PROVIDER_TRACE] EODHD fetchEodhdEodDaily {"symbol":"NVDA.US","closeMode":"adjusted"}
[FINSEPA_PROVIDER_TRACE] EODHD fetchEodhdUsQuoteDelayed {"symbol":"NVDA.US"}
[FINSEPA_PROVIDER_TRACE] EODHD fetchEodhdIntraday {"symbol":"NVDA.US"}
[eodhd intraday] raw provider row sample {}
[closed-1d] "NVDA" {}
[live-price] "NVDA" {}
[header-live-spot] NVDA {"ok":true,"price":229.73,"quotedAtSec":1788552000}
[FINSEPA_PROVIDER_TRACE] EODHD fetchEodhdEodDaily {"symbol":"NVDA.US","closeMode":"adjusted"}
[FINSEPA_PROVIDER_TRACE] EODHD fetchEodhdUsQuoteDelayed {"symbol":"NVDA.US"}
[FINSEPA_PROVIDER_TRACE] EODHD fetchEodhdIntraday {"symbol":"NVDA.US"}
[eodhd intraday] raw provider row sample {}
[closed-1d] "NVDA" {}
[live-price] "NVDA" {}
[header-live-spot] NVDA {"ok":true,"price":229.73,"quotedAtSec":1788552000}
[FINSEPA_PROVIDER_TRACE] EODHD fetchEodhdEodDaily {"symbol":"NVDA.US","closeMode":"adjusted"}
[FINSEPA_PROVIDER_TRACE] EODHD fetchEodhdUsQuoteDelayed {"symbol":"NVDA.US"}
[FINSEPA_PROVIDER_TRACE] EODHD fetchEodhdIntraday {"symbol":"NVDA.US"}
[eodhd intraday] raw provider row sample {}
[closed-1d] "NVDA" {}
[live-price] "NVDA" {}
[header-live-spot] NVDA {"ok":true,"price":229.73,"quotedAtSec":1788552000}
[FINSEPA_PROVIDER_TRACE] EODHD fetchEodhdEodDaily {"symbol":"NVDA.US","closeMode":"adjusted"}
[FINSEPA_PROVIDER_TRACE] EODHD fetchEodhdUsQuoteDelayed {"symbol":"NVDA.US"}
[FINSEPA_PROVIDER_TRACE] EODHD fetchEodhdIntraday {"symbol":"NVDA.US"}
[eodhd intraday] raw provider row sample {}
[closed-1d] "NVDA" {}
[live-price] "NVDA" {}
[header-live-spot] NVDA {"ok":true,"price":229.73,"quotedAtSec":1788552000}
[FINSEPA_PROVIDER_TRACE] EODHD fetchEodhdEodDaily {"symbol":"NVDA.US","closeMode":"adjusted"}
[FINSEPA_PROVIDER_TRACE] EODHD fetchEodhdUsQuoteDelayed {"symbol":"NVDA.US"}
