npm warn Unknown env config "devdir". This will stop working in the next major version of npm. See `npm help npmrc` for supported config options.

> finsepa@0.1.0 dev
> PORT=3000 next dev -p 3000

▲ Next.js 16.2.1 (Turbopack)
- Local:         http://localhost:3000
- Network:       http://10.16.42.85:3000
- Environments: .env.local
✓ Ready in 281ms
⚠ The "middleware" file convention is deprecated. Please use "proxy" instead. Learn more: https://nextjs.org/docs/messages/middleware-to-proxy

 GET /login 200 in 398ms (next.js: 136ms, proxy.ts: 57ms, application-code: 206ms)
 GET /__bench_bench-20260908-125010_01_shell_start__ 404 in 50ms (next.js: 26ms, application-code: 25ms)
[FINSEPA_PROVIDER_TRACE] scope=/screener ssr market=stocks eodhd_http=0 byFn={}
 GET /screener?bench=bench-20260908-125010&step=01-shell 200 in 1520ms (next.js: 97ms, proxy.ts: 361ms, application-code: 1062ms)
 GET /login?next=%2Fscreener 200 in 219ms (next.js: 11ms, proxy.ts: 9ms, application-code: 199ms)
[browser] A tree hydrated but some attributes of the server rendered HTML didn't match the client properties. This won't be patched up. This can happen if a SSR-ed Client Component used:

- A server/client branch `if (typeof window !== 'undefined')`.
- Variable input such as `Date.now()` or `Math.random()` which changes each time it's called.
- Date formatting in a user's locale which doesn't match the server.
- External changing data without sending a snapshot of it along with the HTML.
- Invalid HTML tag nesting.

It can also happen if the client has a browser extension installed which messes with the HTML before React loaded.

https://react.dev/link/hydration-mismatch

  ...
    <ProtectedAppChrome userId="52373158-0..." userInitials="VR" avatarUrl="https://lh..." ...>
      <MobileAssetTopbarProvider>
        <MobilePrimaryNavProvider>
          <MarketsTabHostProvider>
            <StockDetailTabHostProvider>
              <div id="app-shell-..." suppressHydrationWarning={true} className="mobile-doc...">
                <Suspense>
                <Suspense>
                <div suppressHydrationWarning={true} className="fixed inse..." style={{width:"72px"}}>
                  <Sidebar>
                    <aside suppressHydrationWarning={true} className="flex h-ful...">
                      <SidebarChromeHeader>
                        <div ref={{current:null}} suppressHydrationWarning={true} className="relative m...">
                          <LinkComponent href="/screener" aria-label="Finsepa ho..." className="absolute t..." ...>
                            <a
                              aria-label="Finsepa home — Screener"
                              className="absolute top-1/2 h-8 w-8 -translate-y-1/2 rounded-md text-fg outline-none foc..."
                              style={{left:20}}
                              ref={function}
                              onClick={function onClick}
                              onMouseEnter={function onMouseEnter}
                              onTouchStart={function onTouchStart}
                              href="/screener"
-                             data-cursor-ref="e0"
                            >
                      ...
                <div suppressHydrationWarning={true} className="shell-desk..." style={{...}}>
                  <div suppressHydrationWarning={true} className="shell-desk...">
                    <SidebarEdgeCollapseHandle onActiveChange={function bound dispatchSetState}>
                      <div className="pointer-ev..." onMouseEnter={function handleEnter} ...>
                        <button
                          ref={{current:null}}
                          type="button"
                          onClick={function handleClick}
                          aria-expanded={false}
                          aria-label="Expand Menu"
                          className="absolute inset-0 cursor-pointer border-0 bg-transparent p-0 outline-none focus-vi..."
-                         data-cursor-ref="e13"
                        >
                        ...
                    ...
                      <header suppressHydrationWarning={true} className="flex min-w...">
                        <div>
                        ...
                          <TopbarDelayedTooltip label="Search" enabled={true} className="flex min-w...">
                            <div ref={{current:null}} suppressHydrationWarning={true} className="relative m..." ...>
                              <div className="relative w...">
                                <div ref={{current:null}} role="search" data-open="false" className="relative f..." ...>
                                  <span>
                                  <input
                                    ref={{current:null}}
                                    data-topbar-search-input={true}
                                    type="text"
                                    inputMode="search"
                                    tabIndex={-1}
                                    readOnly={true}
                                    value=""
                                    onChange={function onChange}
                                    placeholder="Search..."
                                    className="absolute inset-0 z-[1] h-full w-full min-w-0 cursor-text bg-transparent..."
                                    style={{transitionDuration:"280ms",transitionTimingFunction:"cubic-bezi...",paddingLeft:40, ...}}
                                    autoComplete="off"
                                    autoCorrect="off"
                                    enterKeyHint="search"
                                    role="searchbox"
                                    aria-label="Search"
                                    aria-expanded={false}
                                    aria-controls="topbar-search-results"
                                    aria-autocomplete="list"
-                                   data-cursor-ref="e14"
                                  >
                                  ...
                                ...
                        ...
                          <div ref={{current:null}} suppressHydrationWarning={true} className="relative m..." ...>
                            <div suppressHydrationWarning={true} className="flex h-9 m...">
                              <LinkComponent>
                              <TransactionPortfolioField variant="compact" compactMenuAlign="trailing">
                                <div ref={{current:null}} className="relative f...">
                                  <button
                                    type="button"
                                    onClick={function onClick}
                                    aria-expanded={false}
                                    aria-haspopup="listbox"
                                    aria-label="Portfolio menu"
                                    className="flex h-9 w-9 shrink-0 cursor-pointer items-center justify-center rounde..."
-                                   data-cursor-ref="e18"
                                  >
                    ...
                ...
 
    at console.error (lib/auth/suppress-stale-auth-console-errors.ts:32:5)
  30 |   console.error = (...args: unknown[]) => {
  31 |     if (args.some(looksLikeStaleAuthConsoleArg)) return;
> 32 |     original(...args);
     |     ^
  33 |   };
  34 | }
  35 | (lib/auth/suppress-stale-auth-console-errors.ts:32:5)
[browser] A tree hydrated but some attributes of the server rendered HTML didn't match the client properties. This won't be patched up. This can happen if a SSR-ed Client Component used:

- A server/client branch `if (typeof window !== 'undefined')`.
- Variable input such as `Date.now()` or `Math.random()` which changes each time it's called.
- Date formatting in a user's locale which doesn't match the server.
- External changing data without sending a snapshot of it along with the HTML.
- Invalid HTML tag nesting.

It can also happen if the client has a browser extension installed which messes with the HTML before React loaded.

https://react.dev/link/hydration-mismatch

  ...
    <RedirectBoundary>
      <RedirectErrorBoundary router={{...}}>
        <InnerLayoutRouter url={"/screene..."} tree={[...]} params={{}} cacheNode={{rsc:{...}, ...}} segmentPath={[...]} ...>
          <SegmentViewNode type="page" pagePath="(protected...">
            <SegmentTrieNode>
            <ScreenerPage>
              <div className="min-w-0 w-...">
                <ScreenerBrowserTrace>
                <Suspense fallback={<div>}>
                  <ScreenerPageContent>
                    <MarketsSection payload={{market:"st...", ...}}>
                      <div className="min-w-0 w-...">
                        <MarketTabs active="Stocks" onChange={function MarketsSection.useCallback[setMarketTab]} ...>
                          <UnderlineTabs tabs={[...]} active="Stocks" ...>
                            <div className="mb-5 borde...">
                              <div className="flex flex-...">
                                <nav
                                  ref={{current:null}}
                                  className={"relative flex min-w-0 flex-1 flex-nowrap items-start gap-4 overflow-x-a..."}
                                  aria-label="Markets"
-                                 data-cursor-ref="e92"
                                >
                                  <button
                                    ref={function ref}
                                    type="button"
                                    onClick={function onClick}
                                    className="-mb-px inline-flex h-9 shrink-0 cursor-pointer items-center border-b-2 ..."
-                                   data-cursor-ref="e20"
                                  >
+                                   Stocks
                                  <button
                                    ref={function ref}
                                    type="button"
                                    onClick={function onClick}
                                    className="-mb-px inline-flex h-9 shrink-0 cursor-pointer items-center border-b-2 ..."
-                                   data-cursor-ref="e21"
                                  >
+                                   Crypto
                                  <button
                                    ref={function ref}
                                    type="button"
                                    onClick={function onClick}
                                    className="-mb-px inline-flex h-9 shrink-0 cursor-pointer items-center border-b-2 ..."
-                                   data-cursor-ref="e22"
                                  >
+                                   Indices
                                  <button
                                    ref={function ref}
                                    type="button"
                                    onClick={function onClick}
                                    className="-mb-px inline-flex h-9 shrink-0 cursor-pointer items-center border-b-2 ..."
-                                   data-cursor-ref="e23"
                                  >
+                                   {"ETF's"}
                                  <button
                                    ref={function ref}
                                    type="button"
                                    onClick={function onClick}
                                    className="-mb-px inline-flex h-9 shrink-0 cursor-pointer items-center border-b-2 ..."
-                                   data-cursor-ref="e24"
                                  >
+                                   Currencies
                                  ...
                                ...
                        <UsMarketsSessionLabel>
                        ...
                          <div className="-mr-4 pl-1..." aria-label="Market ind...">
                            <div className="flex w-max...">
                              <LinkComponent href="/index/GSP..." className="flex w-[7....">
                                <a
                                  className="flex w-[7.25625rem] shrink-0 flex-col items-start gap-0.5 max-md:py-3.5 o..."
                                  ref={function}
                                  onClick={function onClick}
                                  onMouseEnter={function onMouseEnter}
                                  onTouchStart={function onTouchStart}
                                  href="/index/GSPC.INDX"
-                                 data-cursor-ref="e25"
                                >
                                  <p
                                    className="w-full truncate text-left text-[14px] font-medium leading-5 text-fg-mut..."
-                                   data-cursor-ref="e93"
                                  >
+                                   {"S&P 500"}
                                  ...
                              <LinkComponent href="/index/NDX..." className="flex w-[7....">
                                <a
                                  className="flex w-[7.25625rem] shrink-0 flex-col items-start gap-0.5 max-md:py-3.5 o..."
                                  ref={function}
                                  onClick={function onClick}
                                  onMouseEnter={function onMouseEnter}
                                  onTouchStart={function onTouchStart}
                                  href="/index/NDX.INDX"
-                                 data-cursor-ref="e26"
                                >
                                  <p
                                    className="w-full truncate text-left text-[14px] font-medium leading-5 text-fg-mut..."
-                                   data-cursor-ref="e95"
                                  >
+                                   Nasdaq 100
                                  ...
                              <LinkComponent href="/index/DJI..." className="flex w-[7....">
                                <a
                                  className="flex w-[7.25625rem] shrink-0 flex-col items-start gap-0.5 max-md:py-3.5 o..."
                                  ref={function}
                                  onClick={function onClick}
                                  onMouseEnter={function onMouseEnter}
                                  onTouchStart={function onTouchStart}
                                  href="/index/DJI.INDX"
-                                 data-cursor-ref="e27"
                                >
                                  <p
                                    className="w-full truncate text-left text-[14px] font-medium leading-5 text-fg-mut..."
-                                   data-cursor-ref="e97"
                                  >
+                                   Dow Jones
                                  ...
                              <LinkComponent href="/index/IWM.US" className="flex w-[7....">
                                <a
                                  className="flex w-[7.25625rem] shrink-0 flex-col items-start gap-0.5 max-md:py-3.5 o..."
                                  ref={function}
                                  onClick={function onClick}
                                  onMouseEnter={function onMouseEnter}
                                  onTouchStart={function onTouchStart}
                                  href="/index/IWM.US"
-                                 data-cursor-ref="e28"
                                >
                                  <p
                                    className="w-full truncate text-left text-[14px] font-medium leading-5 text-fg-mut..."
-                                   data-cursor-ref="e99"
                                  >
+                                   Russell 2000
                                  ...
                              <LinkComponent href="/index/VIX..." className="flex w-[7....">
                                <a
                                  className="flex w-[7.25625rem] shrink-0 flex-col items-start gap-0.5 max-md:py-3.5 o..."
                                  ref={function}
                                  onClick={function onClick}
                                  onMouseEnter={function onMouseEnter}
                                  onTouchStart={function onTouchStart}
                                  href="/index/VIX.INDX"
-                                 data-cursor-ref="e29"
                                >
                                  <p
                                    className="w-full truncate text-left text-[14px] font-medium leading-5 text-fg-mut..."
-                                   data-cursor-ref="e101"
                                  >
+                                   VIX
                                  ...
                        <div>
                        ...
                          <div>
                            ...
                              <IntentPrefetchLink href="/stock/NVDA" prefetch={false} className="grid w-ful..." ...>
                                <LinkComponent href="/stock/NVDA" prefetch={false} className="grid w-ful..." ...>
                                  <a
                                    className="grid w-full min-w-0 flex-1 grid-cols-[22px_minmax(0,1fr)_minmax(4.5rem,..."
                                    aria-label="Open NVIDIA Corporation (NVDA)"
                                    onPointerEnter={function onPointerEnter}
                                    onFocus={function onFocus}
                                    ref={function}
                                    onClick={function onClick}
                                    onMouseEnter={function onMouseEnter}
                                    onTouchStart={function onTouchStart}
                                    href="/stock/NVDA"
-                                   data-cursor-ref="e34"
                                  >
                            ...
                              <IntentPrefetchLink href="/stock/AAPL" prefetch={false} className="grid w-ful..." ...>
                                <LinkComponent href="/stock/AAPL" prefetch={false} className="grid w-ful..." ...>
                                  <a
                                    className="grid w-full min-w-0 flex-1 grid-cols-[22px_minmax(0,1fr)_minmax(4.5rem,..."
                                    aria-label="Open Apple Inc. (AAPL)"
                                    onPointerEnter={function onPointerEnter}
                                    onFocus={function onFocus}
                                    ref={function}
                                    onClick={function onClick}
                                    onMouseEnter={function onMouseEnter}
                                    onTouchStart={function onTouchStart}
                                    href="/stock/AAPL"
-                                   data-cursor-ref="e35"
                                  >
                            ...
                              <IntentPrefetchLink href="/stock/GOOGL" prefetch={false} className="grid w-ful..." ...>
                                <LinkComponent href="/stock/GOOGL" prefetch={false} className="grid w-ful..." ...>
                                  <a
                                    className="grid w-full min-w-0 flex-1 grid-cols-[22px_minmax(0,1fr)_minmax(4.5rem,..."
                                    aria-label="Open Alphabet Inc Class A (GOOGL)"
                                    onPointerEnter={function onPointerEnter}
                                    onFocus={function onFocus}
                                    ref={function}
                                    onClick={function onClick}
                                    onMouseEnter={function onMouseEnter}
                                    onTouchStart={function onTouchStart}
                                    href="/stock/GOOGL"
-                                   data-cursor-ref="e36"
                                  >
                            ...
                              <IntentPrefetchLink href="/stock/MSFT" prefetch={false} className="grid w-ful..." ...>
                                <LinkComponent href="/stock/MSFT" prefetch={false} className="grid w-ful..." ...>
                                  <a
                                    className="grid w-full min-w-0 flex-1 grid-cols-[22px_minmax(0,1fr)_minmax(4.5rem,..."
                                    aria-label="Open Microsoft Corporation (MSFT)"
                                    onPointerEnter={function onPointerEnter}
                                    onFocus={function onFocus}
                                    ref={function}
                                    onClick={function onClick}
                                    onMouseEnter={function onMouseEnter}
                                    onTouchStart={function onTouchStart}
                                    href="/stock/MSFT"
-                                   data-cursor-ref="e37"
                                  >
                            ...
                              <IntentPrefetchLink href="/stock/AMZN" prefetch={false} className="grid w-ful..." ...>
                                <LinkComponent href="/stock/AMZN" prefetch={false} className="grid w-ful..." ...>
                                  <a
                                    className="grid w-full min-w-0 flex-1 grid-cols-[22px_minmax(0,1fr)_minmax(4.5rem,..."
                                    aria-label="Open Amazon.com Inc (AMZN)"
                                    onPointerEnter={function onPointerEnter}
                                    onFocus={function onFocus}
                                    ref={function}
                                    onClick={function onClick}
                                    onMouseEnter={function onMouseEnter}
                                    onTouchStart={function onTouchStart}
                                    href="/stock/AMZN"
-                                   data-cursor-ref="e38"
                                  >
                            ...
                              <IntentPrefetchLink href="/stock/TSM" prefetch={false} className="grid w-ful..." ...>
                                <LinkComponent href="/stock/TSM" prefetch={false} className="grid w-ful..." ...>
                                  <a
                                    className="grid w-full min-w-0 flex-1 grid-cols-[22px_minmax(0,1fr)_minmax(4.5rem,..."
                                    aria-label="Open Taiwan Semiconductor Manufacturing (TSM)"
                                    onPointerEnter={function onPointerEnter}
                                    onFocus={function onFocus}
                                    ref={function}
                                    onClick={function onClick}
                                    onMouseEnter={function onMouseEnter}
                                    onTouchStart={function onTouchStart}
                                    href="/stock/TSM"
-                                   data-cursor-ref="e39"
                                  >
                            ...
                              <IntentPrefetchLink href="/stock/SPCX" prefetch={false} className="grid w-ful..." ...>
                                <LinkComponent href="/stock/SPCX" prefetch={false} className="grid w-ful..." ...>
                                  <a
                                    className="grid w-full min-w-0 flex-1 grid-cols-[22px_minmax(0,1fr)_minmax(4.5rem,..."
                                    aria-label="Open Space Exploration Technologies Corp. Class A Common Stock (SPCX)"
                                    onPointerEnter={function onPointerEnter}
                                    onFocus={function onFocus}
                                    ref={function}
                                    onClick={function onClick}
                                    onMouseEnter={function onMouseEnter}
                                    onTouchStart={function onTouchStart}
                                    href="/stock/SPCX"
-                                   data-cursor-ref="e40"
                                  >
                            ...
                              <IntentPrefetchLink href="/stock/AVGO" prefetch={false} className="grid w-ful..." ...>
                                <LinkComponent href="/stock/AVGO" prefetch={false} className="grid w-ful..." ...>
                                  <a
                                    className="grid w-full min-w-0 flex-1 grid-cols-[22px_minmax(0,1fr)_minmax(4.5rem,..."
                                    aria-label="Open Broadcom Inc (AVGO)"
                                    onPointerEnter={function onPointerEnter}
                                    onFocus={function onFocus}
                                    ref={function}
                                    onClick={function onClick}
                                    onMouseEnter={function onMouseEnter}
                                    onTouchStart={function onTouchStart}
                                    href="/stock/AVGO"
-                                   data-cursor-ref="e41"
                                  >
                            ...
                              <IntentPrefetchLink href="/stock/META" prefetch={false} className="grid w-ful..." ...>
                                <LinkComponent href="/stock/META" prefetch={false} className="grid w-ful..." ...>
                                  <a
                                    className="grid w-full min-w-0 flex-1 grid-cols-[22px_minmax(0,1fr)_minmax(4.5rem,..."
                                    aria-label="Open Meta Platforms Inc. (META)"
                                    onPointerEnter={function onPointerEnter}
                                    onFocus={function onFocus}
                                    ref={function}
                                    onClick={function onClick}
                                    onMouseEnter={function onMouseEnter}
                                    onTouchStart={function onTouchStart}
                                    href="/stock/META"
-                                   data-cursor-ref="e42"
                                  >
                            ...
                              <IntentPrefetchLink href="/stock/TSLA" prefetch={false} className="grid w-ful..." ...>
                                <LinkComponent href="/stock/TSLA" prefetch={false} className="grid w-ful..." ...>
                                  <a
                                    className="grid w-full min-w-0 flex-1 grid-cols-[22px_minmax(0,1fr)_minmax(4.5rem,..."
                                    aria-label="Open Tesla Inc (TSLA)"
                                    onPointerEnter={function onPointerEnter}
                                    onFocus={function onFocus}
                                    ref={function}
                                    onClick={function onClick}
                                    onMouseEnter={function onMouseEnter}
                                    onTouchStart={function onTouchStart}
                                    href="/stock/TSLA"
-                                   data-cursor-ref="e43"
                                  >
                            ...
                              <IntentPrefetchLink href="/stock/MU" prefetch={false} className="grid w-ful..." ...>
                                <LinkComponent href="/stock/MU" prefetch={false} className="grid w-ful..." ...>
                                  <a
                                    className="grid w-full min-w-0 flex-1 grid-cols-[22px_minmax(0,1fr)_minmax(4.5rem,..."
                                    aria-label="Open Micron Technology Inc (MU)"
                                    onPointerEnter={function onPointerEnter}
                                    onFocus={function onFocus}
                                    ref={function}
                                    onClick={function onClick}
                                    onMouseEnter={function onMouseEnter}
                                    onTouchStart={function onTouchStart}
                                    href="/stock/MU"
-                                   data-cursor-ref="e44"
                                  >
                            ...
                              <IntentPrefetchLink href="/stock/BRK-A" prefetch={false} className="grid w-ful..." ...>
                                <LinkComponent href="/stock/BRK-A" prefetch={false} className="grid w-ful..." ...>
                                  <a
                                    className="grid w-full min-w-0 flex-1 grid-cols-[22px_minmax(0,1fr)_minmax(4.5rem,..."
                                    aria-label="Open Berkshire Hathaway Inc (BRK-A)"
                                    onPointerEnter={function onPointerEnter}
                                    onFocus={function onFocus}
                                    ref={function}
                                    onClick={function onClick}
                                    onMouseEnter={function onMouseEnter}
                                    onTouchStart={function onTouchStart}
                                    href="/stock/BRK-A"
-                                   data-cursor-ref="e45"
                                  >
                            ...
                              <IntentPrefetchLink href="/stock/BRK-B" prefetch={false} className="grid w-ful..." ...>
                                <LinkComponent href="/stock/BRK-B" prefetch={false} className="grid w-ful..." ...>
                                  <a
                                    className="grid w-full min-w-0 flex-1 grid-cols-[22px_minmax(0,1fr)_minmax(4.5rem,..."
                                    aria-label="Open Berkshire Hathaway Inc (BRK-B)"
                                    onPointerEnter={function onPointerEnter}
                                    onFocus={function onFocus}
                                    ref={function}
                                    onClick={function onClick}
                                    onMouseEnter={function onMouseEnter}
                                    onTouchStart={function onTouchStart}
                                    href="/stock/BRK-B"
-                                   data-cursor-ref="e46"
                                  >
                            ...
                              <IntentPrefetchLink href="/stock/LLY" prefetch={false} className="grid w-ful..." ...>
                                <LinkComponent href="/stock/LLY" prefetch={false} className="grid w-ful..." ...>
                                  <a
                                    className="grid w-full min-w-0 flex-1 grid-cols-[22px_minmax(0,1fr)_minmax(4.5rem,..."
                                    aria-label="Open Eli Lilly and Company (LLY)"
                                    onPointerEnter={function onPointerEnter}
                                    onFocus={function onFocus}
                                    ref={function}
                                    onClick={function onClick}
                                    onMouseEnter={function onMouseEnter}
                                    onTouchStart={function onTouchStart}
                                    href="/stock/LLY"
-                                   data-cursor-ref="e47"
                                  >
                            ...
                              <IntentPrefetchLink href="/stock/JPM" prefetch={false} className="grid w-ful..." ...>
                                <LinkComponent href="/stock/JPM" prefetch={false} className="grid w-ful..." ...>
                                  <a
                                    className="grid w-full min-w-0 flex-1 grid-cols-[22px_minmax(0,1fr)_minmax(4.5rem,..."
                                    aria-label={"Open JPMorgan Chase & Co (JPM)"}
                                    onPointerEnter={function onPointerEnter}
                                    onFocus={function onFocus}
                                    ref={function}
                                    onClick={function onClick}
                                    onMouseEnter={function onMouseEnter}
                                    onTouchStart={function onTouchStart}
                                    href="/stock/JPM"
-                                   data-cursor-ref="e48"
                                  >
                            ...
                              <IntentPrefetchLink href="/stock/WMT" prefetch={false} className="grid w-ful..." ...>
                                <LinkComponent href="/stock/WMT" prefetch={false} className="grid w-ful..." ...>
                                  <a
                                    className="grid w-full min-w-0 flex-1 grid-cols-[22px_minmax(0,1fr)_minmax(4.5rem,..."
                                    aria-label="Open Walmart Inc. (WMT)"
                                    onPointerEnter={function onPointerEnter}
                                    onFocus={function onFocus}
                                    ref={function}
                                    onClick={function onClick}
                                    onMouseEnter={function onMouseEnter}
                                    onTouchStart={function onTouchStart}
                                    href="/stock/WMT"
-                                   data-cursor-ref="e49"
                                  >
                            ...
                              <IntentPrefetchLink href="/stock/AMD" prefetch={false} className="grid w-ful..." ...>
                                <LinkComponent href="/stock/AMD" prefetch={false} className="grid w-ful..." ...>
                                  <a
                                    className="grid w-full min-w-0 flex-1 grid-cols-[22px_minmax(0,1fr)_minmax(4.5rem,..."
                                    aria-label="Open Advanced Micro Devices Inc (AMD)"
                                    onPointerEnter={function onPointerEnter}
                                    onFocus={function onFocus}
                                    ref={function}
                                    onClick={function onClick}
                                    onMouseEnter={function onMouseEnter}
                                    onTouchStart={function onTouchStart}
                                    href="/stock/AMD"
-                                   data-cursor-ref="e50"
                                  >
                            ...
                              <IntentPrefetchLink href="/stock/V" prefetch={false} className="grid w-ful..." ...>
                                <LinkComponent href="/stock/V" prefetch={false} className="grid w-ful..." ...>
                                  <a
                                    className="grid w-full min-w-0 flex-1 grid-cols-[22px_minmax(0,1fr)_minmax(4.5rem,..."
                                    aria-label="Open Visa Inc. Class A (V)"
                                    onPointerEnter={function onPointerEnter}
                                    onFocus={function onFocus}
                                    ref={function}
                                    onClick={function onClick}
                                    onMouseEnter={function onMouseEnter}
                                    onTouchStart={function onTouchStart}
                                    href="/stock/V"
-                                   data-cursor-ref="e51"
                                  >
                            ...
                              <IntentPrefetchLink href="/stock/JNJ" prefetch={false} className="grid w-ful..." ...>
                                <LinkComponent href="/stock/JNJ" prefetch={false} className="grid w-ful..." ...>
                                  <a
                                    className="grid w-full min-w-0 flex-1 grid-cols-[22px_minmax(0,1fr)_minmax(4.5rem,..."
                                    aria-label={"Open Johnson & Johnson (JNJ)"}
                                    onPointerEnter={function onPointerEnter}
                                    onFocus={function onFocus}
                                    ref={function}
                                    onClick={function onClick}
                                    onMouseEnter={function onMouseEnter}
                                    onTouchStart={function onTouchStart}
                                    href="/stock/JNJ"
-                                   data-cursor-ref="e52"
                                  >
                            ...
                              <IntentPrefetchLink href="/stock/ASML" prefetch={false} className="grid w-ful..." ...>
                                <LinkComponent href="/stock/ASML" prefetch={false} className="grid w-ful..." ...>
                                  <a
                                    className="grid w-full min-w-0 flex-1 grid-cols-[22px_minmax(0,1fr)_minmax(4.5rem,..."
                                    aria-label="Open ASML Holding NV ADR (ASML)"
                                    onPointerEnter={function onPointerEnter}
                                    onFocus={function onFocus}
                                    ref={function}
                                    onClick={function onClick}
                                    onMouseEnter={function onMouseEnter}
                                    onTouchStart={function onTouchStart}
                                    href="/stock/ASML"
-                                   data-cursor-ref="e53"
                                  >
                            ...
                              <IntentPrefetchLink href="/stock/XOM" prefetch={false} className="grid w-ful..." ...>
                                <LinkComponent href="/stock/XOM" prefetch={false} className="grid w-ful..." ...>
                                  <a
                                    className="grid w-full min-w-0 flex-1 grid-cols-[22px_minmax(0,1fr)_minmax(4.5rem,..."
                                    aria-label="Open Exxon Mobil Corp (XOM)"
                                    onPointerEnter={function onPointerEnter}
                                    onFocus={function onFocus}
                                    ref={function}
                                    onClick={function onClick}
                                    onMouseEnter={function onMouseEnter}
                                    onTouchStart={function onTouchStart}
                                    href="/stock/XOM"
-                                   data-cursor-ref="e54"
                                  >
                            ...
                              <IntentPrefetchLink href="/stock/TCEHY" prefetch={false} className="grid w-ful..." ...>
                                <LinkComponent href="/stock/TCEHY" prefetch={false} className="grid w-ful..." ...>
                                  <a
                                    className="grid w-full min-w-0 flex-1 grid-cols-[22px_minmax(0,1fr)_minmax(4.5rem,..."
                                    aria-label="Open Tencent Holdings Ltd ADR (TCEHY)"
                                    onPointerEnter={function onPointerEnter}
                                    onFocus={function onFocus}
                                    ref={function}
                                    onClick={function onClick}
                                    onMouseEnter={function onMouseEnter}
                                    onTouchStart={function onTouchStart}
                                    href="/stock/TCEHY"
-                                   data-cursor-ref="e55"
                                  >
                            ...
                              <IntentPrefetchLink href="/stock/MA" prefetch={false} className="grid w-ful..." ...>
                                <LinkComponent href="/stock/MA" prefetch={false} className="grid w-ful..." ...>
                                  <a
                                    className="grid w-full min-w-0 flex-1 grid-cols-[22px_minmax(0,1fr)_minmax(4.5rem,..."
                                    aria-label="Open Mastercard Inc (MA)"
                                    onPointerEnter={function onPointerEnter}
                                    onFocus={function onFocus}
                                    ref={function}
                                    onClick={function onClick}
                                    onMouseEnter={function onMouseEnter}
                                    onTouchStart={function onTouchStart}
                                    href="/stock/MA"
-                                   data-cursor-ref="e56"
                                  >
                            ...
                              <IntentPrefetchLink href="/stock/INTC" prefetch={false} className="grid w-ful..." ...>
                                <LinkComponent href="/stock/INTC" prefetch={false} className="grid w-ful..." ...>
                                  <a
                                    className="grid w-full min-w-0 flex-1 grid-cols-[22px_minmax(0,1fr)_minmax(4.5rem,..."
                                    aria-label="Open Intel Corporation (INTC)"
                                    onPointerEnter={function onPointerEnter}
                                    onFocus={function onFocus}
                                    ref={function}
                                    onClick={function onClick}
                                    onMouseEnter={function onMouseEnter}
                                    onTouchStart={function onTouchStart}
                                    href="/stock/INTC"
-                                   data-cursor-ref="e57"
                                  >
                            ...
                              <IntentPrefetchLink href="/stock/ORCL" prefetch={false} className="grid w-ful..." ...>
                                <LinkComponent href="/stock/ORCL" prefetch={false} className="grid w-ful..." ...>
                                  <a
                                    className="grid w-full min-w-0 flex-1 grid-cols-[22px_minmax(0,1fr)_minmax(4.5rem,..."
                                    aria-label="Open Oracle Corporation (ORCL)"
                                    onPointerEnter={function onPointerEnter}
                                    onFocus={function onFocus}
                                    ref={function}
                                    onClick={function onClick}
                                    onMouseEnter={function onMouseEnter}
                                    onTouchStart={function onTouchStart}
                                    href="/stock/ORCL"
-                                   data-cursor-ref="e58"
                                  >
                            ...
                              <IntentPrefetchLink href="/stock/IDCBY" prefetch={false} className="grid w-ful..." ...>
                                <LinkComponent href="/stock/IDCBY" prefetch={false} className="grid w-ful..." ...>
                                  <a
                                    className="grid w-full min-w-0 flex-1 grid-cols-[22px_minmax(0,1fr)_minmax(4.5rem,..."
                                    aria-label="Open Industrial and Commercial Bank of China (IDCBY)"
                                    onPointerEnter={function onPointerEnter}
                                    onFocus={function onFocus}
                                    ref={function}
                                    onClick={function onClick}
                                    onMouseEnter={function onMouseEnter}
                                    onTouchStart={function onTouchStart}
                                    href="/stock/IDCBY"
-                                   data-cursor-ref="e59"
                                  >
                            ...
                              <IntentPrefetchLink href="/stock/ABBV" prefetch={false} className="grid w-ful..." ...>
                                <LinkComponent href="/stock/ABBV" prefetch={false} className="grid w-ful..." ...>
                                  <a
                                    className="grid w-full min-w-0 flex-1 grid-cols-[22px_minmax(0,1fr)_minmax(4.5rem,..."
                                    aria-label="Open AbbVie Inc (ABBV)"
                                    onPointerEnter={function onPointerEnter}
                                    onFocus={function onFocus}
                                    ref={function}
                                    onClick={function onClick}
                                    onMouseEnter={function onMouseEnter}
                                    onTouchStart={function onTouchStart}
                                    href="/stock/ABBV"
-                                   data-cursor-ref="e60"
                                  >
                            ...
                              <IntentPrefetchLink href="/stock/BAC" prefetch={false} className="grid w-ful..." ...>
                                <LinkComponent href="/stock/BAC" prefetch={false} className="grid w-ful..." ...>
                                  <a
                                    className="grid w-full min-w-0 flex-1 grid-cols-[22px_minmax(0,1fr)_minmax(4.5rem,..."
                                    aria-label="Open Bank of America Corp (BAC)"
                                    onPointerEnter={function onPointerEnter}
                                    onFocus={function onFocus}
                                    ref={function}
                                    onClick={function onClick}
                                    onMouseEnter={function onMouseEnter}
                                    onTouchStart={function onTouchStart}
                                    href="/stock/BAC"
-                                   data-cursor-ref="e61"
                                  >
                            ...
                              <IntentPrefetchLink href="/stock/CSCO" prefetch={false} className="grid w-ful..." ...>
                                <LinkComponent href="/stock/CSCO" prefetch={false} className="grid w-ful..." ...>
                                  <a
                                    className="grid w-full min-w-0 flex-1 grid-cols-[22px_minmax(0,1fr)_minmax(4.5rem,..."
                                    aria-label="Open Cisco Systems Inc (CSCO)"
                                    onPointerEnter={function onPointerEnter}
                                    onFocus={function onFocus}
                                    ref={function}
                                    onClick={function onClick}
                                    onMouseEnter={function onMouseEnter}
                                    onTouchStart={function onTouchStart}
                                    href="/stock/CSCO"
-                                   data-cursor-ref="e62"
                                  >
                            ...
                              <IntentPrefetchLink href="/stock/SSNLF" prefetch={false} className="grid w-ful..." ...>
                                <LinkComponent href="/stock/SSNLF" prefetch={false} className="grid w-ful..." ...>
                                  <a
                                    className="grid w-full min-w-0 flex-1 grid-cols-[22px_minmax(0,1fr)_minmax(4.5rem,..."
                                    aria-label="Open Samsung Electronics Co Ltd (SSNLF)"
                                    onPointerEnter={function onPointerEnter}
                                    onFocus={function onFocus}
                                    ref={function}
                                    onClick={function onClick}
                                    onMouseEnter={function onMouseEnter}
                                    onTouchStart={function onTouchStart}
                                    href="/stock/SSNLF"
-                                   data-cursor-ref="e63"
                                  >
                            ...
                              <IntentPrefetchLink href="/stock/PLTR" prefetch={false} className="grid w-ful..." ...>
                                <LinkComponent href="/stock/PLTR" prefetch={false} className="grid w-ful..." ...>
                                  <a
                                    className="grid w-full min-w-0 flex-1 grid-cols-[22px_minmax(0,1fr)_minmax(4.5rem,..."
                                    aria-label="Open Palantir Technologies Inc. (PLTR)"
                                    onPointerEnter={function onPointerEnter}
                                    onFocus={function onFocus}
                                    ref={function}
                                    onClick={function onClick}
                                    onMouseEnter={function onMouseEnter}
                                    onTouchStart={function onTouchStart}
                                    href="/stock/PLTR"
-                                   data-cursor-ref="e64"
                                  >
                            ...
                              <IntentPrefetchLink href="/stock/CVX" prefetch={false} className="grid w-ful..." ...>
                                <LinkComponent href="/stock/CVX" prefetch={false} className="grid w-ful..." ...>
                                  <a
                                    className="grid w-full min-w-0 flex-1 grid-cols-[22px_minmax(0,1fr)_minmax(4.5rem,..."
                                    aria-label="Open Chevron Corp (CVX)"
                                    onPointerEnter={function onPointerEnter}
                                    onFocus={function onFocus}
                                    ref={function}
                                    onClick={function onClick}
                                    onMouseEnter={function onMouseEnter}
                                    onTouchStart={function onTouchStart}
                                    href="/stock/CVX"
-                                   data-cursor-ref="e65"
                                  >
                            ...
                              <IntentPrefetchLink href="/stock/COST" prefetch={false} className="grid w-ful..." ...>
                                <LinkComponent href="/stock/COST" prefetch={false} className="grid w-ful..." ...>
                                  <a
                                    className="grid w-full min-w-0 flex-1 grid-cols-[22px_minmax(0,1fr)_minmax(4.5rem,..."
                                    aria-label="Open Costco Wholesale Corp (COST)"
                                    onPointerEnter={function onPointerEnter}
                                    onFocus={function onFocus}
                                    ref={function}
                                    onClick={function onClick}
                                    onMouseEnter={function onMouseEnter}
                                    onTouchStart={function onTouchStart}
                                    href="/stock/COST"
-                                   data-cursor-ref="e66"
                                  >
                            ...
                              <IntentPrefetchLink href="/stock/LRCX" prefetch={false} className="grid w-ful..." ...>
                                <LinkComponent href="/stock/LRCX" prefetch={false} className="grid w-ful..." ...>
                                  <a
                                    className="grid w-full min-w-0 flex-1 grid-cols-[22px_minmax(0,1fr)_minmax(4.5rem,..."
                                    aria-label="Open Lam Research Corp (LRCX)"
                                    onPointerEnter={function onPointerEnter}
                                    onFocus={function onFocus}
                                    ref={function}
                                    onClick={function onClick}
                                    onMouseEnter={function onMouseEnter}
                                    onTouchStart={function onTouchStart}
                                    href="/stock/LRCX"
-                                   data-cursor-ref="e67"
                                  >
                            ...
                              <IntentPrefetchLink href="/stock/KO" prefetch={false} className="grid w-ful..." ...>
                                <LinkComponent href="/stock/KO" prefetch={false} className="grid w-ful..." ...>
                                  <a
                                    className="grid w-full min-w-0 flex-1 grid-cols-[22px_minmax(0,1fr)_minmax(4.5rem,..."
                                    aria-label="Open The Coca-Cola Company (KO)"
                                    onPointerEnter={function onPointerEnter}
                                    onFocus={function onFocus}
                                    ref={function}
                                    onClick={function onClick}
                                    onMouseEnter={function onMouseEnter}
                                    onTouchStart={function onTouchStart}
                                    href="/stock/KO"
-                                   data-cursor-ref="e68"
                                  >
                            ...
                              <IntentPrefetchLink href="/stock/CAT" prefetch={false} className="grid w-ful..." ...>
                                <LinkComponent href="/stock/CAT" prefetch={false} className="grid w-ful..." ...>
                                  <a
                                    className="grid w-full min-w-0 flex-1 grid-cols-[22px_minmax(0,1fr)_minmax(4.5rem,..."
                                    aria-label="Open Caterpillar Inc (CAT)"
                                    onPointerEnter={function onPointerEnter}
                                    onFocus={function onFocus}
                                    ref={function}
                                    onClick={function onClick}
                                    onMouseEnter={function onMouseEnter}
                                    onTouchStart={function onTouchStart}
                                    href="/stock/CAT"
-                                   data-cursor-ref="e69"
                                  >
                            ...
                              <IntentPrefetchLink href="/stock/MRK" prefetch={false} className="grid w-ful..." ...>
                                <LinkComponent href="/stock/MRK" prefetch={false} className="grid w-ful..." ...>
                                  <a
                                    className="grid w-full min-w-0 flex-1 grid-cols-[22px_minmax(0,1fr)_minmax(4.5rem,..."
                                    aria-label={"Open Merck & Company Inc (MRK)"}
                                    onPointerEnter={function onPointerEnter}
                                    onFocus={function onFocus}
                                    ref={function}
                                    onClick={function onClick}
                                    onMouseEnter={function onMouseEnter}
                                    onTouchStart={function onTouchStart}
                                    href="/stock/MRK"
-                                   data-cursor-ref="e70"
                                  >
                            ...
                              <IntentPrefetchLink href="/stock/HSBC" prefetch={false} className="grid w-ful..." ...>
                                <LinkComponent href="/stock/HSBC" prefetch={false} className="grid w-ful..." ...>
                                  <a
                                    className="grid w-full min-w-0 flex-1 grid-cols-[22px_minmax(0,1fr)_minmax(4.5rem,..."
                                    aria-label="Open HSBC Holdings PLC ADR (HSBC)"
                                    onPointerEnter={function onPointerEnter}
                                    onFocus={function onFocus}
                                    ref={function}
                                    onClick={function onClick}
                                    onMouseEnter={function onMouseEnter}
                                    onTouchStart={function onTouchStart}
                                    href="/stock/HSBC"
-                                   data-cursor-ref="e71"
                                  >
                            ...
                              <IntentPrefetchLink href="/stock/AMAT" prefetch={false} className="grid w-ful..." ...>
                                <LinkComponent href="/stock/AMAT" prefetch={false} className="grid w-ful..." ...>
                                  <a
                                    className="grid w-full min-w-0 flex-1 grid-cols-[22px_minmax(0,1fr)_minmax(4.5rem,..."
                                    aria-label="Open Applied Materials Inc (AMAT)"
                                    onPointerEnter={function onPointerEnter}
                                    onFocus={function onFocus}
                                    ref={function}
                                    onClick={function onClick}
                                    onMouseEnter={function onMouseEnter}
                                    onTouchStart={function onTouchStart}
                                    href="/stock/AMAT"
-                                   data-cursor-ref="e72"
                                  >
                            ...
                              <IntentPrefetchLink href="/stock/UNH" prefetch={false} className="grid w-ful..." ...>
                                <LinkComponent href="/stock/UNH" prefetch={false} className="grid w-ful..." ...>
                                  <a
                                    className="grid w-full min-w-0 flex-1 grid-cols-[22px_minmax(0,1fr)_minmax(4.5rem,..."
                                    aria-label="Open UnitedHealth Group Incorporated (UNH)"
                                    onPointerEnter={function onPointerEnter}
                                    onFocus={function onFocus}
                                    ref={function}
                                    onClick={function onClick}
                                    onMouseEnter={function onMouseEnter}
                                    onTouchStart={function onTouchStart}
                                    href="/stock/UNH"
-                                   data-cursor-ref="e73"
                                  >
                            ...
                              <IntentPrefetchLink href="/stock/QH" prefetch={false} className="grid w-ful..." ...>
                                <LinkComponent href="/stock/QH" prefetch={false} className="grid w-ful..." ...>
                                  <a
                                    className="grid w-full min-w-0 flex-1 grid-cols-[22px_minmax(0,1fr)_minmax(4.5rem,..."
                                    aria-label="Open Quhuo Limited American Depository Shares (QH)"
                                    onPointerEnter={function onPointerEnter}
                                    onFocus={function onFocus}
                                    ref={function}
                                    onClick={function onClick}
                                    onMouseEnter={function onMouseEnter}
                                    onTouchStart={function onTouchStart}
                                    href="/stock/QH"
-                                   data-cursor-ref="e74"
                                  >
                            ...
                              <IntentPrefetchLink href="/stock/RHHVF" prefetch={false} className="grid w-ful..." ...>
                                <LinkComponent href="/stock/RHHVF" prefetch={false} className="grid w-ful..." ...>
                                  <a
                                    className="grid w-full min-w-0 flex-1 grid-cols-[22px_minmax(0,1fr)_minmax(4.5rem,..."
                                    aria-label="Open Roche Holding AG Participation (RHHVF)"
                                    onPointerEnter={function onPointerEnter}
                                    onFocus={function onFocus}
                                    ref={function}
                                    onClick={function onClick}
                                    onMouseEnter={function onMouseEnter}
                                    onTouchStart={function onTouchStart}
                                    href="/stock/RHHVF"
-                                   data-cursor-ref="e75"
                                  >
                            ...
                              <IntentPrefetchLink href="/stock/RHHBF" prefetch={false} className="grid w-ful..." ...>
                                <LinkComponent href="/stock/RHHBF" prefetch={false} className="grid w-ful..." ...>
                                  <a
                                    className="grid w-full min-w-0 flex-1 grid-cols-[22px_minmax(0,1fr)_minmax(4.5rem,..."
                                    aria-label="Open Roche Holding AG (RHHBF)"
                                    onPointerEnter={function onPointerEnter}
                                    onFocus={function onFocus}
                                    ref={function}
                                    onClick={function onClick}
                                    onMouseEnter={function onMouseEnter}
                                    onTouchStart={function onTouchStart}
                                    href="/stock/RHHBF"
-                                   data-cursor-ref="e76"
                                  >
                            ...
                              <IntentPrefetchLink href="/stock/RHHBY" prefetch={false} className="grid w-ful..." ...>
                                <LinkComponent href="/stock/RHHBY" prefetch={false} className="grid w-ful..." ...>
                                  <a
                                    className="grid w-full min-w-0 flex-1 grid-cols-[22px_minmax(0,1fr)_minmax(4.5rem,..."
                                    aria-label="Open Roche Holding Ltd ADR (RHHBY)"
                                    onPointerEnter={function onPointerEnter}
                                    onFocus={function onFocus}
                                    ref={function}
                                    onClick={function onClick}
                                    onMouseEnter={function onMouseEnter}
                                    onTouchStart={function onTouchStart}
                                    href="/stock/RHHBY"
-                                   data-cursor-ref="e77"
                                  >
                            ...
                              <IntentPrefetchLink href="/stock/GE" prefetch={false} className="grid w-ful..." ...>
                                <LinkComponent href="/stock/GE" prefetch={false} className="grid w-ful..." ...>
                                  <a
                                    className="grid w-full min-w-0 flex-1 grid-cols-[22px_minmax(0,1fr)_minmax(4.5rem,..."
                                    aria-label="Open GE Aerospace (GE)"
                                    onPointerEnter={function onPointerEnter}
                                    onFocus={function onFocus}
                                    ref={function}
                                    onClick={function onClick}
                                    onMouseEnter={function onMouseEnter}
                                    onTouchStart={function onTouchStart}
                                    href="/stock/GE"
-                                   data-cursor-ref="e78"
                                  >
                            ...
                              <IntentPrefetchLink href="/stock/MS" prefetch={false} className="grid w-ful..." ...>
                                <LinkComponent href="/stock/MS" prefetch={false} className="grid w-ful..." ...>
                                  <a
                                    className="grid w-full min-w-0 flex-1 grid-cols-[22px_minmax(0,1fr)_minmax(4.5rem,..."
                                    aria-label="Open Morgan Stanley (MS)"
                                    onPointerEnter={function onPointerEnter}
                                    onFocus={function onFocus}
                                    ref={function}
                                    onClick={function onClick}
                                    onMouseEnter={function onMouseEnter}
                                    onTouchStart={function onTouchStart}
                                    href="/stock/MS"
-                                   data-cursor-ref="e79"
                                  >
                            ...
                              <IntentPrefetchLink href="/stock/PG" prefetch={false} className="grid w-ful..." ...>
                                <LinkComponent href="/stock/PG" prefetch={false} className="grid w-ful..." ...>
                                  <a
                                    className="grid w-full min-w-0 flex-1 grid-cols-[22px_minmax(0,1fr)_minmax(4.5rem,..."
                                    aria-label={"Open Procter & Gamble Company (PG)"}
                                    onPointerEnter={function onPointerEnter}
                                    onFocus={function onFocus}
                                    ref={function}
                                    onClick={function onClick}
                                    onMouseEnter={function onMouseEnter}
                                    onTouchStart={function onTouchStart}
                                    href="/stock/PG"
-                                   data-cursor-ref="e80"
                                  >
                            ...
                              <IntentPrefetchLink href="/stock/DELL" prefetch={false} className="grid w-ful..." ...>
                                <LinkComponent href="/stock/DELL" prefetch={false} className="grid w-ful..." ...>
                                  <a
                                    className="grid w-full min-w-0 flex-1 grid-cols-[22px_minmax(0,1fr)_minmax(4.5rem,..."
                                    aria-label="Open Dell Technologies Inc (DELL)"
                                    onPointerEnter={function onPointerEnter}
                                    onFocus={function onFocus}
                                    ref={function}
                                    onClick={function onClick}
                                    onMouseEnter={function onMouseEnter}
                                    onTouchStart={function onTouchStart}
                                    href="/stock/DELL"
-                                   data-cursor-ref="e81"
                                  >
                            ...
                              <IntentPrefetchLink href="/stock/CYATY" prefetch={false} className="grid w-ful..." ...>
                                <LinkComponent href="/stock/CYATY" prefetch={false} className="grid w-ful..." ...>
                                  <a
                                    className="grid w-full min-w-0 flex-1 grid-cols-[22px_minmax(0,1fr)_minmax(4.5rem,..."
                                    aria-label="Open Contemporary Amperex Technology Co., Limited (CYATY)"
                                    onPointerEnter={function onPointerEnter}
                                    onFocus={function onFocus}
                                    ref={function}
                                    onClick={function onClick}
                                    onMouseEnter={function onMouseEnter}
                                    onTouchStart={function onTouchStart}
                                    href="/stock/CYATY"
-                                   data-cursor-ref="e82"
                                  >
                            ...
                              <IntentPrefetchLink href="/stock/CICHY" prefetch={false} className="grid w-ful..." ...>
                                <LinkComponent href="/stock/CICHY" prefetch={false} className="grid w-ful..." ...>
                                  <a
                                    className="grid w-full min-w-0 flex-1 grid-cols-[22px_minmax(0,1fr)_minmax(4.5rem,..."
                                    aria-label="Open China Construction Bank Corp (CICHY)"
                                    onPointerEnter={function onPointerEnter}
                                    onFocus={function onFocus}
                                    ref={function}
                                    onClick={function onClick}
                                    onMouseEnter={function onMouseEnter}
                                    onTouchStart={function onTouchStart}
                                    href="/stock/CICHY"
-                                   data-cursor-ref="e83"
                                  >
          ...
        ...
 
    at console.error (lib/auth/suppress-stale-auth-console-errors.ts:32:5)
  30 |   console.error = (...args: unknown[]) => {
  31 |     if (args.some(looksLikeStaleAuthConsoleArg)) return;
> 32 |     original(...args);
     |     ^
  33 |   };
  34 | }
  35 | (lib/auth/suppress-stale-auth-console-errors.ts:32:5)
[browser] A tree hydrated but some attributes of the server rendered HTML didn't match the client properties. This won't be patched up. This can happen if a SSR-ed Client Component used:

- A server/client branch `if (typeof window !== 'undefined')`.
- Variable input such as `Date.now()` or `Math.random()` which changes each time it's called.
- Date formatting in a user's locale which doesn't match the server.
- External changing data without sending a snapshot of it along with the HTML.
- Invalid HTML tag nesting.

It can also happen if the client has a browser extension installed which messes with the HTML before React loaded.

https://react.dev/link/hydration-mismatch

  ...
    <StockDetailTabHostProvider>
      <div id="app-shell-..." suppressHydrationWarning={true} className="mobile-doc...">
        <Suspense>
        <Suspense>
        <div>
        <div suppressHydrationWarning={true} className="shell-desk..." style={{...}}>
          <div suppressHydrationWarning={true} className="shell-desk...">
            <SidebarEdgeCollapseHandle>
            <div>
            <div suppressHydrationWarning={true} className="shell-desk...">
              <main>
              <Suspense fallback={null}>
                <WatchlistRail>
                  <div suppressHydrationWarning={true} className="hidden h-f..." style={{width:"56px"}} ...>
                    <div suppressHydrationWarning={true} className="flex h-ful..." style={{width:"100%"}}>
                      <div className="flex shrin...">
                        <span>
                        <WatchlistRailToggle expanded={false} ...>
                          <TopbarDelayedTooltip label="Expand wat..." placement="left">
                            <div ref={{current:null}} suppressHydrationWarning={true} className="relative i..." ...>
                              <button
                                type="button"
                                onClick={function WatchlistRailLayoutProvider.useCallback[toggleCollapsed]}
                                aria-expanded={false}
                                aria-label="Expand watchlist"
                                className="flex h-9 w-9 shrink-0 items-center justify-center rounded-[10px] text-fg tr..."
-                               data-cursor-ref="e84"
                              >
                      ...
        ...
 
    at console.error (lib/auth/suppress-stale-auth-console-errors.ts:32:5)
  30 |   console.error = (...args: unknown[]) => {
  31 |     if (args.some(looksLikeStaleAuthConsoleArg)) return;
> 32 |     original(...args);
     |     ^
  33 |   };
  34 | }
  35 | (lib/auth/suppress-stale-auth-console-errors.ts:32:5)
[browser] A tree hydrated but some attributes of the server rendered HTML didn't match the client properties. This won't be patched up. This can happen if a SSR-ed Client Component used:

- A server/client branch `if (typeof window !== 'undefined')`.
- Variable input such as `Date.now()` or `Math.random()` which changes each time it's called.
- Date formatting in a user's locale which doesn't match the server.
- External changing data without sending a snapshot of it along with the HTML.
- Invalid HTML tag nesting.

It can also happen if the client has a browser extension installed which messes with the HTML before React loaded.

https://react.dev/link/hydration-mismatch

  ...
    <div id="app-shell-..." suppressHydrationWarning={true} className="mobile-doc...">
      <Suspense>
      <Suspense>
      <div>
      <div suppressHydrationWarning={true} className="shell-desk..." style={{...}}>
        <div suppressHydrationWarning={true} className="shell-desk...">
          <SidebarEdgeCollapseHandle>
          <div suppressHydrationWarning={true} className="shell-desk...">
            <div>
            <div className="relative z...">
              <Topbar userId="52373158-0..." userInitials="VR" avatarUrl="https://lh..." userDisplayName="Vladimir R..." ...>
                <div className="flex w-ful...">
                  <header>
                  <Suspense fallback={null}>
                    <MobileMarketsTopbarTabs>
                      <div className="w-full shr...">
                        <UnderlineTabs tabs={[...]} active="Stocks" ...>
                          <div className="mb-0 borde...">
                            <div className="flex flex-...">
                              <nav
                                ref={{current:null}}
                                className={"relative flex min-w-0 flex-1 flex-nowrap items-start gap-4 overflow-x-aut..."}
                                aria-label="Markets"
-                               data-cursor-ref="e91"
                              >
                ...
          ...
      ...
 
    at console.error (lib/auth/suppress-stale-auth-console-errors.ts:32:5)
  30 |   console.error = (...args: unknown[]) => {
  31 |     if (args.some(looksLikeStaleAuthConsoleArg)) return;
> 32 |     original(...args);
     |     ^
  33 |   };
  34 | }
  35 | (lib/auth/suppress-stale-auth-console-errors.ts:32:5)
[FINSEPA_PROVIDER_TRACE] EODHD fetchEodhdRealtimeSymbolsRaw {"symbolsInRequest":10}
[FINSEPA_PROVIDER_TRACE] EODHD fetchEodhdEodDailyBothCloses {"symbol":"AAL.US"}
[FINSEPA_PROVIDER_TRACE] EODHD fetchEodhdEodDailyBothCloses {"symbol":"AAPL.US"}
[FINSEPA_PROVIDER_TRACE] EODHD fetchEodhdEodDailyBothCloses {"symbol":"ADBE.US"}
[FINSEPA_PROVIDER_TRACE] EODHD fetchEodhdEodDailyBothCloses {"symbol":"AMZN.US"}
[FINSEPA_PROVIDER_TRACE] EODHD fetchEodhdEodDailyBothCloses {"symbol":"DIS.US"}
[FINSEPA_PROVIDER_TRACE] EODHD fetchEodhdEodDailyBothCloses {"symbol":"DPZ.US"}
[FINSEPA_PROVIDER_TRACE] EODHD fetchEodhdEodDailyBothCloses {"symbol":"EL.US"}
[FINSEPA_PROVIDER_TRACE] EODHD fetchEodhdEodDailyBothCloses {"symbol":"GOOGL.US"}
[FINSEPA_PROVIDER_TRACE] EODHD fetchEodhdEodDailyBothCloses {"symbol":"MCO.US"}
[FINSEPA_PROVIDER_TRACE] EODHD fetchEodhdEodDailyBothCloses {"symbol":"META.US"}
[FINSEPA_PROVIDER_TRACE] EODHD fetchEodhdEodDailyBothCloses {"symbol":"MSFT.US"}
[FINSEPA_PROVIDER_TRACE] EODHD fetchEodhdEodDailyBothCloses {"symbol":"NFLX.US"}
[FINSEPA_PROVIDER_TRACE] EODHD fetchEodhdEodDailyBothCloses {"symbol":"NKE.US"}
[FINSEPA_PROVIDER_TRACE] EODHD fetchEodhdEodDailyBothCloses {"symbol":"NNOX.US"}
[FINSEPA_PROVIDER_TRACE] EODHD fetchEodhdEodDailyBothCloses {"symbol":"PEP.US"}
[FINSEPA_PROVIDER_TRACE] EODHD fetchEodhdEodDailyBothCloses {"symbol":"PYPL.US"}
[FINSEPA_PROVIDER_TRACE] EODHD fetchEodhdEodDailyBothCloses {"symbol":"RACE.US"}
[FINSEPA_PROVIDER_TRACE] EODHD fetchEodhdEodDailyBothCloses {"symbol":"SBUX.US"}
[FINSEPA_PROVIDER_TRACE] EODHD fetchEodhdEodDailyBothCloses {"symbol":"V.US"}
[FINSEPA_PROVIDER_TRACE] EODHD fetchEodhdEodDailyBothCloses {"symbol":"VZ.US"}
[FINSEPA_PROVIDER_TRACE] EODHD fetchEodhdEodDailyBothCloses {"symbol":"WBD.US"}
[FINSEPA_PROVIDER_TRACE] EODHD fetchEodhdEodDailyBothCloses {"symbol":"WISH.US"}
 GET /api/portfolio/workspace 200 in 522ms (next.js: 116ms, application-code: 406ms)
[FINSEPA_PROVIDER_TRACE] EODHD fetchEodhdEodDailyBothCloses {"symbol":"AAPL.US"}
[FINSEPA_PROVIDER_TRACE] EODHD fetchEodhdEodDailyBothCloses {"symbol":"ADBE.US"}
[FINSEPA_PROVIDER_TRACE] EODHD fetchEodhdEodDailyBothCloses {"symbol":"AMZN.US"}
[FINSEPA_PROVIDER_TRACE] EODHD fetchEodhdEodDailyBothCloses {"symbol":"GLXY.US"}
[FINSEPA_PROVIDER_TRACE] EODHD fetchEodhdEodDailyBothCloses {"symbol":"GOOGL.US"}
[FINSEPA_PROVIDER_TRACE] EODHD fetchEodhdEodDailyBothCloses {"symbol":"HOOD.US"}
[FINSEPA_PROVIDER_TRACE] EODHD fetchEodhdEodDailyBothCloses {"symbol":"IDXX.US"}
[FINSEPA_PROVIDER_TRACE] EODHD fetchEodhdEodDailyBothCloses {"symbol":"MAR.US"}
[FINSEPA_PROVIDER_TRACE] EODHD fetchEodhdEodDailyBothCloses {"symbol":"META.US"}
[FINSEPA_PROVIDER_TRACE] EODHD fetchEodhdEodDailyBothCloses {"symbol":"NFLX.US"}
[FINSEPA_PROVIDER_TRACE] EODHD fetchEodhdEodDailyBothCloses {"symbol":"PYPL.US"}
[FINSEPA_PROVIDER_TRACE] EODHD fetchEodhdEodDailyBothCloses {"symbol":"RACE.US"}
[FINSEPA_PROVIDER_TRACE] EODHD fetchEodhdEodDailyBothCloses {"symbol":"SPGI.US"}
[FINSEPA_PROVIDER_TRACE] EODHD fetchEodhdEodDailyBothCloses {"symbol":"SPOT.US"}
[FINSEPA_PROVIDER_TRACE] EODHD fetchEodhdEodDailyBothCloses {"symbol":"SYK.US"}
[FINSEPA_PROVIDER_TRACE] EODHD fetchEodhdEodDailyBothCloses {"symbol":"V.US"}
 GET /api/notifications?count=1 200 in 569ms (next.js: 281ms, application-code: 287ms)
 GET /api/account/plan 200 in 633ms (next.js: 178ms, application-code: 455ms)
[FINSEPA_PROVIDER_TRACE] EODHD fetchEodhdEodDailyBothCloses {"symbol":"AAPL.US"}
[FINSEPA_PROVIDER_TRACE] EODHD fetchEodhdEodDailyBothCloses {"symbol":"COST.US"}
[FINSEPA_PROVIDER_TRACE] EODHD fetchEodhdEodDailyBothCloses {"symbol":"KO.US"}
[FINSEPA_PROVIDER_TRACE] EODHD fetchEodhdEodDailyBothCloses {"symbol":"META.US"}
[FINSEPA_PROVIDER_TRACE] EODHD fetchEodhdEodDailyBothCloses {"symbol":"NFLX.US"}
[FINSEPA_PROVIDER_TRACE] EODHD fetchEodhdEodDailyBothCloses {"symbol":"QQQ.US"}
[FINSEPA_PROVIDER_TRACE] EODHD fetchEodhdEodDailyBothCloses {"symbol":"SPGI.US"}
[FINSEPA_PROVIDER_TRACE] EODHD fetchEodhdEodDailyBothCloses {"symbol":"TSLA.US"}
[FINSEPA_PROVIDER_TRACE] EODHD fetchEodhdEodDailyBothCloses {"symbol":"UBER.US"}
[FINSEPA_PROVIDER_TRACE] EODHD fetchEodhdEodDailyBothCloses {"symbol":"V.US"}
 POST /api/portfolio/stock-splits 200 in 986ms (next.js: 1766µs, application-code: 984ms)
[FINSEPA_PROVIDER_TRACE] EODHD fetchEodhdEodDailyBothCloses {"symbol":"AAPL.US"}
 POST /api/portfolio/stock-splits 200 in 1306ms (next.js: 52ms, application-code: 1254ms)
 POST /api/portfolio/stock-splits 200 in 318ms (next.js: 1284µs, application-code: 317ms)
 GET /api/search/recent 200 in 94ms (next.js: 25ms, application-code: 69ms)
 POST /api/portfolio/stock-splits 200 in 1275ms (next.js: 1887µs, application-code: 1273ms)
 GET /api/superinvestor-follows 200 in 136ms (next.js: 25ms, application-code: 112ms)
 GET /api/watchlist 200 in 192ms (next.js: 49ms, application-code: 143ms)
[portfolio/workspace PUT] ledger warnings {
  userId: '52373158-0eff-48de-80ba-f9206ee0e52a',
  warnings: [
    {
      code: 'SELL_WITHOUT_POSITION',
      portfolioId: '6667854d-3cea-49f6-9aac-8a7340c82cb8',
      transactionId: '484eefe6-d749-45bf-9f2d-4a9006a26b62',
      message: 'Sell of AAL with no open position.',
      legacy: true
    },
    {
      code: 'SELL_WITHOUT_POSITION',
      portfolioId: '6667854d-3cea-49f6-9aac-8a7340c82cb8',
      transactionId: '6d6780cf-80b2-4b0d-a3ef-a5b13da610d6',
      message: 'Sell of WISH with no open position.',
      legacy: true
    },
    {
      code: 'SELL_WITHOUT_POSITION',
      portfolioId: '6667854d-3cea-49f6-9aac-8a7340c82cb8',
      transactionId: 'b3c3668a-1730-4300-bd49-255067fbb9c4',
      message: 'Sell of NNOX with no open position.',
      legacy: true
    },
    {
      code: 'SELL_EXCEEDS_AVAILABLE_SHARES',
      portfolioId: '6667854d-3cea-49f6-9aac-8a7340c82cb8',
      transactionId: '4120dc1a-c777-45f4-b033-802dda8bf9e1',
      message: 'Sell 2.195119 PEP exceeds available 2.',
      legacy: true
    }
  ],
  migrateReport: {
    sequenceReports: {
      '6667854d-3cea-49f6-9aac-8a7340c82cb8': [Object],
      '27085251-e3e2-4829-81ee-14004843637d': [Object],
      '6e1c8d68-72f3-4160-9874-6473edd2f7eb': [Object],
      'd972d6f7-1f89-492b-81cf-aaf5fba709f5': [Object],
      '1c9764f9-9feb-462d-8cbe-a61ade8b293c': [Object],
      'a8524493-d06d-4997-9949-ab2bb8e7258b': [Object],
      'e1d517c3-21d5-45d0-8125-fbbb5dbd23f4': [Object]
    },
    legacyTaggedByPortfolio: {},
    changed: false
  }
}
 PUT /api/portfolio/workspace 200 in 378ms (next.js: 1421µs, application-code: 377ms)
 GET /api/watchlist 200 in 162ms (next.js: 7ms, application-code: 155ms)
[portfolio/workspace PUT] ledger warnings {
  userId: '52373158-0eff-48de-80ba-f9206ee0e52a',
  warnings: [
    {
      code: 'SELL_WITHOUT_POSITION',
      portfolioId: '6667854d-3cea-49f6-9aac-8a7340c82cb8',
      transactionId: '484eefe6-d749-45bf-9f2d-4a9006a26b62',
      message: 'Sell of AAL with no open position.',
      legacy: true
    },
    {
      code: 'SELL_WITHOUT_POSITION',
      portfolioId: '6667854d-3cea-49f6-9aac-8a7340c82cb8',
      transactionId: '6d6780cf-80b2-4b0d-a3ef-a5b13da610d6',
      message: 'Sell of WISH with no open position.',
      legacy: true
    },
    {
      code: 'SELL_WITHOUT_POSITION',
      portfolioId: '6667854d-3cea-49f6-9aac-8a7340c82cb8',
      transactionId: 'b3c3668a-1730-4300-bd49-255067fbb9c4',
      message: 'Sell of NNOX with no open position.',
      legacy: true
    },
    {
      code: 'SELL_EXCEEDS_AVAILABLE_SHARES',
      portfolioId: '6667854d-3cea-49f6-9aac-8a7340c82cb8',
      transactionId: '4120dc1a-c777-45f4-b033-802dda8bf9e1',
      message: 'Sell 2.195119 PEP exceeds available 2.',
      legacy: true
    }
  ],
  migrateReport: {
    sequenceReports: {
      '6667854d-3cea-49f6-9aac-8a7340c82cb8': [Object],
      '27085251-e3e2-4829-81ee-14004843637d': [Object],
      '6e1c8d68-72f3-4160-9874-6473edd2f7eb': [Object],
      'd972d6f7-1f89-492b-81cf-aaf5fba709f5': [Object],
      '1c9764f9-9feb-462d-8cbe-a61ade8b293c': [Object],
      'a8524493-d06d-4997-9949-ab2bb8e7258b': [Object],
      'e1d517c3-21d5-45d0-8125-fbbb5dbd23f4': [Object]
    },
    legacyTaggedByPortfolio: {},
    changed: false
  }
}
 PUT /api/portfolio/workspace 200 in 381ms (next.js: 1128µs, application-code: 380ms)
[FINSEPA_PROVIDER_TRACE] EODHD fetchEodhdCryptoDailyBars {"symbol":"BTC-USD.CC"}
[FINSEPA_PROVIDER_TRACE] EODHD fetchEodhdCryptoDailyBars {"symbol":"ETH-USD.CC"}
[FINSEPA_PROVIDER_TRACE] EODHD fetchEodhdCryptoDailyBars {"symbol":"SOL-USD.CC"}
[FINSEPA_PROVIDER_TRACE] EODHD fetchEodhdCryptoDailyBars {"symbol":"BTC-USD.CC"}
[FINSEPA_PROVIDER_TRACE] EODHD fetchEodhdCryptoDailyBars {"symbol":"ETH-USD.CC"}
[FINSEPA_PROVIDER_TRACE] EODHD fetchEodhdCryptoDailyBars {"symbol":"SOL-USD.CC"}
[FINSEPA_PROVIDER_TRACE] EODHD fetchEodhdCryptoDailyBars {"symbol":"BTC-USD.CC"}
[FINSEPA_PROVIDER_TRACE] EODHD fetchEodhdCryptoDailyBars {"symbol":"ETH-USD.CC"}
[FINSEPA_PROVIDER_TRACE] EODHD fetchEodhdCryptoDailyBars {"symbol":"SOL-USD.CC"}
[FINSEPA_PROVIDER_TRACE] EODHD fetchEodhdCryptoDailyBars {"symbol":"BTC-USD.CC"}
[FINSEPA_PROVIDER_TRACE] EODHD fetchEodhdCryptoDailyBars {"symbol":"ETH-USD.CC"}
[FINSEPA_PROVIDER_TRACE] EODHD fetchEodhdCryptoDailyBars {"symbol":"SOL-USD.CC"}
[FINSEPA_PROVIDER_TRACE] EODHD fetchEodhdCryptoDailyBars {"symbol":"BTC-USD.CC"}
[FINSEPA_PROVIDER_TRACE] EODHD fetchEodhdCryptoDailyBars {"symbol":"ETH-USD.CC"}
[FINSEPA_PROVIDER_TRACE] EODHD fetchEodhdCryptoDailyBars {"symbol":"SOL-USD.CC"}
[portfolio/workspace PUT] ledger warnings {
  userId: '52373158-0eff-48de-80ba-f9206ee0e52a',
  warnings: [
    {
      code: 'SELL_WITHOUT_POSITION',
      portfolioId: '6667854d-3cea-49f6-9aac-8a7340c82cb8',
      transactionId: '484eefe6-d749-45bf-9f2d-4a9006a26b62',
      message: 'Sell of AAL with no open position.',
      legacy: true
    },
    {
      code: 'SELL_WITHOUT_POSITION',
      portfolioId: '6667854d-3cea-49f6-9aac-8a7340c82cb8',
      transactionId: '6d6780cf-80b2-4b0d-a3ef-a5b13da610d6',
      message: 'Sell of WISH with no open position.',
      legacy: true
    },
    {
      code: 'SELL_WITHOUT_POSITION',
      portfolioId: '6667854d-3cea-49f6-9aac-8a7340c82cb8',
      transactionId: 'b3c3668a-1730-4300-bd49-255067fbb9c4',
      message: 'Sell of NNOX with no open position.',
      legacy: true
    },
    {
      code: 'SELL_EXCEEDS_AVAILABLE_SHARES',
      portfolioId: '6667854d-3cea-49f6-9aac-8a7340c82cb8',
      transactionId: '4120dc1a-c777-45f4-b033-802dda8bf9e1',
      message: 'Sell 2.195119 PEP exceeds available 2.',
      legacy: true
    }
  ],
  migrateReport: {
    sequenceReports: {
      '6667854d-3cea-49f6-9aac-8a7340c82cb8': [Object],
      '27085251-e3e2-4829-81ee-14004843637d': [Object],
      '6e1c8d68-72f3-4160-9874-6473edd2f7eb': [Object],
      'd972d6f7-1f89-492b-81cf-aaf5fba709f5': [Object],
      '1c9764f9-9feb-462d-8cbe-a61ade8b293c': [Object],
      'a8524493-d06d-4997-9949-ab2bb8e7258b': [Object],
      'e1d517c3-21d5-45d0-8125-fbbb5dbd23f4': [Object]
    },
    legacyTaggedByPortfolio: {},
    changed: false
  }
}
 PUT /api/portfolio/workspace 200 in 283ms (next.js: 7ms, application-code: 276ms)
 GET /api/search/recent 200 in 68ms (next.js: 1943µs, application-code: 66ms)
 GET /api/watchlist 200 in 141ms (next.js: 1458µs, application-code: 140ms)
 GET /api/watchlist 200 in 154ms (next.js: 1428µs, application-code: 152ms)
[FINSEPA_PROVIDER_TRACE] scope=/screener ssr market=stocks eodhd_http=0 byFn={}
 GET /screener 200 in 365ms (next.js: 4ms, proxy.ts: 9ms, application-code: 353ms)
[FINSEPA_PROVIDER_TRACE] EODHD fetchEodhdRealtimeSymbolsRaw {"symbolsInRequest":10}
 POST /api/portfolio/live-quotes 200 in 3.0s (next.js: 1266µs, application-code: 3.0s)
 POST /api/portfolio/live-quotes 200 in 4.9s (next.js: 267ms, application-code: 4.6s)
 POST /api/portfolio/live-quotes 200 in 2.8s (next.js: 1286µs, application-code: 2.8s)
 POST /api/portfolio/live-quotes 200 in 4.4s (next.js: 3ms, application-code: 4.4s)
 GET /api/notifications?count=1 200 in 90ms (next.js: 3ms, application-code: 87ms)
 POST /api/portfolio/live-quotes 200 in 4.6s (next.js: 5ms, application-code: 4.6s)
[FINSEPA_PROVIDER_TRACE] EODHD fetchEodhdEodDailyBothCloses {"symbol":"AAL.US"}
[FINSEPA_PROVIDER_TRACE] EODHD fetchEodhdEodDailyBothCloses {"symbol":"AAPL.US"}
[FINSEPA_PROVIDER_TRACE] EODHD fetchEodhdEodDailyBothCloses {"symbol":"ADBE.US"}
[FINSEPA_PROVIDER_TRACE] EODHD fetchEodhdEodDailyBothCloses {"symbol":"AMZN.US"}
[FINSEPA_PROVIDER_TRACE] EODHD fetchEodhdEodDailyBothCloses {"symbol":"DIS.US"}
[FINSEPA_PROVIDER_TRACE] EODHD fetchEodhdEodDailyBothCloses {"symbol":"DPZ.US"}
[FINSEPA_PROVIDER_TRACE] EODHD fetchEodhdEodDailyBothCloses {"symbol":"EL.US"}
[FINSEPA_PROVIDER_TRACE] EODHD fetchEodhdEodDailyBothCloses {"symbol":"GOOGL.US"}
[FINSEPA_PROVIDER_TRACE] EODHD fetchEodhdEodDailyBothCloses {"symbol":"MCO.US"}
[FINSEPA_PROVIDER_TRACE] EODHD fetchEodhdEodDailyBothCloses {"symbol":"META.US"}
[FINSEPA_PROVIDER_TRACE] EODHD fetchEodhdEodDailyBothCloses {"symbol":"MSFT.US"}
[FINSEPA_PROVIDER_TRACE] EODHD fetchEodhdEodDailyBothCloses {"symbol":"NFLX.US"}
[FINSEPA_PROVIDER_TRACE] EODHD fetchEodhdEodDailyBothCloses {"symbol":"NKE.US"}
[FINSEPA_PROVIDER_TRACE] EODHD fetchEodhdEodDailyBothCloses {"symbol":"NNOX.US"}
[FINSEPA_PROVIDER_TRACE] EODHD fetchEodhdEodDailyBothCloses {"symbol":"PEP.US"}
[FINSEPA_PROVIDER_TRACE] EODHD fetchEodhdEodDailyBothCloses {"symbol":"PYPL.US"}
[FINSEPA_PROVIDER_TRACE] EODHD fetchEodhdEodDailyBothCloses {"symbol":"RACE.US"}
[FINSEPA_PROVIDER_TRACE] EODHD fetchEodhdEodDailyBothCloses {"symbol":"SBUX.US"}
[FINSEPA_PROVIDER_TRACE] EODHD fetchEodhdEodDailyBothCloses {"symbol":"V.US"}
[FINSEPA_PROVIDER_TRACE] EODHD fetchEodhdEodDailyBothCloses {"symbol":"VZ.US"}
[FINSEPA_PROVIDER_TRACE] EODHD fetchEodhdEodDailyBothCloses {"symbol":"WBD.US"}
[FINSEPA_PROVIDER_TRACE] EODHD fetchEodhdEodDailyBothCloses {"symbol":"WISH.US"}
[FINSEPA_PROVIDER_TRACE] EODHD fetchEodhdEodDailyBothCloses {"symbol":"AAPL.US"}
[FINSEPA_PROVIDER_TRACE] EODHD fetchEodhdEodDailyBothCloses {"symbol":"ADBE.US"}
[FINSEPA_PROVIDER_TRACE] EODHD fetchEodhdEodDailyBothCloses {"symbol":"AMZN.US"}
[FINSEPA_PROVIDER_TRACE] EODHD fetchEodhdEodDailyBothCloses {"symbol":"GLXY.US"}
[FINSEPA_PROVIDER_TRACE] EODHD fetchEodhdEodDailyBothCloses {"symbol":"GOOGL.US"}
[FINSEPA_PROVIDER_TRACE] EODHD fetchEodhdEodDailyBothCloses {"symbol":"HOOD.US"}
[FINSEPA_PROVIDER_TRACE] EODHD fetchEodhdEodDailyBothCloses {"symbol":"IDXX.US"}
[FINSEPA_PROVIDER_TRACE] EODHD fetchEodhdEodDailyBothCloses {"symbol":"MAR.US"}
[FINSEPA_PROVIDER_TRACE] EODHD fetchEodhdEodDailyBothCloses {"symbol":"META.US"}
[FINSEPA_PROVIDER_TRACE] EODHD fetchEodhdEodDailyBothCloses {"symbol":"NFLX.US"}
[FINSEPA_PROVIDER_TRACE] EODHD fetchEodhdEodDailyBothCloses {"symbol":"PYPL.US"}
[FINSEPA_PROVIDER_TRACE] EODHD fetchEodhdEodDailyBothCloses {"symbol":"RACE.US"}
[FINSEPA_PROVIDER_TRACE] EODHD fetchEodhdEodDailyBothCloses {"symbol":"SPGI.US"}
[FINSEPA_PROVIDER_TRACE] EODHD fetchEodhdEodDailyBothCloses {"symbol":"SPOT.US"}
[FINSEPA_PROVIDER_TRACE] EODHD fetchEodhdEodDailyBothCloses {"symbol":"SYK.US"}
[FINSEPA_PROVIDER_TRACE] EODHD fetchEodhdEodDailyBothCloses {"symbol":"V.US"}
 GET /api/portfolio/workspace 200 in 184ms (next.js: 11ms, application-code: 173ms)
 GET /api/account/plan 200 in 186ms (next.js: 27ms, application-code: 159ms)
[FINSEPA_PROVIDER_TRACE] EODHD fetchEodhdEodDailyBothCloses {"symbol":"AAPL.US"}
[FINSEPA_PROVIDER_TRACE] EODHD fetchEodhdEodDailyBothCloses {"symbol":"COST.US"}
[FINSEPA_PROVIDER_TRACE] EODHD fetchEodhdEodDailyBothCloses {"symbol":"KO.US"}
[FINSEPA_PROVIDER_TRACE] EODHD fetchEodhdEodDailyBothCloses {"symbol":"META.US"}
[FINSEPA_PROVIDER_TRACE] EODHD fetchEodhdEodDailyBothCloses {"symbol":"NFLX.US"}
[FINSEPA_PROVIDER_TRACE] EODHD fetchEodhdEodDailyBothCloses {"symbol":"QQQ.US"}
[FINSEPA_PROVIDER_TRACE] EODHD fetchEodhdEodDailyBothCloses {"symbol":"SPGI.US"}
[FINSEPA_PROVIDER_TRACE] EODHD fetchEodhdEodDailyBothCloses {"symbol":"TSLA.US"}
[FINSEPA_PROVIDER_TRACE] EODHD fetchEodhdEodDailyBothCloses {"symbol":"UBER.US"}
[FINSEPA_PROVIDER_TRACE] EODHD fetchEodhdEodDailyBothCloses {"symbol":"V.US"}
 POST /api/portfolio/stock-splits 200 in 642ms (next.js: 3ms, application-code: 639ms)
[FINSEPA_PROVIDER_TRACE] EODHD fetchEodhdEodDailyBothCloses {"symbol":"AAPL.US"}
[FINSEPA_PROVIDER_TRACE] EODHD fetchEodhdCryptoDailyBars {"symbol":"BTC-USD.CC"}
[FINSEPA_PROVIDER_TRACE] EODHD fetchEodhdCryptoDailyBars {"symbol":"ETH-USD.CC"}
[FINSEPA_PROVIDER_TRACE] EODHD fetchEodhdCryptoDailyBars {"symbol":"SOL-USD.CC"}
[FINSEPA_PROVIDER_TRACE] EODHD fetchEodhdCryptoDailyBars {"symbol":"BTC-USD.CC"}
[FINSEPA_PROVIDER_TRACE] EODHD fetchEodhdCryptoDailyBars {"symbol":"ETH-USD.CC"}
[FINSEPA_PROVIDER_TRACE] EODHD fetchEodhdCryptoDailyBars {"symbol":"SOL-USD.CC"}
[FINSEPA_PROVIDER_TRACE] EODHD fetchEodhdCryptoDailyBars {"symbol":"BTC-USD.CC"}
[FINSEPA_PROVIDER_TRACE] EODHD fetchEodhdCryptoDailyBars {"symbol":"ETH-USD.CC"}
[FINSEPA_PROVIDER_TRACE] EODHD fetchEodhdCryptoDailyBars {"symbol":"SOL-USD.CC"}
 POST /api/portfolio/stock-splits 200 in 305ms (next.js: 2ms, application-code: 302ms)
 GET /api/watchlist 200 in 244ms (next.js: 1292µs, application-code: 243ms)
 GET /api/search/recent 200 in 81ms (next.js: 3ms, application-code: 78ms)
[FINSEPA_PROVIDER_TRACE] EODHD fetchEodhdRealtimeSymbolsRaw {"symbolsInRequest":14}
 POST /api/portfolio/stock-splits 200 in 1819ms (next.js: 1181µs, application-code: 1817ms)
 GET /api/superinvestor-follows 200 in 82ms (next.js: 1257µs, application-code: 81ms)
 POST /api/portfolio/live-quotes 200 in 1996ms (next.js: 1406µs, application-code: 1994ms)
[FINSEPA_PROVIDER_TRACE] EODHD fetchEodhdRealtimeSymbolsRaw {"symbolsInRequest":5}
 GET /api/watchlist 200 in 131ms (next.js: 1526µs, application-code: 130ms)
 POST /api/portfolio/live-quotes 200 in 1998ms (next.js: 1313µs, application-code: 1996ms)
[portfolio/workspace PUT] ledger warnings {
  userId: '52373158-0eff-48de-80ba-f9206ee0e52a',
  warnings: [
    {
      code: 'SELL_WITHOUT_POSITION',
      portfolioId: '6667854d-3cea-49f6-9aac-8a7340c82cb8',
      transactionId: '484eefe6-d749-45bf-9f2d-4a9006a26b62',
      message: 'Sell of AAL with no open position.',
      legacy: true
    },
    {
      code: 'SELL_WITHOUT_POSITION',
      portfolioId: '6667854d-3cea-49f6-9aac-8a7340c82cb8',
      transactionId: '6d6780cf-80b2-4b0d-a3ef-a5b13da610d6',
      message: 'Sell of WISH with no open position.',
      legacy: true
    },
    {
      code: 'SELL_WITHOUT_POSITION',
      portfolioId: '6667854d-3cea-49f6-9aac-8a7340c82cb8',
      transactionId: 'b3c3668a-1730-4300-bd49-255067fbb9c4',
      message: 'Sell of NNOX with no open position.',
      legacy: true
    },
    {
      code: 'SELL_EXCEEDS_AVAILABLE_SHARES',
      portfolioId: '6667854d-3cea-49f6-9aac-8a7340c82cb8',
      transactionId: '4120dc1a-c777-45f4-b033-802dda8bf9e1',
      message: 'Sell 2.195119 PEP exceeds available 2.',
      legacy: true
    }
  ],
  migrateReport: {
    sequenceReports: {
      '6667854d-3cea-49f6-9aac-8a7340c82cb8': [Object],
      '27085251-e3e2-4829-81ee-14004843637d': [Object],
      '6e1c8d68-72f3-4160-9874-6473edd2f7eb': [Object],
      'd972d6f7-1f89-492b-81cf-aaf5fba709f5': [Object],
      '1c9764f9-9feb-462d-8cbe-a61ade8b293c': [Object],
      'a8524493-d06d-4997-9949-ab2bb8e7258b': [Object],
      'e1d517c3-21d5-45d0-8125-fbbb5dbd23f4': [Object]
    },
    legacyTaggedByPortfolio: {},
    changed: false
  }
}
 PUT /api/portfolio/workspace 200 in 343ms (next.js: 1549µs, application-code: 341ms)
 POST /api/portfolio/stock-splits 200 in 2.4s (next.js: 1015µs, application-code: 2.4s)
[portfolio/workspace PUT] ledger warnings {
  userId: '52373158-0eff-48de-80ba-f9206ee0e52a',
  warnings: [
    {
      code: 'SELL_WITHOUT_POSITION',
      portfolioId: '6667854d-3cea-49f6-9aac-8a7340c82cb8',
      transactionId: '484eefe6-d749-45bf-9f2d-4a9006a26b62',
      message: 'Sell of AAL with no open position.',
      legacy: true
    },
    {
      code: 'SELL_WITHOUT_POSITION',
      portfolioId: '6667854d-3cea-49f6-9aac-8a7340c82cb8',
      transactionId: '6d6780cf-80b2-4b0d-a3ef-a5b13da610d6',
      message: 'Sell of WISH with no open position.',
      legacy: true
    },
    {
      code: 'SELL_WITHOUT_POSITION',
      portfolioId: '6667854d-3cea-49f6-9aac-8a7340c82cb8',
      transactionId: 'b3c3668a-1730-4300-bd49-255067fbb9c4',
      message: 'Sell of NNOX with no open position.',
      legacy: true
    },
    {
      code: 'SELL_EXCEEDS_AVAILABLE_SHARES',
      portfolioId: '6667854d-3cea-49f6-9aac-8a7340c82cb8',
      transactionId: '4120dc1a-c777-45f4-b033-802dda8bf9e1',
      message: 'Sell 2.195119 PEP exceeds available 2.',
      legacy: true
    }
  ],
  migrateReport: {
    sequenceReports: {
      '6667854d-3cea-49f6-9aac-8a7340c82cb8': [Object],
      '27085251-e3e2-4829-81ee-14004843637d': [Object],
      '6e1c8d68-72f3-4160-9874-6473edd2f7eb': [Object],
      'd972d6f7-1f89-492b-81cf-aaf5fba709f5': [Object],
      '1c9764f9-9feb-462d-8cbe-a61ade8b293c': [Object],
      'a8524493-d06d-4997-9949-ab2bb8e7258b': [Object],
      'e1d517c3-21d5-45d0-8125-fbbb5dbd23f4': [Object]
    },
    legacyTaggedByPortfolio: {},
    changed: false
  }
}
 POST /api/portfolio/live-quotes 200 in 3.1s (next.js: 1340µs, application-code: 3.1s)
 PUT /api/portfolio/workspace 200 in 330ms (next.js: 1275µs, application-code: 328ms)
[portfolio/workspace PUT] ledger warnings {
  userId: '52373158-0eff-48de-80ba-f9206ee0e52a',
  warnings: [
    {
      code: 'SELL_WITHOUT_POSITION',
      portfolioId: '6667854d-3cea-49f6-9aac-8a7340c82cb8',
      transactionId: '484eefe6-d749-45bf-9f2d-4a9006a26b62',
      message: 'Sell of AAL with no open position.',
      legacy: true
    },
    {
      code: 'SELL_WITHOUT_POSITION',
      portfolioId: '6667854d-3cea-49f6-9aac-8a7340c82cb8',
      transactionId: '6d6780cf-80b2-4b0d-a3ef-a5b13da610d6',
      message: 'Sell of WISH with no open position.',
      legacy: true
    },
    {
      code: 'SELL_WITHOUT_POSITION',
      portfolioId: '6667854d-3cea-49f6-9aac-8a7340c82cb8',
      transactionId: 'b3c3668a-1730-4300-bd49-255067fbb9c4',
      message: 'Sell of NNOX with no open position.',
      legacy: true
    },
    {
      code: 'SELL_EXCEEDS_AVAILABLE_SHARES',
      portfolioId: '6667854d-3cea-49f6-9aac-8a7340c82cb8',
      transactionId: '4120dc1a-c777-45f4-b033-802dda8bf9e1',
      message: 'Sell 2.195119 PEP exceeds available 2.',
      legacy: true
    }
  ],
  migrateReport: {
    sequenceReports: {
      '6667854d-3cea-49f6-9aac-8a7340c82cb8': [Object],
      '27085251-e3e2-4829-81ee-14004843637d': [Object],
      '6e1c8d68-72f3-4160-9874-6473edd2f7eb': [Object],
      'd972d6f7-1f89-492b-81cf-aaf5fba709f5': [Object],
      '1c9764f9-9feb-462d-8cbe-a61ade8b293c': [Object],
      'a8524493-d06d-4997-9949-ab2bb8e7258b': [Object],
      'e1d517c3-21d5-45d0-8125-fbbb5dbd23f4': [Object]
    },
    legacyTaggedByPortfolio: {},
    changed: false
  }
}
[portfolio/workspace PUT] ledger warnings {
  userId: '52373158-0eff-48de-80ba-f9206ee0e52a',
  warnings: [
    {
      code: 'SELL_WITHOUT_POSITION',
      portfolioId: '6667854d-3cea-49f6-9aac-8a7340c82cb8',
      transactionId: '484eefe6-d749-45bf-9f2d-4a9006a26b62',
      message: 'Sell of AAL with no open position.',
      legacy: true
    },
    {
      code: 'SELL_WITHOUT_POSITION',
      portfolioId: '6667854d-3cea-49f6-9aac-8a7340c82cb8',
      transactionId: '6d6780cf-80b2-4b0d-a3ef-a5b13da610d6',
      message: 'Sell of WISH with no open position.',
      legacy: true
    },
    {
      code: 'SELL_WITHOUT_POSITION',
      portfolioId: '6667854d-3cea-49f6-9aac-8a7340c82cb8',
      transactionId: 'b3c3668a-1730-4300-bd49-255067fbb9c4',
      message: 'Sell of NNOX with no open position.',
      legacy: true
    },
    {
      code: 'SELL_EXCEEDS_AVAILABLE_SHARES',
      portfolioId: '6667854d-3cea-49f6-9aac-8a7340c82cb8',
      transactionId: '4120dc1a-c777-45f4-b033-802dda8bf9e1',
      message: 'Sell 2.195119 PEP exceeds available 2.',
      legacy: true
    }
  ],
  migrateReport: {
    sequenceReports: {
      '6667854d-3cea-49f6-9aac-8a7340c82cb8': [Object],
      '27085251-e3e2-4829-81ee-14004843637d': [Object],
      '6e1c8d68-72f3-4160-9874-6473edd2f7eb': [Object],
      'd972d6f7-1f89-492b-81cf-aaf5fba709f5': [Object],
      '1c9764f9-9feb-462d-8cbe-a61ade8b293c': [Object],
      'a8524493-d06d-4997-9949-ab2bb8e7258b': [Object],
      'e1d517c3-21d5-45d0-8125-fbbb5dbd23f4': [Object]
    },
    legacyTaggedByPortfolio: {},
    changed: false
  }
}
[FINSEPA_PROVIDER_TRACE] EODHD fetchEodhdCryptoDailyBars {"symbol":"BTC-USD.CC"}
[FINSEPA_PROVIDER_TRACE] EODHD fetchEodhdCryptoDailyBars {"symbol":"ETH-USD.CC"}
[FINSEPA_PROVIDER_TRACE] EODHD fetchEodhdCryptoDailyBars {"symbol":"BTC-USD.CC"}
[FINSEPA_PROVIDER_TRACE] EODHD fetchEodhdCryptoDailyBars {"symbol":"ETH-USD.CC"}
[FINSEPA_PROVIDER_TRACE] EODHD fetchEodhdCryptoDailyBars {"symbol":"BTC-USD.CC"}
[FINSEPA_PROVIDER_TRACE] EODHD fetchEodhdCryptoDailyBars {"symbol":"ETH-USD.CC"}
[FINSEPA_PROVIDER_TRACE] EODHD fetchEodhdCryptoDailyBars {"symbol":"SOL-USD.CC"}
[FINSEPA_PROVIDER_TRACE] EODHD fetchEodhdCryptoDailyBars {"symbol":"BTC-USD.CC"}
[FINSEPA_PROVIDER_TRACE] EODHD fetchEodhdCryptoDailyBars {"symbol":"ETH-USD.CC"}
[FINSEPA_PROVIDER_TRACE] EODHD fetchEodhdCryptoDailyBars {"symbol":"SOL-USD.CC"}
 PUT /api/portfolio/workspace 200 in 337ms (next.js: 1869µs, application-code: 335ms)
 PUT /api/portfolio/workspace 200 in 331ms (next.js: 1555µs, application-code: 330ms)
 GET /api/watchlist 200 in 205ms (next.js: 1651µs, application-code: 204ms)
 GET /api/search/recent 200 in 65ms (next.js: 1274µs, application-code: 64ms)
 POST /api/portfolio/live-quotes 200 in 2.6s (next.js: 1319µs, application-code: 2.6s)
 POST /api/portfolio/live-quotes 200 in 1876ms (next.js: 1794µs, application-code: 1875ms)
 PUT /api/portfolios/listings 200 in 214ms (next.js: 57ms, application-code: 157ms)
 PUT /api/portfolios/listings 200 in 221ms (next.js: 62ms, application-code: 159ms)
 POST /api/portfolio/live-quotes 200 in 2.3s (next.js: 1975µs, application-code: 2.3s)
[FINSEPA_PROVIDER_TRACE] EODHD fetchEodhdRealtimeSymbolsRaw {"symbolsInRequest":14}
 POST /api/portfolio/live-quotes 200 in 1906ms (next.js: 1417µs, application-code: 1904ms)
[portfolio/workspace PUT] ledger warnings {
  userId: '52373158-0eff-48de-80ba-f9206ee0e52a',
  warnings: [
    {
      code: 'SELL_WITHOUT_POSITION',
      portfolioId: '6667854d-3cea-49f6-9aac-8a7340c82cb8',
      transactionId: '484eefe6-d749-45bf-9f2d-4a9006a26b62',
      message: 'Sell of AAL with no open position.',
      legacy: true
    },
    {
      code: 'SELL_WITHOUT_POSITION',
      portfolioId: '6667854d-3cea-49f6-9aac-8a7340c82cb8',
      transactionId: '6d6780cf-80b2-4b0d-a3ef-a5b13da610d6',
      message: 'Sell of WISH with no open position.',
      legacy: true
    },
    {
      code: 'SELL_WITHOUT_POSITION',
      portfolioId: '6667854d-3cea-49f6-9aac-8a7340c82cb8',
      transactionId: 'b3c3668a-1730-4300-bd49-255067fbb9c4',
      message: 'Sell of NNOX with no open position.',
      legacy: true
    },
    {
      code: 'SELL_EXCEEDS_AVAILABLE_SHARES',
      portfolioId: '6667854d-3cea-49f6-9aac-8a7340c82cb8',
      transactionId: '4120dc1a-c777-45f4-b033-802dda8bf9e1',
      message: 'Sell 2.195119 PEP exceeds available 2.',
      legacy: true
    }
  ],
  migrateReport: {
    sequenceReports: {
      '6667854d-3cea-49f6-9aac-8a7340c82cb8': [Object],
      '27085251-e3e2-4829-81ee-14004843637d': [Object],
      '6e1c8d68-72f3-4160-9874-6473edd2f7eb': [Object],
      'd972d6f7-1f89-492b-81cf-aaf5fba709f5': [Object],
      '1c9764f9-9feb-462d-8cbe-a61ade8b293c': [Object],
      'a8524493-d06d-4997-9949-ab2bb8e7258b': [Object],
      'e1d517c3-21d5-45d0-8125-fbbb5dbd23f4': [Object]
    },
    legacyTaggedByPortfolio: {},
    changed: false
  }
}
 PUT /api/portfolio/workspace 200 in 307ms (next.js: 1469µs, application-code: 305ms)
[FINSEPA_PROVIDER_TRACE] EODHD fetchEodhdCryptoDailyBars {"symbol":"BTC-USD.CC"}
[FINSEPA_PROVIDER_TRACE] EODHD fetchEodhdCryptoDailyBars {"symbol":"ETH-USD.CC"}
[FINSEPA_PROVIDER_TRACE] EODHD fetchEodhdCryptoDailyBars {"symbol":"BTC-USD.CC"}
[FINSEPA_PROVIDER_TRACE] EODHD fetchEodhdCryptoDailyBars {"symbol":"ETH-USD.CC"}
 POST /api/portfolio/live-quotes 200 in 2.7s (next.js: 1191µs, application-code: 2.7s)
 PUT /api/portfolios/listings 200 in 137ms (next.js: 1396µs, application-code: 135ms)
 POST /api/portfolio/live-quotes 200 in 3.6s (next.js: 2ms, application-code: 3.6s)
 PUT /api/portfolios/listings 200 in 131ms (next.js: 1152µs, application-code: 130ms)
 GET /__bench_bench-20260908-125010_01_shell_end__ 404 in 30ms (next.js: 3ms, application-code: 27ms)
 GET /__bench_bench-20260908-125010_02_screener_start__ 404 in 24ms (next.js: 2ms, application-code: 22ms)
 GET /__bench_bench-20260908-125010_02_screener_end__ 404 in 37ms (next.js: 3ms, application-code: 34ms)
 GET /__bench_bench-20260908-125010_03_open_stock_start__ 404 in 27ms (next.js: 1882µs, application-code: 26ms)
[FINSEPA_PROVIDER_TRACE] EODHD fetchEodhdRealtimeSymbolsRaw {"symbolsInRequest":10}
 GET /api/notifications?count=1 200 in 65ms (next.js: 3ms, application-code: 61ms)
 GET /stock/NVDA 200 in 951ms (next.js: 541ms, proxy.ts: 8ms, application-code: 401ms)
[FINSEPA_PROVIDER_TRACE] EODHD fetchEodhdEodDailyBothCloses {"symbol":"AAL.US"}
[FINSEPA_PROVIDER_TRACE] EODHD fetchEodhdEodDailyBothCloses {"symbol":"AAPL.US"}
[FINSEPA_PROVIDER_TRACE] EODHD fetchEodhdEodDailyBothCloses {"symbol":"ADBE.US"}
[FINSEPA_PROVIDER_TRACE] EODHD fetchEodhdEodDailyBothCloses {"symbol":"AMZN.US"}
[FINSEPA_PROVIDER_TRACE] EODHD fetchEodhdEodDailyBothCloses {"symbol":"DIS.US"}
[FINSEPA_PROVIDER_TRACE] EODHD fetchEodhdEodDailyBothCloses {"symbol":"DPZ.US"}
[FINSEPA_PROVIDER_TRACE] EODHD fetchEodhdEodDailyBothCloses {"symbol":"EL.US"}
[FINSEPA_PROVIDER_TRACE] EODHD fetchEodhdEodDailyBothCloses {"symbol":"GOOGL.US"}
[FINSEPA_PROVIDER_TRACE] EODHD fetchEodhdEodDailyBothCloses {"symbol":"MCO.US"}
[FINSEPA_PROVIDER_TRACE] EODHD fetchEodhdEodDailyBothCloses {"symbol":"META.US"}
[FINSEPA_PROVIDER_TRACE] EODHD fetchEodhdEodDailyBothCloses {"symbol":"MSFT.US"}
[FINSEPA_PROVIDER_TRACE] EODHD fetchEodhdEodDailyBothCloses {"symbol":"NFLX.US"}
[FINSEPA_PROVIDER_TRACE] EODHD fetchEodhdEodDailyBothCloses {"symbol":"NKE.US"}
[FINSEPA_PROVIDER_TRACE] EODHD fetchEodhdEodDailyBothCloses {"symbol":"NNOX.US"}
[FINSEPA_PROVIDER_TRACE] EODHD fetchEodhdEodDailyBothCloses {"symbol":"PEP.US"}
[FINSEPA_PROVIDER_TRACE] EODHD fetchEodhdEodDailyBothCloses {"symbol":"PYPL.US"}
[FINSEPA_PROVIDER_TRACE] EODHD fetchEodhdEodDailyBothCloses {"symbol":"RACE.US"}
[FINSEPA_PROVIDER_TRACE] EODHD fetchEodhdEodDailyBothCloses {"symbol":"SBUX.US"}
[FINSEPA_PROVIDER_TRACE] EODHD fetchEodhdEodDailyBothCloses {"symbol":"V.US"}
[FINSEPA_PROVIDER_TRACE] EODHD fetchEodhdEodDailyBothCloses {"symbol":"VZ.US"}
[FINSEPA_PROVIDER_TRACE] EODHD fetchEodhdEodDailyBothCloses {"symbol":"WBD.US"}
[FINSEPA_PROVIDER_TRACE] EODHD fetchEodhdEodDailyBothCloses {"symbol":"WISH.US"}
 GET /api/account/plan 200 in 131ms (next.js: 4ms, application-code: 127ms)
[FINSEPA_PROVIDER_TRACE] EODHD fetchEodhdEodDailyBothCloses {"symbol":"AAPL.US"}
[FINSEPA_PROVIDER_TRACE] EODHD fetchEodhdEodDailyBothCloses {"symbol":"ADBE.US"}
[FINSEPA_PROVIDER_TRACE] EODHD fetchEodhdEodDailyBothCloses {"symbol":"AMZN.US"}
[FINSEPA_PROVIDER_TRACE] EODHD fetchEodhdEodDailyBothCloses {"symbol":"GLXY.US"}
[FINSEPA_PROVIDER_TRACE] EODHD fetchEodhdEodDailyBothCloses {"symbol":"GOOGL.US"}
[FINSEPA_PROVIDER_TRACE] EODHD fetchEodhdEodDailyBothCloses {"symbol":"HOOD.US"}
[FINSEPA_PROVIDER_TRACE] EODHD fetchEodhdEodDailyBothCloses {"symbol":"IDXX.US"}
[FINSEPA_PROVIDER_TRACE] EODHD fetchEodhdEodDailyBothCloses {"symbol":"MAR.US"}
[FINSEPA_PROVIDER_TRACE] EODHD fetchEodhdEodDailyBothCloses {"symbol":"META.US"}
[FINSEPA_PROVIDER_TRACE] EODHD fetchEodhdEodDailyBothCloses {"symbol":"NFLX.US"}
[FINSEPA_PROVIDER_TRACE] EODHD fetchEodhdEodDailyBothCloses {"symbol":"PYPL.US"}
[FINSEPA_PROVIDER_TRACE] EODHD fetchEodhdEodDailyBothCloses {"symbol":"RACE.US"}
[FINSEPA_PROVIDER_TRACE] EODHD fetchEodhdEodDailyBothCloses {"symbol":"SPGI.US"}
[FINSEPA_PROVIDER_TRACE] EODHD fetchEodhdEodDailyBothCloses {"symbol":"SPOT.US"}
[FINSEPA_PROVIDER_TRACE] EODHD fetchEodhdEodDailyBothCloses {"symbol":"SYK.US"}
[FINSEPA_PROVIDER_TRACE] EODHD fetchEodhdEodDailyBothCloses {"symbol":"V.US"}
 GET /api/account/plan 200 in 144ms (next.js: 5ms, application-code: 139ms)
 GET /api/portfolio/workspace 200 in 163ms (next.js: 3ms, application-code: 160ms)
[FINSEPA_PROVIDER_TRACE] EODHD fetchEodhdEodDailyBothCloses {"symbol":"AAPL.US"}
[FINSEPA_PROVIDER_TRACE] EODHD fetchEodhdEodDailyBothCloses {"symbol":"COST.US"}
[FINSEPA_PROVIDER_TRACE] EODHD fetchEodhdEodDailyBothCloses {"symbol":"KO.US"}
[FINSEPA_PROVIDER_TRACE] EODHD fetchEodhdEodDailyBothCloses {"symbol":"META.US"}
[FINSEPA_PROVIDER_TRACE] EODHD fetchEodhdEodDailyBothCloses {"symbol":"NFLX.US"}
[FINSEPA_PROVIDER_TRACE] EODHD fetchEodhdEodDailyBothCloses {"symbol":"QQQ.US"}
[FINSEPA_PROVIDER_TRACE] EODHD fetchEodhdEodDailyBothCloses {"symbol":"SPGI.US"}
[FINSEPA_PROVIDER_TRACE] EODHD fetchEodhdEodDailyBothCloses {"symbol":"TSLA.US"}
[FINSEPA_PROVIDER_TRACE] EODHD fetchEodhdEodDailyBothCloses {"symbol":"UBER.US"}
[FINSEPA_PROVIDER_TRACE] EODHD fetchEodhdEodDailyBothCloses {"symbol":"V.US"}
 POST /api/portfolio/stock-splits 200 in 905ms (next.js: 1253µs, application-code: 903ms)
[FINSEPA_PROVIDER_TRACE] EODHD fetchEodhdEodDailyBothCloses {"symbol":"AAPL.US"}
 POST /api/portfolio/stock-splits 200 in 1175ms (next.js: 998µs, application-code: 1174ms)
 POST /api/portfolio/stock-splits 200 in 1169ms (next.js: 1201µs, application-code: 1167ms)
 POST /api/portfolio/stock-splits 200 in 297ms (next.js: 1304µs, application-code: 295ms)
 GET /api/search/recent 200 in 67ms (next.js: 1102µs, application-code: 65ms)
 GET /api/search/recent 200 in 62ms (next.js: 1705µs, application-code: 60ms)
 GET /api/superinvestor-follows 200 in 63ms (next.js: 1451µs, application-code: 61ms)
 GET /api/notifications?count=1 200 in 71ms (next.js: 1406µs, application-code: 70ms)
 GET /api/portfolio/workspace 200 in 108ms (next.js: 1048µs, application-code: 107ms)
 GET /api/watchlist 200 in 175ms (next.js: 1654µs, application-code: 173ms)
[closed-1d api] NVDA {
  session: 'pre',
  isLiveMinuteTicker: true,
  branch: 'prior-session-cache'
}
[FINSEPA_PROVIDER_TRACE] EODHD fetchEodhdIntraday {"symbol":"NVDA.US"}
[FINSEPA_PROVIDER_TRACE] EODHD fetchEodhdCryptoDailyBars {"symbol":"BTC-USD.CC"}
[FINSEPA_PROVIDER_TRACE] EODHD fetchEodhdCryptoDailyBars {"symbol":"ETH-USD.CC"}
[FINSEPA_PROVIDER_TRACE] EODHD fetchEodhdCryptoDailyBars {"symbol":"SOL-USD.CC"}
[FINSEPA_PROVIDER_TRACE] EODHD fetchEodhdCryptoDailyBars {"symbol":"BTC-USD.CC"}
[FINSEPA_PROVIDER_TRACE] EODHD fetchEodhdCryptoDailyBars {"symbol":"ETH-USD.CC"}
[FINSEPA_PROVIDER_TRACE] EODHD fetchEodhdCryptoDailyBars {"symbol":"SOL-USD.CC"}
[FINSEPA_PROVIDER_TRACE] EODHD fetchEodhdCryptoDailyBars {"symbol":"BTC-USD.CC"}
[FINSEPA_PROVIDER_TRACE] EODHD fetchEodhdCryptoDailyBars {"symbol":"ETH-USD.CC"}
[FINSEPA_PROVIDER_TRACE] EODHD fetchEodhdCryptoDailyBars {"symbol":"SOL-USD.CC"}
[FINSEPA_PROVIDER_TRACE] EODHD fetchEodhdCryptoDailyBars {"symbol":"BTC-USD.CC"}
[FINSEPA_PROVIDER_TRACE] EODHD fetchEodhdCryptoDailyBars {"symbol":"ETH-USD.CC"}
[FINSEPA_PROVIDER_TRACE] EODHD fetchEodhdCryptoDailyBars {"symbol":"SOL-USD.CC"}
[FINSEPA_PROVIDER_TRACE] EODHD fetchEodhdCryptoDailyBars {"symbol":"BTC-USD.CC"}
[FINSEPA_PROVIDER_TRACE] EODHD fetchEodhdCryptoDailyBars {"symbol":"ETH-USD.CC"}
[FINSEPA_PROVIDER_TRACE] EODHD fetchEodhdCryptoDailyBars {"symbol":"SOL-USD.CC"}
[eodhd intraday] raw provider row sample {
  sym: 'NVDA.US',
  interval: '1m',
  rowCount: 391,
  firstRow: {
    timestamp: 1788528600,
    gmtoffset: 0,
    datetime: '2026-09-04 13:30:00',
    open: 231.09,
    high: 231.2,
    low: 229.82,
    close: 230.1875,
    volume: 2676601
  }
}
[closed-1d] NVDA {
  session: 'pre',
  sessionYmd: '2026-09-04',
  source: 'eodhd-prior-session',
  interval: '1m',
  firstPointTime: '2026-09-04T13:30:00.000Z',
  lastPointTime: '2026-09-04T20:00:00.000Z',
  pointCount: 391
}
[chart-api-raw] NVDA {
  session: 'closed-or-pre',
  branch: 'prior-session-cache',
  sessionYmd: '2026-09-04',
  firstPointTime: '2026-09-04T13:30:00.000Z',
  lastPointTime: '2026-09-04T20:00:00.000Z',
  pointCount: 391,
  cacheControl: 'private, no-store',
  note: "source/interval/unstable_cache hit-miss printed server-side: a '[closed-1d]' log = cache MISS (fresh compute); only '[closed-1d api]' = cache HIT."
}
 GET /api/stocks/NVDA/chart?range=1D&series=price 200 in 1214ms (next.js: 643ms, application-code: 572ms)
[closed-1d api] NVDA {
  session: 'pre',
  isLiveMinuteTicker: true,
  branch: 'prior-session-cache'
}
[FINSEPA_PROVIDER_TRACE] EODHD fetchEodhdIntraday {"symbol":"NVDA.US"}
[eodhd intraday] raw provider row sample {
  sym: 'NVDA.US',
  interval: '1m',
  rowCount: 391,
  firstRow: {
    timestamp: 1788528600,
    gmtoffset: 0,
    datetime: '2026-09-04 13:30:00',
    open: 231.09,
    high: 231.2,
    low: 229.82,
    close: 230.1875,
    volume: 2676601
  }
}
[closed-1d] NVDA {
  session: 'pre',
  sessionYmd: '2026-09-04',
  source: 'eodhd-prior-session',
  interval: '1m',
  firstPointTime: '2026-09-04T13:30:00.000Z',
  lastPointTime: '2026-09-04T20:00:00.000Z',
  pointCount: 391
}
[chart-api-raw] NVDA {
  session: 'closed-or-pre',
  branch: 'prior-session-cache',
  sessionYmd: '2026-09-04',
  firstPointTime: '2026-09-04T13:30:00.000Z',
  lastPointTime: '2026-09-04T20:00:00.000Z',
  pointCount: 391,
  cacheControl: 'private, no-store',
  note: "source/interval/unstable_cache hit-miss printed server-side: a '[closed-1d]' log = cache MISS (fresh compute); only '[closed-1d api]' = cache HIT."
}
 GET /api/stocks/NVDA/chart?range=1D&series=price 200 in 473ms (next.js: 3ms, application-code: 471ms)
 POST /api/portfolio/live-quotes 200 in 2.1s (next.js: 1097µs, application-code: 2.1s)
 POST /api/portfolio/live-quotes 200 in 3.7s (next.js: 1261µs, application-code: 3.7s)
 POST /api/portfolio/live-quotes 200 in 2.2s (next.js: 943µs, application-code: 2.2s)
 POST /api/portfolio/live-quotes 200 in 3.6s (next.js: 1653µs, application-code: 3.6s)
 POST /api/portfolio/live-quotes 200 in 3.5s (next.js: 1288µs, application-code: 3.5s)
[closed-1d api] NVDA {
  session: 'pre',
  isLiveMinuteTicker: true,
  branch: 'prior-session-cache'
}
[FINSEPA_PROVIDER_TRACE] EODHD fetchEodhdIntraday {"symbol":"NVDA.US"}
[closed-1d api] NVDA {
  session: 'pre',
  isLiveMinuteTicker: true,
  branch: 'prior-session-cache'
}
[FINSEPA_PROVIDER_TRACE] EODHD fetchEodhdIntraday {"symbol":"NVDA.US"}
 GET /api/stocks/NVDA/key-indicators 200 in 672ms (next.js: 553ms, application-code: 119ms)
 GET /api/stocks/NVDA/key-indicators 200 in 331ms (next.js: 203ms, application-code: 128ms)
[eodhd intraday] raw provider row sample {
  sym: 'NVDA.US',
  interval: '1m',
  rowCount: 391,
  firstRow: {
    timestamp: 1788528600,
    gmtoffset: 0,
    datetime: '2026-09-04 13:30:00',
    open: 231.09,
    high: 231.2,
    low: 229.82,
    close: 230.1875,
    volume: 2676601
  }
}
[closed-1d] NVDA {
  session: 'pre',
  sessionYmd: '2026-09-04',
  source: 'eodhd-prior-session',
  interval: '1m',
  firstPointTime: '2026-09-04T13:30:00.000Z',
  lastPointTime: '2026-09-04T20:00:00.000Z',
  pointCount: 391
}
[chart-api-raw] NVDA {
  session: 'closed-or-pre',
  branch: 'prior-session-cache',
  sessionYmd: '2026-09-04',
  firstPointTime: '2026-09-04T13:30:00.000Z',
  lastPointTime: '2026-09-04T20:00:00.000Z',
  pointCount: 391,
  cacheControl: 'private, no-store',
  note: "source/interval/unstable_cache hit-miss printed server-side: a '[closed-1d]' log = cache MISS (fresh compute); only '[closed-1d api]' = cache HIT."
}
 GET /api/stocks/NVDA/chart?range=1D&series=price 200 in 485ms (next.js: 3ms, application-code: 482ms)
[eodhd intraday] raw provider row sample {
  sym: 'NVDA.US',
  interval: '1m',
  rowCount: 391,
  firstRow: {
    timestamp: 1788528600,
    gmtoffset: 0,
    datetime: '2026-09-04 13:30:00',
    open: 231.09,
    high: 231.2,
    low: 229.82,
    close: 230.1875,
    volume: 2676601
  }
}
[closed-1d] NVDA {
  session: 'pre',
  sessionYmd: '2026-09-04',
  source: 'eodhd-prior-session',
  interval: '1m',
  firstPointTime: '2026-09-04T13:30:00.000Z',
  lastPointTime: '2026-09-04T20:00:00.000Z',
  pointCount: 391
}
[chart-api-raw] NVDA {
  session: 'closed-or-pre',
  branch: 'prior-session-cache',
  sessionYmd: '2026-09-04',
  firstPointTime: '2026-09-04T13:30:00.000Z',
  lastPointTime: '2026-09-04T20:00:00.000Z',
  pointCount: 391,
  cacheControl: 'private, no-store',
  note: "source/interval/unstable_cache hit-miss printed server-side: a '[closed-1d]' log = cache MISS (fresh compute); only '[closed-1d api]' = cache HIT."
}
[FINSEPA_PROVIDER_TRACE] EODHD fetchEodhdIntraday {"symbol":"NVDA.US"}
[FINSEPA_PROVIDER_TRACE] EODHD fetchEodhdIntraday {"symbol":"NVDA.US"}
[FINSEPA_PROVIDER_TRACE] EODHD fetchEodhdEodDaily {"symbol":"NVDA.US","closeMode":"adjusted"}
 GET /api/search/recent 200 in 211ms (next.js: 3ms, application-code: 208ms)
 GET /api/stocks/NVDA/chart?range=1D&series=price 200 in 697ms (next.js: 5ms, application-code: 692ms)
 GET /api/search/recent 200 in 64ms (next.js: 1139µs, application-code: 63ms)
[eodhd intraday] raw provider row sample {
  sym: 'NVDA.US',
  interval: '1m',
  rowCount: 391,
  firstRow: {
    timestamp: 1788528600,
    gmtoffset: 0,
    datetime: '2026-09-04 13:30:00',
    open: 231.09,
    high: 231.2,
    low: 229.82,
    close: 230.1875,
    volume: 2676601
  }
}
[closed-1d] NVDA {
  session: 'pre',
  sessionYmd: '2026-09-04',
  source: 'eodhd-prior-session',
  interval: '1m',
  firstPointTime: '2026-09-04T13:30:00.000Z',
  lastPointTime: '2026-09-04T20:00:00.000Z',
  pointCount: 391
}
[live-price] NVDA {
  price: 229.73,
  quotedAtSec: 1788552000,
  previousClose: null,
  session: 'pre'
}
 GET /api/stocks/NVDA/live-price 200 in 1222ms (next.js: 738ms, application-code: 485ms)
[FINSEPA_PROVIDER_TRACE] EODHD fetchEodhdFundamentalsJsonUncached {"symbol":"NVDA.US"}
[eodhd intraday] raw provider row sample {
  sym: 'NVDA.US',
  interval: '1m',
  rowCount: 391,
  firstRow: {
    timestamp: 1788528600,
    gmtoffset: 0,
    datetime: '2026-09-04 13:30:00',
    open: 231.09,
    high: 231.2,
    low: 229.82,
    close: 230.1875,
    volume: 2676601
  }
}
[closed-1d] NVDA {
  session: 'pre',
  sessionYmd: '2026-09-04',
  source: 'eodhd-prior-session',
  interval: '1m',
  firstPointTime: '2026-09-04T13:30:00.000Z',
  lastPointTime: '2026-09-04T20:00:00.000Z',
  pointCount: 391
}
[live-price] NVDA {
  price: 229.73,
  quotedAtSec: 1788552000,
  previousClose: null,
  session: 'pre'
}
 GET /api/stocks/NVDA/live-price 200 in 957ms (next.js: 300ms, application-code: 657ms)
[portfolio/workspace PUT] ledger warnings {
  userId: '52373158-0eff-48de-80ba-f9206ee0e52a',
  warnings: [
    {
      code: 'SELL_WITHOUT_POSITION',
      portfolioId: '6667854d-3cea-49f6-9aac-8a7340c82cb8',
      transactionId: '484eefe6-d749-45bf-9f2d-4a9006a26b62',
      message: 'Sell of AAL with no open position.',
      legacy: true
    },
    {
      code: 'SELL_WITHOUT_POSITION',
      portfolioId: '6667854d-3cea-49f6-9aac-8a7340c82cb8',
      transactionId: '6d6780cf-80b2-4b0d-a3ef-a5b13da610d6',
      message: 'Sell of WISH with no open position.',
      legacy: true
    },
    {
      code: 'SELL_WITHOUT_POSITION',
      portfolioId: '6667854d-3cea-49f6-9aac-8a7340c82cb8',
      transactionId: 'b3c3668a-1730-4300-bd49-255067fbb9c4',
      message: 'Sell of NNOX with no open position.',
      legacy: true
    },
    {
      code: 'SELL_EXCEEDS_AVAILABLE_SHARES',
      portfolioId: '6667854d-3cea-49f6-9aac-8a7340c82cb8',
      transactionId: '4120dc1a-c777-45f4-b033-802dda8bf9e1',
      message: 'Sell 2.195119 PEP exceeds available 2.',
      legacy: true
    }
  ],
  migrateReport: {
    sequenceReports: {
      '6667854d-3cea-49f6-9aac-8a7340c82cb8': [Object],
      '27085251-e3e2-4829-81ee-14004843637d': [Object],
      '6e1c8d68-72f3-4160-9874-6473edd2f7eb': [Object],
      'd972d6f7-1f89-492b-81cf-aaf5fba709f5': [Object],
      '1c9764f9-9feb-462d-8cbe-a61ade8b293c': [Object],
      'a8524493-d06d-4997-9949-ab2bb8e7258b': [Object],
      'e1d517c3-21d5-45d0-8125-fbbb5dbd23f4': [Object]
    },
    legacyTaggedByPortfolio: {},
    changed: false
  }
}
[FINSEPA_PROVIDER_TRACE] EODHD fetchEodhdFundamentalsJsonUncached {"symbol":"NVDA.US"}
[FINSEPA_PROVIDER_TRACE] EODHD fetchEodhdRealtimeSymbolsRaw {"symbolsInRequest":14}
 PUT /api/portfolio/workspace 200 in 340ms (next.js: 1249µs, application-code: 339ms)
[portfolio/workspace PUT] ledger warnings {
  userId: '52373158-0eff-48de-80ba-f9206ee0e52a',
  warnings: [
    {
      code: 'SELL_WITHOUT_POSITION',
      portfolioId: '6667854d-3cea-49f6-9aac-8a7340c82cb8',
      transactionId: '484eefe6-d749-45bf-9f2d-4a9006a26b62',
      message: 'Sell of AAL with no open position.',
      legacy: true
    },
    {
      code: 'SELL_WITHOUT_POSITION',
      portfolioId: '6667854d-3cea-49f6-9aac-8a7340c82cb8',
      transactionId: '6d6780cf-80b2-4b0d-a3ef-a5b13da610d6',
      message: 'Sell of WISH with no open position.',
      legacy: true
    },
    {
      code: 'SELL_WITHOUT_POSITION',
      portfolioId: '6667854d-3cea-49f6-9aac-8a7340c82cb8',
      transactionId: 'b3c3668a-1730-4300-bd49-255067fbb9c4',
      message: 'Sell of NNOX with no open position.',
      legacy: true
    },
    {
      code: 'SELL_EXCEEDS_AVAILABLE_SHARES',
      portfolioId: '6667854d-3cea-49f6-9aac-8a7340c82cb8',
      transactionId: '4120dc1a-c777-45f4-b033-802dda8bf9e1',
      message: 'Sell 2.195119 PEP exceeds available 2.',
      legacy: true
    }
  ],
  migrateReport: {
    sequenceReports: {
      '6667854d-3cea-49f6-9aac-8a7340c82cb8': [Object],
      '27085251-e3e2-4829-81ee-14004843637d': [Object],
      '6e1c8d68-72f3-4160-9874-6473edd2f7eb': [Object],
      'd972d6f7-1f89-492b-81cf-aaf5fba709f5': [Object],
      '1c9764f9-9feb-462d-8cbe-a61ade8b293c': [Object],
      'a8524493-d06d-4997-9949-ab2bb8e7258b': [Object],
      'e1d517c3-21d5-45d0-8125-fbbb5dbd23f4': [Object]
    },
    legacyTaggedByPortfolio: {},
    changed: false
  }
}
 GET /api/stocks/NVDA/target-price 200 in 1079ms (next.js: 511ms, application-code: 568ms)
 PUT /api/portfolio/workspace 200 in 285ms (next.js: 1418µs, application-code: 284ms)
[FINSEPA_PROVIDER_TRACE] EODHD fetchEodhdUsQuoteDelayed {"symbol":"NVDA.US"}
[FINSEPA_PROVIDER_TRACE] EODHD fetchEodhdFundamentalsJsonUncached {"symbol":"NVDA.US"}
 GET /api/stocks/NVDA/extended-hours?exchange=NASDAQ&country=US&close=230.36 200 in 2.0s (next.js: 295ms, application-code: 1720ms)
 GET /api/stocks/NVDA/extended-hours?exchange=NASDAQ&country=US&close=230.36 200 in 2.4s (next.js: 680ms, application-code: 1721ms)
[FINSEPA_PROVIDER_TRACE] EODHD fetchEodhdFundamentalsJsonUncached {"symbol":"NVDA.US"}
[FINSEPA_PROVIDER_TRACE] EODHD fetchEodhdCryptoDailyBars {"symbol":"BTC-USD.CC"}
[FINSEPA_PROVIDER_TRACE] EODHD fetchEodhdCryptoDailyBars {"symbol":"ETH-USD.CC"}
[FINSEPA_PROVIDER_TRACE] EODHD fetchEodhdCryptoDailyBars {"symbol":"BTC-USD.CC"}
[FINSEPA_PROVIDER_TRACE] EODHD fetchEodhdCryptoDailyBars {"symbol":"ETH-USD.CC"}
[FINSEPA_PROVIDER_TRACE] EODHD fetchEodhdEodDaily {"symbol":"NVDA.US","closeMode":"adjusted"}
 POST /api/portfolio/live-quotes 200 in 2.8s (next.js: 1076µs, application-code: 2.8s)
 POST /api/portfolio/live-quotes 200 in 3.3s (next.js: 1624µs, application-code: 3.3s)
 PUT /api/portfolios/listings 200 in 130ms (next.js: 1446µs, application-code: 128ms)
 PUT /api/portfolios/listings 200 in 179ms (next.js: 1029µs, application-code: 178ms)
 GET /api/stocks/NVDA/earnings?preview=1 200 in 4.6s (next.js: 575ms, application-code: 4.0s)
 GET /stock/NVDA?bench=bench-20260908-125010&step=03-open 200 in 594ms (next.js: 7ms, proxy.ts: 9ms, application-code: 578ms)
[FINSEPA_PROVIDER_TRACE] EODHD fetchEodhdRealtimeSymbolsRaw {"symbolsInRequest":10}
 GET /api/notifications?count=1 200 in 72ms (next.js: 3ms, application-code: 69ms)
[closed-1d api] NVDA {
  session: 'pre',
  isLiveMinuteTicker: true,
  branch: 'prior-session-cache'
}
[FINSEPA_PROVIDER_TRACE] EODHD fetchEodhdIntraday {"symbol":"NVDA.US"}
[closed-1d api] NVDA {
  session: 'pre',
  isLiveMinuteTicker: true,
  branch: 'prior-session-cache'
}
[FINSEPA_PROVIDER_TRACE] EODHD fetchEodhdIntraday {"symbol":"NVDA.US"}
 GET /api/portfolio/workspace 200 in 124ms (next.js: 4ms, application-code: 120ms)
[FINSEPA_PROVIDER_TRACE] EODHD fetchEodhdIntraday {"symbol":"NVDA.US"}
 GET /api/account/plan 200 in 159ms (next.js: 5ms, application-code: 154ms)
[FINSEPA_PROVIDER_TRACE] EODHD fetchEodhdEodDaily {"symbol":"NVDA.US","closeMode":"adjusted"}
 GET /api/stocks/NVDA/key-indicators 200 in 205ms (next.js: 4ms, application-code: 201ms)
[eodhd intraday] raw provider row sample {
  sym: 'NVDA.US',
  interval: '1m',
  rowCount: 391,
  firstRow: {
    timestamp: 1788528600,
    gmtoffset: 0,
    datetime: '2026-09-04 13:30:00',
    open: 231.09,
    high: 231.2,
    low: 229.82,
    close: 230.1875,
    volume: 2676601
  }
}
[closed-1d] NVDA {
  session: 'pre',
  sessionYmd: '2026-09-04',
  source: 'eodhd-prior-session',
  interval: '1m',
  firstPointTime: '2026-09-04T13:30:00.000Z',
  lastPointTime: '2026-09-04T20:00:00.000Z',
  pointCount: 391
}
[live-price] NVDA {
  price: 229.73,
  quotedAtSec: 1788552000,
  previousClose: null,
  session: 'pre'
}
[eodhd intraday] raw provider row sample {
  sym: 'NVDA.US',
  interval: '1m',
  rowCount: 391,
  firstRow: {
    timestamp: 1788528600,
    gmtoffset: 0,
    datetime: '2026-09-04 13:30:00',
    open: 231.09,
    high: 231.2,
    low: 229.82,
    close: 230.1875,
    volume: 2676601
  }
}
[closed-1d] NVDA {
  session: 'pre',
  sessionYmd: '2026-09-04',
  source: 'eodhd-prior-session',
  interval: '1m',
  firstPointTime: '2026-09-04T13:30:00.000Z',
  lastPointTime: '2026-09-04T20:00:00.000Z',
  pointCount: 391
}
[chart-api-raw] NVDA {
  session: 'closed-or-pre',
  branch: 'prior-session-cache',
  sessionYmd: '2026-09-04',
  firstPointTime: '2026-09-04T13:30:00.000Z',
  lastPointTime: '2026-09-04T20:00:00.000Z',
  pointCount: 391,
  cacheControl: 'private, no-store',
  note: "source/interval/unstable_cache hit-miss printed server-side: a '[closed-1d]' log = cache MISS (fresh compute); only '[closed-1d api]' = cache HIT."
}
[eodhd intraday] raw provider row sample {
  sym: 'NVDA.US',
  interval: '1m',
  rowCount: 391,
  firstRow: {
    timestamp: 1788528600,
    gmtoffset: 0,
    datetime: '2026-09-04 13:30:00',
    open: 231.09,
    high: 231.2,
    low: 229.82,
    close: 230.1875,
    volume: 2676601
  }
}
[closed-1d] NVDA {
  session: 'pre',
  sessionYmd: '2026-09-04',
  source: 'eodhd-prior-session',
  interval: '1m',
  firstPointTime: '2026-09-04T13:30:00.000Z',
  lastPointTime: '2026-09-04T20:00:00.000Z',
  pointCount: 391
}
[chart-api-raw] NVDA {
  session: 'closed-or-pre',
  branch: 'prior-session-cache',
  sessionYmd: '2026-09-04',
  firstPointTime: '2026-09-04T13:30:00.000Z',
  lastPointTime: '2026-09-04T20:00:00.000Z',
  pointCount: 391,
  cacheControl: 'private, no-store',
  note: "source/interval/unstable_cache hit-miss printed server-side: a '[closed-1d]' log = cache MISS (fresh compute); only '[closed-1d api]' = cache HIT."
}
 GET /api/stocks/NVDA/live-price 200 in 616ms (next.js: 3ms, application-code: 613ms)
 GET /api/stocks/NVDA/chart?range=1D&series=price 200 in 689ms (next.js: 4ms, application-code: 685ms)
 GET /api/stocks/NVDA/chart?range=1D&series=price 200 in 681ms (next.js: 1133µs, application-code: 680ms)
[FINSEPA_PROVIDER_TRACE] EODHD fetchEodhdEodDailyBothCloses {"symbol":"AAL.US"}
[FINSEPA_PROVIDER_TRACE] EODHD fetchEodhdEodDailyBothCloses {"symbol":"AAPL.US"}
[FINSEPA_PROVIDER_TRACE] EODHD fetchEodhdEodDailyBothCloses {"symbol":"ADBE.US"}
[FINSEPA_PROVIDER_TRACE] EODHD fetchEodhdEodDailyBothCloses {"symbol":"AMZN.US"}
[FINSEPA_PROVIDER_TRACE] EODHD fetchEodhdEodDailyBothCloses {"symbol":"DIS.US"}
[FINSEPA_PROVIDER_TRACE] EODHD fetchEodhdEodDailyBothCloses {"symbol":"DPZ.US"}
[FINSEPA_PROVIDER_TRACE] EODHD fetchEodhdEodDailyBothCloses {"symbol":"EL.US"}
[FINSEPA_PROVIDER_TRACE] EODHD fetchEodhdEodDailyBothCloses {"symbol":"GOOGL.US"}
[FINSEPA_PROVIDER_TRACE] EODHD fetchEodhdEodDailyBothCloses {"symbol":"MCO.US"}
[FINSEPA_PROVIDER_TRACE] EODHD fetchEodhdEodDailyBothCloses {"symbol":"META.US"}
[FINSEPA_PROVIDER_TRACE] EODHD fetchEodhdEodDailyBothCloses {"symbol":"MSFT.US"}
[FINSEPA_PROVIDER_TRACE] EODHD fetchEodhdEodDailyBothCloses {"symbol":"NFLX.US"}
[FINSEPA_PROVIDER_TRACE] EODHD fetchEodhdEodDailyBothCloses {"symbol":"NKE.US"}
[FINSEPA_PROVIDER_TRACE] EODHD fetchEodhdEodDailyBothCloses {"symbol":"NNOX.US"}
[FINSEPA_PROVIDER_TRACE] EODHD fetchEodhdEodDailyBothCloses {"symbol":"PEP.US"}
[FINSEPA_PROVIDER_TRACE] EODHD fetchEodhdEodDailyBothCloses {"symbol":"PYPL.US"}
[FINSEPA_PROVIDER_TRACE] EODHD fetchEodhdEodDailyBothCloses {"symbol":"RACE.US"}
[FINSEPA_PROVIDER_TRACE] EODHD fetchEodhdEodDailyBothCloses {"symbol":"SBUX.US"}
[FINSEPA_PROVIDER_TRACE] EODHD fetchEodhdEodDailyBothCloses {"symbol":"V.US"}
[FINSEPA_PROVIDER_TRACE] EODHD fetchEodhdEodDailyBothCloses {"symbol":"VZ.US"}
[FINSEPA_PROVIDER_TRACE] EODHD fetchEodhdEodDailyBothCloses {"symbol":"WBD.US"}
[FINSEPA_PROVIDER_TRACE] EODHD fetchEodhdEodDailyBothCloses {"symbol":"WISH.US"}
[FINSEPA_PROVIDER_TRACE] EODHD fetchEodhdEodDailyBothCloses {"symbol":"AAPL.US"}
[FINSEPA_PROVIDER_TRACE] EODHD fetchEodhdEodDailyBothCloses {"symbol":"ADBE.US"}
[FINSEPA_PROVIDER_TRACE] EODHD fetchEodhdEodDailyBothCloses {"symbol":"AMZN.US"}
[FINSEPA_PROVIDER_TRACE] EODHD fetchEodhdEodDailyBothCloses {"symbol":"GLXY.US"}
[FINSEPA_PROVIDER_TRACE] EODHD fetchEodhdEodDailyBothCloses {"symbol":"GOOGL.US"}
[FINSEPA_PROVIDER_TRACE] EODHD fetchEodhdEodDailyBothCloses {"symbol":"HOOD.US"}
[FINSEPA_PROVIDER_TRACE] EODHD fetchEodhdEodDailyBothCloses {"symbol":"IDXX.US"}
[FINSEPA_PROVIDER_TRACE] EODHD fetchEodhdEodDailyBothCloses {"symbol":"MAR.US"}
[FINSEPA_PROVIDER_TRACE] EODHD fetchEodhdEodDailyBothCloses {"symbol":"META.US"}
[FINSEPA_PROVIDER_TRACE] EODHD fetchEodhdEodDailyBothCloses {"symbol":"NFLX.US"}
[FINSEPA_PROVIDER_TRACE] EODHD fetchEodhdEodDailyBothCloses {"symbol":"PYPL.US"}
[FINSEPA_PROVIDER_TRACE] EODHD fetchEodhdEodDailyBothCloses {"symbol":"RACE.US"}
[FINSEPA_PROVIDER_TRACE] EODHD fetchEodhdEodDailyBothCloses {"symbol":"SPGI.US"}
[FINSEPA_PROVIDER_TRACE] EODHD fetchEodhdEodDailyBothCloses {"symbol":"SPOT.US"}
[FINSEPA_PROVIDER_TRACE] EODHD fetchEodhdEodDailyBothCloses {"symbol":"SYK.US"}
[FINSEPA_PROVIDER_TRACE] EODHD fetchEodhdEodDailyBothCloses {"symbol":"V.US"}
[FINSEPA_PROVIDER_TRACE] EODHD fetchEodhdCryptoDailyBars {"symbol":"BTC-USD.CC"}
[FINSEPA_PROVIDER_TRACE] EODHD fetchEodhdCryptoDailyBars {"symbol":"ETH-USD.CC"}
[FINSEPA_PROVIDER_TRACE] EODHD fetchEodhdCryptoDailyBars {"symbol":"SOL-USD.CC"}
[FINSEPA_PROVIDER_TRACE] EODHD fetchEodhdCryptoDailyBars {"symbol":"BTC-USD.CC"}
[FINSEPA_PROVIDER_TRACE] EODHD fetchEodhdCryptoDailyBars {"symbol":"ETH-USD.CC"}
[FINSEPA_PROVIDER_TRACE] EODHD fetchEodhdCryptoDailyBars {"symbol":"SOL-USD.CC"}
[FINSEPA_PROVIDER_TRACE] EODHD fetchEodhdCryptoDailyBars {"symbol":"BTC-USD.CC"}
[FINSEPA_PROVIDER_TRACE] EODHD fetchEodhdCryptoDailyBars {"symbol":"ETH-USD.CC"}
[FINSEPA_PROVIDER_TRACE] EODHD fetchEodhdCryptoDailyBars {"symbol":"SOL-USD.CC"}
[FINSEPA_PROVIDER_TRACE] EODHD fetchEodhdCryptoDailyBars {"symbol":"ETH-USDT.CC"}
[FINSEPA_PROVIDER_TRACE] EODHD fetchEodhdUsQuoteDelayed {"symbol":"NVDA.US"}
 POST /api/portfolio/stock-splits 200 in 950ms (next.js: 19ms, application-code: 932ms)
[FINSEPA_PROVIDER_TRACE] EODHD fetchEodhdEodDailyBothCloses {"symbol":"AAPL.US"}
[FINSEPA_PROVIDER_TRACE] EODHD fetchEodhdEodDailyBothCloses {"symbol":"COST.US"}
[FINSEPA_PROVIDER_TRACE] EODHD fetchEodhdEodDailyBothCloses {"symbol":"KO.US"}
[FINSEPA_PROVIDER_TRACE] EODHD fetchEodhdEodDailyBothCloses {"symbol":"META.US"}
[FINSEPA_PROVIDER_TRACE] EODHD fetchEodhdEodDailyBothCloses {"symbol":"NFLX.US"}
[FINSEPA_PROVIDER_TRACE] EODHD fetchEodhdEodDailyBothCloses {"symbol":"QQQ.US"}
[FINSEPA_PROVIDER_TRACE] EODHD fetchEodhdEodDailyBothCloses {"symbol":"SPGI.US"}
[FINSEPA_PROVIDER_TRACE] EODHD fetchEodhdEodDailyBothCloses {"symbol":"TSLA.US"}
[FINSEPA_PROVIDER_TRACE] EODHD fetchEodhdEodDailyBothCloses {"symbol":"UBER.US"}
[FINSEPA_PROVIDER_TRACE] EODHD fetchEodhdEodDailyBothCloses {"symbol":"V.US"}
 GET /api/stocks/NVDA/extended-hours?exchange=NASDAQ&country=US&close=230.36 200 in 1721ms (next.js: 6ms, application-code: 1714ms)
[FINSEPA_PROVIDER_TRACE] EODHD fetchEodhdEodDailyBothCloses {"symbol":"AAPL.US"}
 POST /api/portfolio/stock-splits 200 in 1212ms (next.js: 1730µs, application-code: 1210ms)
 GET /api/search/recent 200 in 73ms (next.js: 1085µs, application-code: 72ms)
[FINSEPA_PROVIDER_TRACE] EODHD fetchEodhdRealtimeSymbolsRaw {"symbolsInRequest":2}
 GET /api/search/recent 200 in 74ms (next.js: 1020µs, application-code: 73ms)
 POST /api/portfolio/stock-splits 200 in 288ms (next.js: 935µs, application-code: 287ms)
[FINSEPA_PROVIDER_TRACE] EODHD fetchEodhdRealtimeSymbolsRaw {"symbolsInRequest":10}
 GET /api/search/recent 200 in 86ms (next.js: 1180µs, application-code: 85ms)
 GET /api/superinvestor-follows 200 in 75ms (next.js: 1428µs, application-code: 73ms)
 POST /api/portfolio/stock-splits 200 in 613ms (next.js: 1126µs, application-code: 611ms)
 GET /api/stocks/NVDA/earnings?preview=1 200 in 21ms (next.js: 13ms, application-code: 8ms)
 GET /api/watchlist 200 in 167ms (next.js: 17ms, application-code: 150ms)
 GET /api/watchlist 200 in 182ms (next.js: 10ms, application-code: 172ms)
 GET /api/search/recent 200 in 88ms (next.js: 1478µs, application-code: 86ms)
[portfolio/workspace PUT] ledger warnings {
  userId: '52373158-0eff-48de-80ba-f9206ee0e52a',
  warnings: [
    {
      code: 'SELL_WITHOUT_POSITION',
      portfolioId: '6667854d-3cea-49f6-9aac-8a7340c82cb8',
      transactionId: '484eefe6-d749-45bf-9f2d-4a9006a26b62',
      message: 'Sell of AAL with no open position.',
      legacy: true
    },
    {
      code: 'SELL_WITHOUT_POSITION',
      portfolioId: '6667854d-3cea-49f6-9aac-8a7340c82cb8',
      transactionId: '6d6780cf-80b2-4b0d-a3ef-a5b13da610d6',
      message: 'Sell of WISH with no open position.',
      legacy: true
    },
    {
      code: 'SELL_WITHOUT_POSITION',
      portfolioId: '6667854d-3cea-49f6-9aac-8a7340c82cb8',
      transactionId: 'b3c3668a-1730-4300-bd49-255067fbb9c4',
      message: 'Sell of NNOX with no open position.',
      legacy: true
    },
    {
      code: 'SELL_EXCEEDS_AVAILABLE_SHARES',
      portfolioId: '6667854d-3cea-49f6-9aac-8a7340c82cb8',
      transactionId: '4120dc1a-c777-45f4-b033-802dda8bf9e1',
      message: 'Sell 2.195119 PEP exceeds available 2.',
      legacy: true
    }
  ],
  migrateReport: {
    sequenceReports: {
      '6667854d-3cea-49f6-9aac-8a7340c82cb8': [Object],
      '27085251-e3e2-4829-81ee-14004843637d': [Object],
      '6e1c8d68-72f3-4160-9874-6473edd2f7eb': [Object],
      'd972d6f7-1f89-492b-81cf-aaf5fba709f5': [Object],
      '1c9764f9-9feb-462d-8cbe-a61ade8b293c': [Object],
      'a8524493-d06d-4997-9949-ab2bb8e7258b': [Object],
      'e1d517c3-21d5-45d0-8125-fbbb5dbd23f4': [Object]
    },
    legacyTaggedByPortfolio: {},
    changed: false
  }
}
 POST /api/portfolio/live-quotes 200 in 2.9s (next.js: 1558µs, application-code: 2.9s)
 POST /api/portfolio/live-quotes 200 in 2.1s (next.js: 3ms, application-code: 2.1s)
 POST /api/portfolio/live-quotes 200 in 2.6s (next.js: 1260µs, application-code: 2.6s)
 PUT /api/portfolio/workspace 200 in 371ms (next.js: 3ms, application-code: 369ms)
 GET /api/stocks/NVDA/target-price 200 in 6ms (next.js: 3ms, application-code: 3ms)
[portfolio/workspace PUT] ledger warnings {
  userId: '52373158-0eff-48de-80ba-f9206ee0e52a',
  warnings: [
    {
      code: 'SELL_WITHOUT_POSITION',
      portfolioId: '6667854d-3cea-49f6-9aac-8a7340c82cb8',
      transactionId: '484eefe6-d749-45bf-9f2d-4a9006a26b62',
      message: 'Sell of AAL with no open position.',
      legacy: true
    },
    {
      code: 'SELL_WITHOUT_POSITION',
      portfolioId: '6667854d-3cea-49f6-9aac-8a7340c82cb8',
      transactionId: '6d6780cf-80b2-4b0d-a3ef-a5b13da610d6',
      message: 'Sell of WISH with no open position.',
      legacy: true
    },
    {
      code: 'SELL_WITHOUT_POSITION',
      portfolioId: '6667854d-3cea-49f6-9aac-8a7340c82cb8',
      transactionId: 'b3c3668a-1730-4300-bd49-255067fbb9c4',
      message: 'Sell of NNOX with no open position.',
      legacy: true
    },
    {
      code: 'SELL_EXCEEDS_AVAILABLE_SHARES',
      portfolioId: '6667854d-3cea-49f6-9aac-8a7340c82cb8',
      transactionId: '4120dc1a-c777-45f4-b033-802dda8bf9e1',
      message: 'Sell 2.195119 PEP exceeds available 2.',
      legacy: true
    }
  ],
  migrateReport: {
    sequenceReports: {
      '6667854d-3cea-49f6-9aac-8a7340c82cb8': [Object],
      '27085251-e3e2-4829-81ee-14004843637d': [Object],
      '6e1c8d68-72f3-4160-9874-6473edd2f7eb': [Object],
      'd972d6f7-1f89-492b-81cf-aaf5fba709f5': [Object],
      '1c9764f9-9feb-462d-8cbe-a61ade8b293c': [Object],
      'a8524493-d06d-4997-9949-ab2bb8e7258b': [Object],
      'e1d517c3-21d5-45d0-8125-fbbb5dbd23f4': [Object]
    },
    legacyTaggedByPortfolio: {},
    changed: false
  }
}
 GET /api/watchlist 200 in 186ms (next.js: 932µs, application-code: 185ms)
 GET /api/watchlist 200 in 161ms (next.js: 1096µs, application-code: 160ms)
 GET /api/watchlist 200 in 133ms (next.js: 1372µs, application-code: 132ms)
 PUT /api/portfolio/workspace 200 in 339ms (next.js: 3ms, application-code: 336ms)
[portfolio/workspace PUT] ledger warnings {
  userId: '52373158-0eff-48de-80ba-f9206ee0e52a',
  warnings: [
    {
      code: 'SELL_WITHOUT_POSITION',
      portfolioId: '6667854d-3cea-49f6-9aac-8a7340c82cb8',
      transactionId: '484eefe6-d749-45bf-9f2d-4a9006a26b62',
      message: 'Sell of AAL with no open position.',
      legacy: true
    },
    {
      code: 'SELL_WITHOUT_POSITION',
      portfolioId: '6667854d-3cea-49f6-9aac-8a7340c82cb8',
      transactionId: '6d6780cf-80b2-4b0d-a3ef-a5b13da610d6',
      message: 'Sell of WISH with no open position.',
      legacy: true
    },
    {
      code: 'SELL_WITHOUT_POSITION',
      portfolioId: '6667854d-3cea-49f6-9aac-8a7340c82cb8',
      transactionId: 'b3c3668a-1730-4300-bd49-255067fbb9c4',
      message: 'Sell of NNOX with no open position.',
      legacy: true
    },
    {
      code: 'SELL_EXCEEDS_AVAILABLE_SHARES',
      portfolioId: '6667854d-3cea-49f6-9aac-8a7340c82cb8',
      transactionId: '4120dc1a-c777-45f4-b033-802dda8bf9e1',
      message: 'Sell 2.195119 PEP exceeds available 2.',
      legacy: true
    }
  ],
  migrateReport: {
    sequenceReports: {
      '6667854d-3cea-49f6-9aac-8a7340c82cb8': [Object],
      '27085251-e3e2-4829-81ee-14004843637d': [Object],
      '6e1c8d68-72f3-4160-9874-6473edd2f7eb': [Object],
      'd972d6f7-1f89-492b-81cf-aaf5fba709f5': [Object],
      '1c9764f9-9feb-462d-8cbe-a61ade8b293c': [Object],
      'a8524493-d06d-4997-9949-ab2bb8e7258b': [Object],
      'e1d517c3-21d5-45d0-8125-fbbb5dbd23f4': [Object]
    },
    legacyTaggedByPortfolio: {},
    changed: false
  }
}
[FINSEPA_PROVIDER_TRACE] EODHD fetchEodhdCryptoDailyBars {"symbol":"BTC-USD.CC"}
[FINSEPA_PROVIDER_TRACE] EODHD fetchEodhdCryptoDailyBars {"symbol":"ETH-USD.CC"}
[FINSEPA_PROVIDER_TRACE] EODHD fetchEodhdCryptoDailyBars {"symbol":"SOL-USD.CC"}
[FINSEPA_PROVIDER_TRACE] EODHD fetchEodhdCryptoDailyBars {"symbol":"BTC-USD.CC"}
[FINSEPA_PROVIDER_TRACE] EODHD fetchEodhdCryptoDailyBars {"symbol":"ETH-USD.CC"}
[FINSEPA_PROVIDER_TRACE] EODHD fetchEodhdCryptoDailyBars {"symbol":"SOL-USD.CC"}
 PUT /api/portfolio/workspace 200 in 357ms (next.js: 1217µs, application-code: 356ms)
 POST /api/portfolio/live-quotes 200 in 2.5s (next.js: 998µs, application-code: 2.5s)
[FINSEPA_PROVIDER_TRACE] EODHD fetchEodhdRealtimeSymbolsRaw {"symbolsInRequest":14}
 POST /api/portfolio/live-quotes 200 in 2.1s (next.js: 1188µs, application-code: 2.1s)
[portfolio/workspace PUT] ledger warnings {
  userId: '52373158-0eff-48de-80ba-f9206ee0e52a',
  warnings: [
    {
      code: 'SELL_WITHOUT_POSITION',
      portfolioId: '6667854d-3cea-49f6-9aac-8a7340c82cb8',
      transactionId: '484eefe6-d749-45bf-9f2d-4a9006a26b62',
      message: 'Sell of AAL with no open position.',
      legacy: true
    },
    {
      code: 'SELL_WITHOUT_POSITION',
      portfolioId: '6667854d-3cea-49f6-9aac-8a7340c82cb8',
      transactionId: '6d6780cf-80b2-4b0d-a3ef-a5b13da610d6',
      message: 'Sell of WISH with no open position.',
      legacy: true
    },
    {
      code: 'SELL_WITHOUT_POSITION',
      portfolioId: '6667854d-3cea-49f6-9aac-8a7340c82cb8',
      transactionId: 'b3c3668a-1730-4300-bd49-255067fbb9c4',
      message: 'Sell of NNOX with no open position.',
      legacy: true
    },
    {
      code: 'SELL_EXCEEDS_AVAILABLE_SHARES',
      portfolioId: '6667854d-3cea-49f6-9aac-8a7340c82cb8',
      transactionId: '4120dc1a-c777-45f4-b033-802dda8bf9e1',
      message: 'Sell 2.195119 PEP exceeds available 2.',
      legacy: true
    }
  ],
  migrateReport: {
    sequenceReports: {
      '6667854d-3cea-49f6-9aac-8a7340c82cb8': [Object],
      '27085251-e3e2-4829-81ee-14004843637d': [Object],
      '6e1c8d68-72f3-4160-9874-6473edd2f7eb': [Object],
      'd972d6f7-1f89-492b-81cf-aaf5fba709f5': [Object],
      '1c9764f9-9feb-462d-8cbe-a61ade8b293c': [Object],
      'a8524493-d06d-4997-9949-ab2bb8e7258b': [Object],
      'e1d517c3-21d5-45d0-8125-fbbb5dbd23f4': [Object]
    },
    legacyTaggedByPortfolio: {},
    changed: false
  }
}
 PUT /api/portfolio/workspace 200 in 342ms (next.js: 1259µs, application-code: 341ms)
[FINSEPA_PROVIDER_TRACE] EODHD fetchEodhdCryptoDailyBars {"symbol":"BTC-USD.CC"}
[FINSEPA_PROVIDER_TRACE] EODHD fetchEodhdCryptoDailyBars {"symbol":"ETH-USD.CC"}
[FINSEPA_PROVIDER_TRACE] EODHD fetchEodhdCryptoDailyBars {"symbol":"BTC-USD.CC"}
[FINSEPA_PROVIDER_TRACE] EODHD fetchEodhdCryptoDailyBars {"symbol":"ETH-USD.CC"}
 POST /api/portfolio/live-quotes 200 in 1919ms (next.js: 1246µs, application-code: 1918ms)
 POST /api/portfolio/live-quotes 200 in 2.6s (next.js: 1195µs, application-code: 2.6s)
 PUT /api/portfolios/listings 200 in 176ms (next.js: 1601µs, application-code: 175ms)
 PUT /api/portfolios/listings 200 in 220ms (next.js: 1123µs, application-code: 219ms)
 GET /api/notifications?count=1 200 in 95ms (next.js: 3ms, application-code: 92ms)
 GET /__bench_bench-20260908-125010_04_overview_start__ 404 in 26ms (next.js: 2ms, application-code: 24ms)
[FINSEPA_PROVIDER_TRACE] EODHD fetchEodhdIntraday {"symbol":"NVDA.US"}
[FINSEPA_PROVIDER_TRACE] EODHD fetchEodhdEodDaily {"symbol":"NVDA.US","closeMode":"adjusted"}
[eodhd intraday] raw provider row sample {
  sym: 'NVDA.US',
  interval: '1m',
  rowCount: 391,
  firstRow: {
    timestamp: 1788528600,
    gmtoffset: 0,
    datetime: '2026-09-04 13:30:00',
    open: 231.09,
    high: 231.2,
    low: 229.82,
    close: 230.1875,
    volume: 2676601
  }
}
[closed-1d] NVDA {
  session: 'pre',
  sessionYmd: '2026-09-04',
  source: 'eodhd-prior-session',
  interval: '1m',
  firstPointTime: '2026-09-04T13:30:00.000Z',
  lastPointTime: '2026-09-04T20:00:00.000Z',
  pointCount: 391
}
[live-price] NVDA {
  price: 229.73,
  quotedAtSec: 1788552000,
  previousClose: null,
  session: 'pre'
}
 GET /api/stocks/NVDA/live-price 200 in 1122ms (next.js: 4ms, application-code: 1119ms)
[FINSEPA_PROVIDER_TRACE] EODHD fetchEodhdUsQuoteDelayed {"symbol":"NVDA.US"}
 GET /api/stocks/NVDA/extended-hours?exchange=NASDAQ&country=US&close=230.36 200 in 2.3s (next.js: 8ms, application-code: 2.2s)
[FINSEPA_PROVIDER_TRACE] EODHD fetchEodhdIntraday {"symbol":"NVDA.US"}
[FINSEPA_PROVIDER_TRACE] EODHD fetchEodhdEodDaily {"symbol":"NVDA.US","closeMode":"adjusted"}
[eodhd intraday] raw provider row sample {
  sym: 'NVDA.US',
  interval: '1m',
  rowCount: 391,
  firstRow: {
    timestamp: 1788528600,
    gmtoffset: 0,
    datetime: '2026-09-04 13:30:00',
    open: 231.09,
    high: 231.2,
    low: 229.82,
    close: 230.1875,
    volume: 2676601
  }
}
[closed-1d] NVDA {
  session: 'pre',
  sessionYmd: '2026-09-04',
  source: 'eodhd-prior-session',
  interval: '1m',
  firstPointTime: '2026-09-04T13:30:00.000Z',
  lastPointTime: '2026-09-04T20:00:00.000Z',
  pointCount: 391
}
[live-price] NVDA {
  price: 229.73,
  quotedAtSec: 1788552000,
  previousClose: null,
  session: 'pre'
}
 GET /api/stocks/NVDA/live-price 200 in 1050ms (next.js: 4ms, application-code: 1046ms)
 GET /__bench_bench-20260908-125010_04_overview_end__ 404 in 26ms (next.js: 1666µs, application-code: 25ms)
 GET /__bench_bench-20260908-125010_05_chart_tabs_start__ 404 in 23ms (next.js: 1623µs, application-code: 21ms)
[FINSEPA_PROVIDER_TRACE] EODHD fetchEodhdUsQuoteDelayed {"symbol":"NVDA.US"}
 GET /api/stocks/NVDA/extended-hours?exchange=NASDAQ&country=US&close=230.36 200 in 2.2s (next.js: 10ms, application-code: 2.2s)
[FINSEPA_PROVIDER_TRACE] EODHD fetchEodhdIntraday {"symbol":"NVDA.US"}
[FINSEPA_PROVIDER_TRACE] EODHD fetchEodhdEodDaily {"symbol":"NVDA.US","closeMode":"adjusted"}
[eodhd intraday] raw provider row sample {
  sym: 'NVDA.US',
  interval: '1m',
  rowCount: 391,
  firstRow: {
    timestamp: 1788528600,
    gmtoffset: 0,
    datetime: '2026-09-04 13:30:00',
    open: 231.09,
    high: 231.2,
    low: 229.82,
    close: 230.1875,
    volume: 2676601
  }
}
[closed-1d] NVDA {
  session: 'pre',
  sessionYmd: '2026-09-04',
  source: 'eodhd-prior-session',
  interval: '1m',
  firstPointTime: '2026-09-04T13:30:00.000Z',
  lastPointTime: '2026-09-04T20:00:00.000Z',
  pointCount: 391
}
[live-price] NVDA {
  price: 229.73,
  quotedAtSec: 1788552000,
  previousClose: null,
  session: 'pre'
}
 GET /api/stocks/NVDA/live-price 200 in 1125ms (next.js: 3ms, application-code: 1122ms)
[FINSEPA_PROVIDER_TRACE] EODHD fetchEodhdIntraday {"symbol":"NVDA.US"}
[FINSEPA_PROVIDER_TRACE] EODHD fetchEodhdUsQuoteDelayed {"symbol":"NVDA.US"}
 GET /api/stocks/NVDA/extended-hours?exchange=NASDAQ&country=US&close=230.36 200 in 2.2s (next.js: 6ms, application-code: 2.2s)
[eodhd intraday] raw provider row sample {
  sym: 'NVDA.US',
  interval: '1m',
  rowCount: 8585,
  firstRow: {
    timestamp: 1787648100,
    gmtoffset: 0,
    datetime: '2026-08-25 08:55:00',
    open: 210.835,
    high: 210.8975,
    low: 210.814,
    close: 210.85,
    volume: 2159
  }
}
[stock chart] 5D intraday attempt {
  ticker: 'NVDA',
  endpoint: 'GET /api/intraday/{symbol}',
  fromUnix: 1787648066,
  toUnix: 1788857666,
  interval: '1m',
  barCount: 8585,
  disableUsSessionFilters: false
}
 GET /api/stocks/NVDA/chart?range=5D&series=price 200 in 2.7s (next.js: 4ms, application-code: 2.7s)
 GET /api/stocks/NVDA/chart?range=5D&series=price 200 in 10ms (next.js: 4ms, application-code: 6ms)
 GET /api/stocks/NVDA/chart?range=5D&series=price 200 in 11ms (next.js: 3ms, application-code: 7ms)
 GET /api/stocks/NVDA/chart?range=5D&series=price 200 in 8ms (next.js: 1291µs, application-code: 7ms)
 GET /stock/NVDA?bench=bench-20260908-125010&step=03-open&tab=financials 200 in 294ms (next.js: 8ms, proxy.ts: 9ms, application-code: 277ms)
[closed-1d api] NVDA {
  session: 'pre',
  isLiveMinuteTicker: true,
  branch: 'prior-session-cache'
}
[chart-api-raw] NVDA {
  session: 'closed-or-pre',
  branch: 'prior-session-cache',
  sessionYmd: '2026-09-04',
  firstPointTime: '2026-09-04T13:30:00.000Z',
  lastPointTime: '2026-09-04T20:00:00.000Z',
  pointCount: 391,
  cacheControl: 'private, no-store',
  note: "source/interval/unstable_cache hit-miss printed server-side: a '[closed-1d]' log = cache MISS (fresh compute); only '[closed-1d api]' = cache HIT."
}
 GET /api/stocks/NVDA/chart?range=1D&series=price 200 in 13ms (next.js: 1566µs, application-code: 12ms)
[FINSEPA_PROVIDER_TRACE] EODHD fetchEodhdIntraday {"symbol":"NVDA.US"}
[eodhd intraday] raw provider row sample {
  sym: 'NVDA.US',
  interval: '1m',
  rowCount: 391,
  firstRow: {
    timestamp: 1788528600,
    gmtoffset: 0,
    datetime: '2026-09-04 13:30:00',
    open: 231.09,
    high: 231.2,
    low: 229.82,
    close: 230.1875,
    volume: 2676601
  }
}
[closed-1d] NVDA {
  session: 'pre',
  sessionYmd: '2026-09-04',
  source: 'eodhd-prior-session',
  interval: '1m',
  firstPointTime: '2026-09-04T13:30:00.000Z',
  lastPointTime: '2026-09-04T20:00:00.000Z',
  pointCount: 391
}
[live-price] NVDA {
  price: 229.73,
  quotedAtSec: 1788552000,
  previousClose: null,
  session: 'pre'
}
 GET /api/stocks/NVDA/live-price 200 in 1070ms (next.js: 5ms, application-code: 1065ms)
 GET /__bench_bench-20260908-125010_05_chart_tabs_end__ 404 in 32ms (next.js: 3ms, application-code: 29ms)
 GET /__bench_bench-20260908-125010_07_research_tabs_start__ 404 in 24ms (next.js: 2ms, application-code: 22ms)
[FINSEPA_PROVIDER_TRACE] EODHD fetchEodhdEodDaily {"symbol":"NVDA.US","closeMode":"adjusted"}
 GET /api/notifications?count=1 200 in 91ms (next.js: 2ms, application-code: 88ms)
[FINSEPA_PROVIDER_TRACE] EODHD fetchEodhdUsQuoteDelayed {"symbol":"NVDA.US"}
 GET /api/stocks/NVDA/extended-hours?exchange=NASDAQ&country=US&close=230.36 200 in 1725ms (next.js: 4ms, application-code: 1721ms)
[FINSEPA_PROVIDER_TRACE] EODHD fetchEodhdFundamentalsJsonUncached {"symbol":"NVDA.US"}
[FINSEPA_PROVIDER_TRACE] EODHD fetchEodhdFundamentalsJsonUncached {"symbol":"NVDA.US"}
[FINSEPA_PROVIDER_TRACE] EODHD fetchEodhdEodDaily {"symbol":"NVDA.US","closeMode":"adjusted"}
[FINSEPA_PROVIDER_TRACE] EODHD fetchEodhdFundamentalsJsonUncached {"symbol":"NVDA.US"}
 GET /__bench_bench-20260908-125010_06_earnings_start__ 404 in 23ms (next.js: 1677µs, application-code: 22ms)
[FINSEPA_PROVIDER_TRACE] EODHD fetchEodhdFundamentalsJsonUncached {"symbol":"NVDA.US"}
 GET /stock/NVDA?bench=bench-20260908-125010&step=03-open&tab=earnings 200 in 2.9s (next.js: 6ms, proxy.ts: 8ms, application-code: 2.8s)
[closed-1d api] NVDA {
  session: 'pre',
  isLiveMinuteTicker: true,
  branch: 'prior-session-cache'
}
[chart-api-raw] NVDA {
  session: 'closed-or-pre',
  branch: 'prior-session-cache',
  sessionYmd: '2026-09-04',
  firstPointTime: '2026-09-04T13:30:00.000Z',
  lastPointTime: '2026-09-04T20:00:00.000Z',
  pointCount: 391,
  cacheControl: 'private, no-store',
  note: "source/interval/unstable_cache hit-miss printed server-side: a '[closed-1d]' log = cache MISS (fresh compute); only '[closed-1d api]' = cache HIT."
}
 GET /api/stocks/NVDA/chart?range=1D&series=price 200 in 12ms (next.js: 3ms, application-code: 9ms)
[FINSEPA_PROVIDER_TRACE] EODHD fetchEodhdIntraday {"symbol":"NVDA.US"}
 GET /api/stocks/NVDA/earnings 200 in 2.6s (next.js: 8ms, application-code: 2.6s)
[FINSEPA_PROVIDER_TRACE] EODHD fetchEodhdFundamentalsJsonUncached {"symbol":"NVDA.US"}
[FINSEPA_PROVIDER_TRACE] EODHD fetchEodhdEodDaily {"symbol":"NVDA.US","closeMode":"adjusted"}
[eodhd intraday] raw provider row sample {
  sym: 'NVDA.US',
  interval: '1m',
  rowCount: 391,
  firstRow: {
    timestamp: 1788528600,
    gmtoffset: 0,
    datetime: '2026-09-04 13:30:00',
    open: 231.09,
    high: 231.2,
    low: 229.82,
    close: 230.1875,
    volume: 2676601
  }
}
[closed-1d] NVDA {
  session: 'pre',
  sessionYmd: '2026-09-04',
  source: 'eodhd-prior-session',
  interval: '1m',
  firstPointTime: '2026-09-04T13:30:00.000Z',
  lastPointTime: '2026-09-04T20:00:00.000Z',
  pointCount: 391
}
[live-price] NVDA {
  price: 229.73,
  quotedAtSec: 1788552000,
  previousClose: null,
  session: 'pre'
}
 GET /api/stocks/NVDA/live-price 200 in 565ms (next.js: 3ms, application-code: 562ms)
[FINSEPA_PROVIDER_TRACE] EODHD fetchEodhdFundamentalsJsonUncached {"symbol":"NVDA.US"}
[FINSEPA_PROVIDER_TRACE] EODHD fetchEodhdFundamentalsJsonUncached {"symbol":"NVDA.US"}
[FINSEPA_PROVIDER_TRACE] EODHD fetchEodhdEodDaily {"symbol":"NVDA.US","closeMode":"adjusted"}
 GET /api/stocks/NVDA/earnings 200 in 3.6s (next.js: 3ms, application-code: 3.6s)
 GET /api/notifications?count=1 200 in 76ms (next.js: 2ms, application-code: 74ms)
[FINSEPA_PROVIDER_TRACE] EODHD fetchEodhdEodDaily {"symbol":"NVDA.US","closeMode":"adjusted"}
[FINSEPA_PROVIDER_TRACE] EODHD fetchEodhdUsQuoteDelayed {"symbol":"NVDA.US"}
 GET /stock/NVDA?bench=bench-20260908-125010&step=03-open&tab=peers 200 in 306ms (next.js: 5ms, proxy.ts: 7ms, application-code: 295ms)
 GET /api/stocks/NVDA/extended-hours?exchange=NASDAQ&country=US&close=230.36 200 in 1687ms (next.js: 3ms, application-code: 1684ms)
[closed-1d api] NVDA {
  session: 'pre',
  isLiveMinuteTicker: true,
  branch: 'prior-session-cache'
}
[chart-api-raw] NVDA {
  session: 'closed-or-pre',
  branch: 'prior-session-cache',
  sessionYmd: '2026-09-04',
  firstPointTime: '2026-09-04T13:30:00.000Z',
  lastPointTime: '2026-09-04T20:00:00.000Z',
  pointCount: 391,
  cacheControl: 'private, no-store',
  note: "source/interval/unstable_cache hit-miss printed server-side: a '[closed-1d]' log = cache MISS (fresh compute); only '[closed-1d api]' = cache HIT."
}
 GET /api/stocks/NVDA/chart?range=1D&series=price 200 in 10ms (next.js: 3ms, application-code: 7ms)
[FINSEPA_PROVIDER_TRACE] EODHD fetchEodhdIntraday {"symbol":"NVDA.US"}
 GET /api/search/recent 200 in 85ms (next.js: 1439µs, application-code: 83ms)
[eodhd intraday] raw provider row sample {
  sym: 'NVDA.US',
  interval: '1m',
  rowCount: 391,
  firstRow: {
    timestamp: 1788528600,
    gmtoffset: 0,
    datetime: '2026-09-04 13:30:00',
    open: 231.09,
    high: 231.2,
    low: 229.82,
    close: 230.1875,
    volume: 2676601
  }
}
[closed-1d] NVDA {
  session: 'pre',
  sessionYmd: '2026-09-04',
  source: 'eodhd-prior-session',
  interval: '1m',
  firstPointTime: '2026-09-04T13:30:00.000Z',
  lastPointTime: '2026-09-04T20:00:00.000Z',
  pointCount: 391
}
[live-price] NVDA {
  price: 229.73,
  quotedAtSec: 1788552000,
  previousClose: null,
  session: 'pre'
}
 GET /api/stocks/NVDA/live-price 200 in 532ms (next.js: 3ms, application-code: 530ms)
 GET /__bench_bench-20260908-125010_06_earnings_end__ 404 in 27ms (next.js: 2ms, application-code: 25ms)
 GET /__bench_bench-20260908-125010_07_research_tabs_peers__ 404 in 21ms (next.js: 1644µs, application-code: 20ms)
 GET /stock/AAPL?bench=bench-20260908-125010&step=08-second 200 in 501ms (next.js: 4ms, proxy.ts: 7ms, application-code: 490ms)
[FINSEPA_PROVIDER_TRACE] EODHD fetchEodhdRealtimeSymbolsRaw {"symbolsInRequest":10}
 GET /api/notifications?count=1 200 in 77ms (next.js: 3ms, application-code: 75ms)
[closed-1d api] AAPL {
  session: 'pre',
  isLiveMinuteTicker: true,
  branch: 'prior-session-cache'
}
[FINSEPA_PROVIDER_TRACE] EODHD fetchEodhdIntraday {"symbol":"AAPL.US"}
[closed-1d api] AAPL {
  session: 'pre',
  isLiveMinuteTicker: true,
  branch: 'prior-session-cache'
}
[FINSEPA_PROVIDER_TRACE] EODHD fetchEodhdIntraday {"symbol":"AAPL.US"}
 GET /api/portfolio/workspace 200 in 148ms (next.js: 6ms, application-code: 142ms)
 GET /api/account/plan 200 in 154ms (next.js: 9ms, application-code: 145ms)
[FINSEPA_PROVIDER_TRACE] EODHD fetchEodhdIntraday {"symbol":"AAPL.US"}
[FINSEPA_PROVIDER_TRACE] EODHD fetchEodhdEodDaily {"symbol":"AAPL.US","closeMode":"adjusted"}
 GET /api/stocks/AAPL/key-indicators 200 in 155ms (next.js: 4ms, application-code: 151ms)
[eodhd intraday] raw provider row sample {
  sym: 'AAPL.US',
  interval: '1m',
  rowCount: 391,
  firstRow: {
    timestamp: 1788528600,
    gmtoffset: 0,
    datetime: '2026-09-04 13:30:00',
    open: 328.305,
    high: 328.9,
    low: 327.4626,
    close: 328.01,
    volume: 562057
  }
}
[closed-1d] AAPL {
  session: 'pre',
  sessionYmd: '2026-09-04',
  source: 'eodhd-prior-session',
  interval: '1m',
  firstPointTime: '2026-09-04T13:30:00.000Z',
  lastPointTime: '2026-09-04T20:00:00.000Z',
  pointCount: 391
}
[chart-api-raw] AAPL {
  session: 'closed-or-pre',
  branch: 'prior-session-cache',
  sessionYmd: '2026-09-04',
  firstPointTime: '2026-09-04T13:30:00.000Z',
  lastPointTime: '2026-09-04T20:00:00.000Z',
  pointCount: 391,
  cacheControl: 'private, no-store',
  note: "source/interval/unstable_cache hit-miss printed server-side: a '[closed-1d]' log = cache MISS (fresh compute); only '[closed-1d api]' = cache HIT."
}
[eodhd intraday] raw provider row sample {
  sym: 'AAPL.US',
  interval: '1m',
  rowCount: 391,
  firstRow: {
    timestamp: 1788528600,
    gmtoffset: 0,
    datetime: '2026-09-04 13:30:00',
    open: 328.305,
    high: 328.9,
    low: 327.4626,
    close: 328.01,
    volume: 562057
  }
}
[closed-1d] AAPL {
  session: 'pre',
  sessionYmd: '2026-09-04',
  source: 'eodhd-prior-session',
  interval: '1m',
  firstPointTime: '2026-09-04T13:30:00.000Z',
  lastPointTime: '2026-09-04T20:00:00.000Z',
  pointCount: 391
}
[chart-api-raw] AAPL {
  session: 'closed-or-pre',
  branch: 'prior-session-cache',
  sessionYmd: '2026-09-04',
  firstPointTime: '2026-09-04T13:30:00.000Z',
  lastPointTime: '2026-09-04T20:00:00.000Z',
  pointCount: 391,
  cacheControl: 'private, no-store',
  note: "source/interval/unstable_cache hit-miss printed server-side: a '[closed-1d]' log = cache MISS (fresh compute); only '[closed-1d api]' = cache HIT."
}
[eodhd intraday] raw provider row sample {
  sym: 'AAPL.US',
  interval: '1m',
  rowCount: 391,
  firstRow: {
    timestamp: 1788528600,
    gmtoffset: 0,
    datetime: '2026-09-04 13:30:00',
    open: 328.305,
    high: 328.9,
    low: 327.4626,
    close: 328.01,
    volume: 562057
  }
}
[closed-1d] AAPL {
  session: 'pre',
  sessionYmd: '2026-09-04',
  source: 'eodhd-prior-session',
  interval: '1m',
  firstPointTime: '2026-09-04T13:30:00.000Z',
  lastPointTime: '2026-09-04T20:00:00.000Z',
  pointCount: 391
}
[live-price] AAPL {
  price: 319.8,
  quotedAtSec: 1788552000,
  previousClose: null,
  session: 'pre'
}
 GET /api/stocks/AAPL/chart?range=1D&series=price 200 in 1446ms (next.js: 3ms, application-code: 1443ms)
 GET /api/stocks/AAPL/chart?range=1D&series=price 200 in 1439ms (next.js: 4ms, application-code: 1434ms)
 GET /api/stocks/AAPL/live-price 200 in 1362ms (next.js: 4ms, application-code: 1358ms)
[FINSEPA_PROVIDER_TRACE] EODHD fetchEodhdEodDailyBothCloses {"symbol":"AAL.US"}
[FINSEPA_PROVIDER_TRACE] EODHD fetchEodhdEodDailyBothCloses {"symbol":"AAPL.US"}
[FINSEPA_PROVIDER_TRACE] EODHD fetchEodhdEodDailyBothCloses {"symbol":"ADBE.US"}
[FINSEPA_PROVIDER_TRACE] EODHD fetchEodhdEodDailyBothCloses {"symbol":"AMZN.US"}
[FINSEPA_PROVIDER_TRACE] EODHD fetchEodhdEodDailyBothCloses {"symbol":"DIS.US"}
[FINSEPA_PROVIDER_TRACE] EODHD fetchEodhdEodDailyBothCloses {"symbol":"DPZ.US"}
[FINSEPA_PROVIDER_TRACE] EODHD fetchEodhdEodDailyBothCloses {"symbol":"EL.US"}
[FINSEPA_PROVIDER_TRACE] EODHD fetchEodhdEodDailyBothCloses {"symbol":"GOOGL.US"}
[FINSEPA_PROVIDER_TRACE] EODHD fetchEodhdEodDailyBothCloses {"symbol":"MCO.US"}
[FINSEPA_PROVIDER_TRACE] EODHD fetchEodhdEodDailyBothCloses {"symbol":"META.US"}
[FINSEPA_PROVIDER_TRACE] EODHD fetchEodhdEodDailyBothCloses {"symbol":"MSFT.US"}
[FINSEPA_PROVIDER_TRACE] EODHD fetchEodhdEodDailyBothCloses {"symbol":"NFLX.US"}
[FINSEPA_PROVIDER_TRACE] EODHD fetchEodhdEodDailyBothCloses {"symbol":"NKE.US"}
[FINSEPA_PROVIDER_TRACE] EODHD fetchEodhdEodDailyBothCloses {"symbol":"NNOX.US"}
[FINSEPA_PROVIDER_TRACE] EODHD fetchEodhdEodDailyBothCloses {"symbol":"PEP.US"}
[FINSEPA_PROVIDER_TRACE] EODHD fetchEodhdEodDailyBothCloses {"symbol":"PYPL.US"}
[FINSEPA_PROVIDER_TRACE] EODHD fetchEodhdEodDailyBothCloses {"symbol":"RACE.US"}
[FINSEPA_PROVIDER_TRACE] EODHD fetchEodhdEodDailyBothCloses {"symbol":"SBUX.US"}
[FINSEPA_PROVIDER_TRACE] EODHD fetchEodhdEodDailyBothCloses {"symbol":"V.US"}
[FINSEPA_PROVIDER_TRACE] EODHD fetchEodhdEodDailyBothCloses {"symbol":"VZ.US"}
[FINSEPA_PROVIDER_TRACE] EODHD fetchEodhdEodDailyBothCloses {"symbol":"WBD.US"}
[FINSEPA_PROVIDER_TRACE] EODHD fetchEodhdEodDailyBothCloses {"symbol":"WISH.US"}
[FINSEPA_PROVIDER_TRACE] EODHD fetchEodhdEodDailyBothCloses {"symbol":"AAPL.US"}
[FINSEPA_PROVIDER_TRACE] EODHD fetchEodhdEodDailyBothCloses {"symbol":"ADBE.US"}
[FINSEPA_PROVIDER_TRACE] EODHD fetchEodhdEodDailyBothCloses {"symbol":"AMZN.US"}
[FINSEPA_PROVIDER_TRACE] EODHD fetchEodhdEodDailyBothCloses {"symbol":"GLXY.US"}
[FINSEPA_PROVIDER_TRACE] EODHD fetchEodhdEodDailyBothCloses {"symbol":"GOOGL.US"}
[FINSEPA_PROVIDER_TRACE] EODHD fetchEodhdEodDailyBothCloses {"symbol":"HOOD.US"}
[FINSEPA_PROVIDER_TRACE] EODHD fetchEodhdEodDailyBothCloses {"symbol":"IDXX.US"}
[FINSEPA_PROVIDER_TRACE] EODHD fetchEodhdEodDailyBothCloses {"symbol":"MAR.US"}
[FINSEPA_PROVIDER_TRACE] EODHD fetchEodhdEodDailyBothCloses {"symbol":"META.US"}
[FINSEPA_PROVIDER_TRACE] EODHD fetchEodhdEodDailyBothCloses {"symbol":"NFLX.US"}
[FINSEPA_PROVIDER_TRACE] EODHD fetchEodhdEodDailyBothCloses {"symbol":"PYPL.US"}
[FINSEPA_PROVIDER_TRACE] EODHD fetchEodhdEodDailyBothCloses {"symbol":"RACE.US"}
[FINSEPA_PROVIDER_TRACE] EODHD fetchEodhdEodDailyBothCloses {"symbol":"SPGI.US"}
[FINSEPA_PROVIDER_TRACE] EODHD fetchEodhdEodDailyBothCloses {"symbol":"SPOT.US"}
[FINSEPA_PROVIDER_TRACE] EODHD fetchEodhdEodDailyBothCloses {"symbol":"SYK.US"}
[FINSEPA_PROVIDER_TRACE] EODHD fetchEodhdEodDailyBothCloses {"symbol":"V.US"}
[FINSEPA_PROVIDER_TRACE] EODHD fetchEodhdCryptoDailyBars {"symbol":"BTC-USD.CC"}
[FINSEPA_PROVIDER_TRACE] EODHD fetchEodhdCryptoDailyBars {"symbol":"ETH-USD.CC"}
[FINSEPA_PROVIDER_TRACE] EODHD fetchEodhdCryptoDailyBars {"symbol":"SOL-USD.CC"}
[FINSEPA_PROVIDER_TRACE] EODHD fetchEodhdCryptoDailyBars {"symbol":"BTC-USD.CC"}
[FINSEPA_PROVIDER_TRACE] EODHD fetchEodhdCryptoDailyBars {"symbol":"ETH-USD.CC"}
[FINSEPA_PROVIDER_TRACE] EODHD fetchEodhdCryptoDailyBars {"symbol":"SOL-USD.CC"}
[FINSEPA_PROVIDER_TRACE] EODHD fetchEodhdCryptoDailyBars {"symbol":"BTC-USD.CC"}
[FINSEPA_PROVIDER_TRACE] EODHD fetchEodhdCryptoDailyBars {"symbol":"ETH-USD.CC"}
[FINSEPA_PROVIDER_TRACE] EODHD fetchEodhdCryptoDailyBars {"symbol":"SOL-USD.CC"}
[FINSEPA_PROVIDER_TRACE] EODHD fetchEodhdUsQuoteDelayed {"symbol":"AAPL.US"}
 POST /api/portfolio/stock-splits 200 in 934ms (next.js: 19ms, application-code: 915ms)
[FINSEPA_PROVIDER_TRACE] EODHD fetchEodhdEodDailyBothCloses {"symbol":"AAPL.US"}
[FINSEPA_PROVIDER_TRACE] EODHD fetchEodhdEodDailyBothCloses {"symbol":"COST.US"}
[FINSEPA_PROVIDER_TRACE] EODHD fetchEodhdEodDailyBothCloses {"symbol":"KO.US"}
[FINSEPA_PROVIDER_TRACE] EODHD fetchEodhdEodDailyBothCloses {"symbol":"META.US"}
[FINSEPA_PROVIDER_TRACE] EODHD fetchEodhdEodDailyBothCloses {"symbol":"NFLX.US"}
[FINSEPA_PROVIDER_TRACE] EODHD fetchEodhdEodDailyBothCloses {"symbol":"QQQ.US"}
[FINSEPA_PROVIDER_TRACE] EODHD fetchEodhdEodDailyBothCloses {"symbol":"SPGI.US"}
[FINSEPA_PROVIDER_TRACE] EODHD fetchEodhdEodDailyBothCloses {"symbol":"TSLA.US"}
[FINSEPA_PROVIDER_TRACE] EODHD fetchEodhdEodDailyBothCloses {"symbol":"UBER.US"}
[FINSEPA_PROVIDER_TRACE] EODHD fetchEodhdEodDailyBothCloses {"symbol":"V.US"}
 POST /api/portfolio/stock-splits 200 in 1187ms (next.js: 2ms, application-code: 1185ms)
[FINSEPA_PROVIDER_TRACE] EODHD fetchEodhdEodDailyBothCloses {"symbol":"AAPL.US"}
 GET /api/stocks/AAPL/extended-hours?exchange=NASDAQ&country=US&close=319.97 200 in 2.6s (next.js: 8ms, application-code: 2.6s)
 GET /api/search/recent 200 in 66ms (next.js: 1292µs, application-code: 65ms)
 GET /api/search/recent 200 in 65ms (next.js: 1331µs, application-code: 64ms)
 GET /api/search/recent 200 in 83ms (next.js: 1237µs, application-code: 82ms)
[FINSEPA_PROVIDER_TRACE] EODHD fetchEodhdRealtimeSymbolsRaw {"symbolsInRequest":10}
 POST /api/portfolio/stock-splits 200 in 292ms (next.js: 1254µs, application-code: 291ms)
 POST /api/portfolio/stock-splits 200 in 590ms (next.js: 1582µs, application-code: 589ms)
 GET /api/superinvestor-follows 200 in 65ms (next.js: 1916µs, application-code: 63ms)
[FINSEPA_PROVIDER_TRACE] EODHD fetchEodhdFundamentalsJsonUncached {"symbol":"AAPL.US"}
 POST /api/portfolio/live-quotes 200 in 3.1s (next.js: 2ms, application-code: 3.1s)
[FINSEPA_PROVIDER_TRACE] EODHD fetchEodhdFundamentalsJsonUncached {"symbol":"AAPL.US"}
 GET /api/watchlist 200 in 216ms (next.js: 1656µs, application-code: 214ms)
 GET /api/watchlist 200 in 183ms (next.js: 1283µs, application-code: 182ms)
 GET /api/search/recent 200 in 89ms (next.js: 1573µs, application-code: 88ms)
 GET /api/stocks/AAPL/target-price 200 in 584ms (next.js: 3ms, application-code: 581ms)
 POST /api/portfolio/live-quotes 200 in 2.1s (next.js: 4ms, application-code: 2.1s)
 POST /api/portfolio/live-quotes 200 in 3.4s (next.js: 1164µs, application-code: 3.4s)
[portfolio/workspace PUT] ledger warnings {
  userId: '52373158-0eff-48de-80ba-f9206ee0e52a',
  warnings: [
    {
      code: 'SELL_WITHOUT_POSITION',
      portfolioId: '6667854d-3cea-49f6-9aac-8a7340c82cb8',
      transactionId: '484eefe6-d749-45bf-9f2d-4a9006a26b62',
      message: 'Sell of AAL with no open position.',
      legacy: true
    },
    {
      code: 'SELL_WITHOUT_POSITION',
      portfolioId: '6667854d-3cea-49f6-9aac-8a7340c82cb8',
      transactionId: '6d6780cf-80b2-4b0d-a3ef-a5b13da610d6',
      message: 'Sell of WISH with no open position.',
      legacy: true
    },
    {
      code: 'SELL_WITHOUT_POSITION',
      portfolioId: '6667854d-3cea-49f6-9aac-8a7340c82cb8',
      transactionId: 'b3c3668a-1730-4300-bd49-255067fbb9c4',
      message: 'Sell of NNOX with no open position.',
      legacy: true
    },
    {
      code: 'SELL_EXCEEDS_AVAILABLE_SHARES',
      portfolioId: '6667854d-3cea-49f6-9aac-8a7340c82cb8',
      transactionId: '4120dc1a-c777-45f4-b033-802dda8bf9e1',
      message: 'Sell 2.195119 PEP exceeds available 2.',
      legacy: true
    }
  ],
  migrateReport: {
    sequenceReports: {
      '6667854d-3cea-49f6-9aac-8a7340c82cb8': [Object],
      '27085251-e3e2-4829-81ee-14004843637d': [Object],
      '6e1c8d68-72f3-4160-9874-6473edd2f7eb': [Object],
      'd972d6f7-1f89-492b-81cf-aaf5fba709f5': [Object],
      '1c9764f9-9feb-462d-8cbe-a61ade8b293c': [Object],
      'a8524493-d06d-4997-9949-ab2bb8e7258b': [Object],
      'e1d517c3-21d5-45d0-8125-fbbb5dbd23f4': [Object]
    },
    legacyTaggedByPortfolio: {},
    changed: false
  }
}
 GET /api/watchlist 200 in 147ms (next.js: 3ms, application-code: 144ms)
[portfolio/workspace PUT] ledger warnings {
  userId: '52373158-0eff-48de-80ba-f9206ee0e52a',
  warnings: [
    {
      code: 'SELL_WITHOUT_POSITION',
      portfolioId: '6667854d-3cea-49f6-9aac-8a7340c82cb8',
      transactionId: '484eefe6-d749-45bf-9f2d-4a9006a26b62',
      message: 'Sell of AAL with no open position.',
      legacy: true
    },
    {
      code: 'SELL_WITHOUT_POSITION',
      portfolioId: '6667854d-3cea-49f6-9aac-8a7340c82cb8',
      transactionId: '6d6780cf-80b2-4b0d-a3ef-a5b13da610d6',
      message: 'Sell of WISH with no open position.',
      legacy: true
    },
    {
      code: 'SELL_WITHOUT_POSITION',
      portfolioId: '6667854d-3cea-49f6-9aac-8a7340c82cb8',
      transactionId: 'b3c3668a-1730-4300-bd49-255067fbb9c4',
      message: 'Sell of NNOX with no open position.',
      legacy: true
    },
    {
      code: 'SELL_EXCEEDS_AVAILABLE_SHARES',
      portfolioId: '6667854d-3cea-49f6-9aac-8a7340c82cb8',
      transactionId: '4120dc1a-c777-45f4-b033-802dda8bf9e1',
      message: 'Sell 2.195119 PEP exceeds available 2.',
      legacy: true
    }
  ],
  migrateReport: {
    sequenceReports: {
      '6667854d-3cea-49f6-9aac-8a7340c82cb8': [Object],
      '27085251-e3e2-4829-81ee-14004843637d': [Object],
      '6e1c8d68-72f3-4160-9874-6473edd2f7eb': [Object],
      'd972d6f7-1f89-492b-81cf-aaf5fba709f5': [Object],
      '1c9764f9-9feb-462d-8cbe-a61ade8b293c': [Object],
      'a8524493-d06d-4997-9949-ab2bb8e7258b': [Object],
      'e1d517c3-21d5-45d0-8125-fbbb5dbd23f4': [Object]
    },
    legacyTaggedByPortfolio: {},
    changed: false
  }
}
[FINSEPA_PROVIDER_TRACE] EODHD fetchEodhdFundamentalsJsonUncached {"symbol":"AAPL.US"}
 PUT /api/portfolio/workspace 200 in 417ms (next.js: 1712µs, application-code: 415ms)
 GET /api/watchlist 200 in 146ms (next.js: 1207µs, application-code: 144ms)
 PUT /api/portfolio/workspace 200 in 349ms (next.js: 2ms, application-code: 347ms)
[portfolio/workspace PUT] ledger warnings {
  userId: '52373158-0eff-48de-80ba-f9206ee0e52a',
  warnings: [
    {
      code: 'SELL_WITHOUT_POSITION',
      portfolioId: '6667854d-3cea-49f6-9aac-8a7340c82cb8',
      transactionId: '484eefe6-d749-45bf-9f2d-4a9006a26b62',
      message: 'Sell of AAL with no open position.',
      legacy: true
    },
    {
      code: 'SELL_WITHOUT_POSITION',
      portfolioId: '6667854d-3cea-49f6-9aac-8a7340c82cb8',
      transactionId: '6d6780cf-80b2-4b0d-a3ef-a5b13da610d6',
      message: 'Sell of WISH with no open position.',
      legacy: true
    },
    {
      code: 'SELL_WITHOUT_POSITION',
      portfolioId: '6667854d-3cea-49f6-9aac-8a7340c82cb8',
      transactionId: 'b3c3668a-1730-4300-bd49-255067fbb9c4',
      message: 'Sell of NNOX with no open position.',
      legacy: true
    },
    {
      code: 'SELL_EXCEEDS_AVAILABLE_SHARES',
      portfolioId: '6667854d-3cea-49f6-9aac-8a7340c82cb8',
      transactionId: '4120dc1a-c777-45f4-b033-802dda8bf9e1',
      message: 'Sell 2.195119 PEP exceeds available 2.',
      legacy: true
    }
  ],
  migrateReport: {
    sequenceReports: {
      '6667854d-3cea-49f6-9aac-8a7340c82cb8': [Object],
      '27085251-e3e2-4829-81ee-14004843637d': [Object],
      '6e1c8d68-72f3-4160-9874-6473edd2f7eb': [Object],
      'd972d6f7-1f89-492b-81cf-aaf5fba709f5': [Object],
      '1c9764f9-9feb-462d-8cbe-a61ade8b293c': [Object],
      'a8524493-d06d-4997-9949-ab2bb8e7258b': [Object],
      'e1d517c3-21d5-45d0-8125-fbbb5dbd23f4': [Object]
    },
    legacyTaggedByPortfolio: {},
    changed: false
  }
}
[FINSEPA_PROVIDER_TRACE] EODHD fetchEodhdCryptoDailyBars {"symbol":"BTC-USD.CC"}
[FINSEPA_PROVIDER_TRACE] EODHD fetchEodhdCryptoDailyBars {"symbol":"ETH-USD.CC"}
[FINSEPA_PROVIDER_TRACE] EODHD fetchEodhdCryptoDailyBars {"symbol":"SOL-USD.CC"}
[FINSEPA_PROVIDER_TRACE] EODHD fetchEodhdCryptoDailyBars {"symbol":"BTC-USD.CC"}
[FINSEPA_PROVIDER_TRACE] EODHD fetchEodhdCryptoDailyBars {"symbol":"ETH-USD.CC"}
[FINSEPA_PROVIDER_TRACE] EODHD fetchEodhdCryptoDailyBars {"symbol":"SOL-USD.CC"}
 PUT /api/portfolio/workspace 200 in 317ms (next.js: 1095µs, application-code: 316ms)
[FINSEPA_PROVIDER_TRACE] EODHD fetchEodhdFundamentalsJsonUncached {"symbol":"AAPL.US"}
 GET /__bench_bench-20260908-125010_07_research_tabs_end__ 404 in 23ms (next.js: 2ms, application-code: 21ms)
 GET /__bench_bench-20260908-125010_08_second_stock_start__ 404 in 23ms (next.js: 1778µs, application-code: 21ms)
[FINSEPA_PROVIDER_TRACE] EODHD fetchEodhdEodDaily {"symbol":"AAPL.US","closeMode":"adjusted"}
 POST /api/portfolio/live-quotes 200 in 2.5s (next.js: 1763µs, application-code: 2.5s)
 POST /api/portfolio/live-quotes 200 in 1822ms (next.js: 1946µs, application-code: 1820ms)
[FINSEPA_PROVIDER_TRACE] EODHD fetchEodhdRealtimeSymbolsRaw {"symbolsInRequest":14}
[portfolio/workspace PUT] ledger warnings {
  userId: '52373158-0eff-48de-80ba-f9206ee0e52a',
  warnings: [
    {
      code: 'SELL_WITHOUT_POSITION',
      portfolioId: '6667854d-3cea-49f6-9aac-8a7340c82cb8',
      transactionId: '484eefe6-d749-45bf-9f2d-4a9006a26b62',
      message: 'Sell of AAL with no open position.',
      legacy: true
    },
    {
      code: 'SELL_WITHOUT_POSITION',
      portfolioId: '6667854d-3cea-49f6-9aac-8a7340c82cb8',
      transactionId: '6d6780cf-80b2-4b0d-a3ef-a5b13da610d6',
      message: 'Sell of WISH with no open position.',
      legacy: true
    },
    {
      code: 'SELL_WITHOUT_POSITION',
      portfolioId: '6667854d-3cea-49f6-9aac-8a7340c82cb8',
      transactionId: 'b3c3668a-1730-4300-bd49-255067fbb9c4',
      message: 'Sell of NNOX with no open position.',
      legacy: true
    },
    {
      code: 'SELL_EXCEEDS_AVAILABLE_SHARES',
      portfolioId: '6667854d-3cea-49f6-9aac-8a7340c82cb8',
      transactionId: '4120dc1a-c777-45f4-b033-802dda8bf9e1',
      message: 'Sell 2.195119 PEP exceeds available 2.',
      legacy: true
    }
  ],
  migrateReport: {
    sequenceReports: {
      '6667854d-3cea-49f6-9aac-8a7340c82cb8': [Object],
      '27085251-e3e2-4829-81ee-14004843637d': [Object],
      '6e1c8d68-72f3-4160-9874-6473edd2f7eb': [Object],
      'd972d6f7-1f89-492b-81cf-aaf5fba709f5': [Object],
      '1c9764f9-9feb-462d-8cbe-a61ade8b293c': [Object],
      'a8524493-d06d-4997-9949-ab2bb8e7258b': [Object],
      'e1d517c3-21d5-45d0-8125-fbbb5dbd23f4': [Object]
    },
    legacyTaggedByPortfolio: {},
    changed: false
  }
}
 PUT /api/portfolio/workspace 200 in 318ms (next.js: 1159µs, application-code: 317ms)
 GET /api/stocks/AAPL/earnings?preview=1 200 in 3.3s (next.js: 3ms, application-code: 3.3s)
[FINSEPA_PROVIDER_TRACE] EODHD fetchEodhdCryptoDailyBars {"symbol":"BTC-USD.CC"}
[FINSEPA_PROVIDER_TRACE] EODHD fetchEodhdCryptoDailyBars {"symbol":"ETH-USD.CC"}
[FINSEPA_PROVIDER_TRACE] EODHD fetchEodhdCryptoDailyBars {"symbol":"BTC-USD.CC"}
[FINSEPA_PROVIDER_TRACE] EODHD fetchEodhdCryptoDailyBars {"symbol":"ETH-USD.CC"}
 POST /api/portfolio/live-quotes 200 in 3.2s (next.js: 1118µs, application-code: 3.2s)
 POST /api/portfolio/live-quotes 200 in 2.7s (next.js: 1493µs, application-code: 2.6s)
 PUT /api/portfolios/listings 200 in 151ms (next.js: 1651µs, application-code: 149ms)
 PUT /api/portfolios/listings 200 in 168ms (next.js: 1249µs, application-code: 167ms)
 GET /api/market/us-cache-epoch 200 in 549ms (next.js: 545ms, application-code: 3ms)
[watchlist enrich] load {
  source: 'POST body',
  rawCount: 15,
  filteredCount: 15,
  tickers: [
    'META',       'GOOGL',
    'NFLX',       'RACE',
    'AMZN',       'MAR',
    'SYK',        'IDXX',
    'V',          'SPGI',
    'PYPL',       'SPOT',
    'ADBE',       'CRYPTO:BTC',
    'CRYPTO:ETH'
  ]
}
[FINSEPA_PROVIDER_TRACE] EODHD fetchEodhdScreenerUncached {"offset":0,"limit":100}
[FINSEPA_PROVIDER_TRACE] EODHD fetchEodhdScreenerUncached {"offset":100,"limit":100}
[FINSEPA_PROVIDER_TRACE] EODHD fetchEodhdScreenerUncached {"offset":200,"limit":100}
[FINSEPA_PROVIDER_TRACE] EODHD fetchEodhdScreenerUncached {"offset":300,"limit":100}
[FINSEPA_PROVIDER_TRACE] EODHD fetchEodhdScreenerUncached {"offset":400,"limit":100}
[FINSEPA_PROVIDER_TRACE] EODHD fetchEodhdIntraday {"symbol":"AAPL.US"}
[FINSEPA_PROVIDER_TRACE] EODHD fetchEodhdEodDaily {"symbol":"AAPL.US","closeMode":"adjusted"}
[FINSEPA_PROVIDER_TRACE] EODHD fetchEodhdScreenerUncached {"offset":500,"limit":100}
[FINSEPA_PROVIDER_TRACE] EODHD fetchEodhdScreenerUncached {"offset":600,"limit":100}
[FINSEPA_PROVIDER_TRACE] EODHD fetchEodhdScreenerUncached {"offset":700,"limit":100}
[FINSEPA_PROVIDER_TRACE] EODHD fetchEodhdScreenerUncached {"offset":800,"limit":100}
[FINSEPA_PROVIDER_TRACE] EODHD fetchEodhdScreenerUncached {"offset":900,"limit":100}
[eodhd intraday] raw provider row sample {
  sym: 'AAPL.US',
  interval: '1m',
  rowCount: 391,
  firstRow: {
    timestamp: 1788528600,
    gmtoffset: 0,
    datetime: '2026-09-04 13:30:00',
    open: 328.305,
    high: 328.9,
    low: 327.4626,
    close: 328.01,
    volume: 562057
  }
}
[closed-1d] AAPL {
  session: 'pre',
  sessionYmd: '2026-09-04',
  source: 'eodhd-prior-session',
  interval: '1m',
  firstPointTime: '2026-09-04T13:30:00.000Z',
  lastPointTime: '2026-09-04T20:00:00.000Z',
  pointCount: 391
}
[live-price] AAPL {
  price: 319.8,
  quotedAtSec: 1788552000,
  previousClose: null,
  session: 'pre'
}
 GET /api/stocks/AAPL/live-price 200 in 1025ms (next.js: 3ms, application-code: 1022ms)
[FINSEPA_PROVIDER_TRACE] EODHD fetchEodhdFundamentalsJsonUncached {"symbol":"IDXX.US"}
[FINSEPA_PROVIDER_TRACE] EODHD fetchEodhdFundamentalsJsonUncached {"symbol":"PYPL.US"}
[FINSEPA_PROVIDER_TRACE] EODHD fetchEodhdUsQuoteDelayed {"symbol":"AAPL.US"}
 GET /api/stocks/AAPL/extended-hours?exchange=NASDAQ&country=US&close=319.97 200 in 2.6s (next.js: 8ms, application-code: 2.6s)
[FINSEPA_PROVIDER_TRACE] EODHD fetchEodhdCryptoDailyBars {"symbol":"BTC-USD.CC"}
[FINSEPA_PROVIDER_TRACE] EODHD fetchEodhdCryptoDailyBars {"symbol":"ETH-USD.CC"}
[FINSEPA_PROVIDER_TRACE] EODHD fetchEodhdCryptoDailyBars {"symbol":"BTC-USD.CC"}
[FINSEPA_PROVIDER_TRACE] EODHD fetchEodhdCryptoDailyBars {"symbol":"ETH-USD.CC"}
[FINSEPA_PROVIDER_TRACE] EODHD fetchEodhdCryptoFundamentalsMeta {"symbol":"ETH-USD.CC"}
[FINSEPA_PROVIDER_TRACE] EODHD fetchEodhdCryptoFundamentalsMeta {"symbol":"BTC-USD.CC"}
[FINSEPA_PROVIDER_TRACE] scope=/api/watchlist/enrich count=15 eodhd_http=18 byFn={"fetchEodhdScreenerUncached":10,"fetchEodhdFundamentalsJsonUncached":2,"fetchEodhdCryptoDailyBars":4,"fetchEodhdCryptoFundamentalsMeta":2}
[watchlist enrich] result {
  stocks: 13,
  crypto: 2,
  indices: 0,
  marketCacheSegment: 'frozen-2026-09-04'
}
 POST /api/watchlist/enrich 200 in 4.1s (next.js: 290ms, application-code: 3.8s)
 GET /__bench_bench-20260908-125010_08_second_stock_end__ 404 in 27ms (next.js: 2ms, application-code: 25ms)
 GET /__bench_bench-20260908-125010_09_watchlist_start__ 404 in 26ms (next.js: 4ms, application-code: 22ms)
 GET /portfolio?bench=bench-20260908-125010&step=10-portfolio 200 in 453ms (next.js: 19ms, proxy.ts: 10ms, application-code: 424ms)
[FINSEPA_PROVIDER_TRACE] EODHD fetchEodhdRealtimeSymbolsRaw {"symbolsInRequest":15}
[FINSEPA_PROVIDER_TRACE] EODHD fetchEodhdEodDailyBothCloses {"symbol":"AAL.US"}
[FINSEPA_PROVIDER_TRACE] EODHD fetchEodhdEodDailyBothCloses {"symbol":"AAPL.US"}
[FINSEPA_PROVIDER_TRACE] EODHD fetchEodhdEodDailyBothCloses {"symbol":"ADBE.US"}
[FINSEPA_PROVIDER_TRACE] EODHD fetchEodhdEodDailyBothCloses {"symbol":"AMZN.US"}
[FINSEPA_PROVIDER_TRACE] EODHD fetchEodhdEodDailyBothCloses {"symbol":"DIS.US"}
[FINSEPA_PROVIDER_TRACE] EODHD fetchEodhdEodDailyBothCloses {"symbol":"DPZ.US"}
[FINSEPA_PROVIDER_TRACE] EODHD fetchEodhdEodDailyBothCloses {"symbol":"EL.US"}
[FINSEPA_PROVIDER_TRACE] EODHD fetchEodhdEodDailyBothCloses {"symbol":"GOOGL.US"}
[FINSEPA_PROVIDER_TRACE] EODHD fetchEodhdEodDailyBothCloses {"symbol":"MCO.US"}
[FINSEPA_PROVIDER_TRACE] EODHD fetchEodhdEodDailyBothCloses {"symbol":"META.US"}
[FINSEPA_PROVIDER_TRACE] EODHD fetchEodhdEodDailyBothCloses {"symbol":"MSFT.US"}
[FINSEPA_PROVIDER_TRACE] EODHD fetchEodhdEodDailyBothCloses {"symbol":"NFLX.US"}
[FINSEPA_PROVIDER_TRACE] EODHD fetchEodhdEodDailyBothCloses {"symbol":"NKE.US"}
[FINSEPA_PROVIDER_TRACE] EODHD fetchEodhdEodDailyBothCloses {"symbol":"NNOX.US"}
[FINSEPA_PROVIDER_TRACE] EODHD fetchEodhdEodDailyBothCloses {"symbol":"PEP.US"}
[FINSEPA_PROVIDER_TRACE] EODHD fetchEodhdEodDailyBothCloses {"symbol":"PYPL.US"}
[FINSEPA_PROVIDER_TRACE] EODHD fetchEodhdEodDailyBothCloses {"symbol":"RACE.US"}
[FINSEPA_PROVIDER_TRACE] EODHD fetchEodhdEodDailyBothCloses {"symbol":"SBUX.US"}
[FINSEPA_PROVIDER_TRACE] EODHD fetchEodhdEodDailyBothCloses {"symbol":"V.US"}
[FINSEPA_PROVIDER_TRACE] EODHD fetchEodhdEodDailyBothCloses {"symbol":"VZ.US"}
[FINSEPA_PROVIDER_TRACE] EODHD fetchEodhdEodDailyBothCloses {"symbol":"WBD.US"}
[FINSEPA_PROVIDER_TRACE] EODHD fetchEodhdEodDailyBothCloses {"symbol":"WISH.US"}
[browser] A tree hydrated but some attributes of the server rendered HTML didn't match the client properties. This won't be patched up. This can happen if a SSR-ed Client Component used:

- A server/client branch `if (typeof window !== 'undefined')`.
- Variable input such as `Date.now()` or `Math.random()` which changes each time it's called.
- Date formatting in a user's locale which doesn't match the server.
- External changing data without sending a snapshot of it along with the HTML.
- Invalid HTML tag nesting.

It can also happen if the client has a browser extension installed which messes with the HTML before React loaded.

https://react.dev/link/hydration-mismatch

  ...
    <div id="app-shell-..." suppressHydrationWarning={true} className="mobile-doc...">
      <Suspense>
      <Suspense>
      <div>
      <div suppressHydrationWarning={true} className="shell-desk..." style={{...}}>
        <div suppressHydrationWarning={true} className="shell-desk...">
          <SidebarEdgeCollapseHandle>
          <div>
          <div suppressHydrationWarning={true} className="shell-desk...">
            <main>
            <Suspense fallback={null}>
              <WatchlistRail>
                <div suppressHydrationWarning={true} className="hidden h-f..." style={{width:"300px"}} ...>
                  <div suppressHydrationWarning={true} className="flex h-ful..." style={{width:"300px"}}>
                    <div className="flex shrin...">
                      <WatchlistRailTitleSkeleton>
                      <WatchlistRailFullPageLink>
                        <TopbarDelayedTooltip label="Open full ..." placement="left">
                          <div ref={{current:null}} suppressHydrationWarning={true} className="relative i..." ...>
                            <LinkComponent href="/watchlist" prefetch={false} aria-label="Open full ..." ...>
                              <a
                                aria-label="Open full watchlist"
                                className="flex h-9 w-9 shrink-0 items-center justify-center rounded-[10px] text-fg tr..."
                                ref={function}
                                onClick={function onClick}
                                onMouseEnter={function onMouseEnter}
                                onTouchStart={function onTouchStart}
                                href="/watchlist"
-                               data-cursor-ref="e20"
                              >
                      <WatchlistRailToggle expanded={true} ...>
                        <TopbarDelayedTooltip label="Collapse w..." placement="left">
                          <div ref={{current:null}} suppressHydrationWarning={true} className="relative i..." ...>
                            <button
                              type="button"
                              onClick={function WatchlistRailLayoutProvider.useCallback[toggleCollapsed]}
                              aria-expanded={true}
                              aria-label="Collapse watchlist"
                              className="flex h-9 w-9 shrink-0 items-center justify-center rounded-[10px] text-fg tran..."
-                             data-cursor-ref="e21"
                            >
                    ...
      ...
 
    at console.error (lib/auth/suppress-stale-auth-console-errors.ts:32:5)
  30 |   console.error = (...args: unknown[]) => {
  31 |     if (args.some(looksLikeStaleAuthConsoleArg)) return;
> 32 |     original(...args);
     |     ^
  33 |   };
  34 | }
  35 | (lib/auth/suppress-stale-auth-console-errors.ts:32:5)
 GET /api/notifications?count=1 200 in 88ms (next.js: 4ms, application-code: 84ms)
[FINSEPA_PROVIDER_TRACE] EODHD fetchEodhdEodDailyBothCloses {"symbol":"AAPL.US"}
[FINSEPA_PROVIDER_TRACE] EODHD fetchEodhdEodDailyBothCloses {"symbol":"ADBE.US"}
[FINSEPA_PROVIDER_TRACE] EODHD fetchEodhdEodDailyBothCloses {"symbol":"AMZN.US"}
[FINSEPA_PROVIDER_TRACE] EODHD fetchEodhdEodDailyBothCloses {"symbol":"GLXY.US"}
[FINSEPA_PROVIDER_TRACE] EODHD fetchEodhdEodDailyBothCloses {"symbol":"GOOGL.US"}
[FINSEPA_PROVIDER_TRACE] EODHD fetchEodhdEodDailyBothCloses {"symbol":"HOOD.US"}
[FINSEPA_PROVIDER_TRACE] EODHD fetchEodhdEodDailyBothCloses {"symbol":"IDXX.US"}
[FINSEPA_PROVIDER_TRACE] EODHD fetchEodhdEodDailyBothCloses {"symbol":"MAR.US"}
[FINSEPA_PROVIDER_TRACE] EODHD fetchEodhdEodDailyBothCloses {"symbol":"META.US"}
[FINSEPA_PROVIDER_TRACE] EODHD fetchEodhdEodDailyBothCloses {"symbol":"NFLX.US"}
[FINSEPA_PROVIDER_TRACE] EODHD fetchEodhdEodDailyBothCloses {"symbol":"PYPL.US"}
[FINSEPA_PROVIDER_TRACE] EODHD fetchEodhdEodDailyBothCloses {"symbol":"RACE.US"}
[FINSEPA_PROVIDER_TRACE] EODHD fetchEodhdEodDailyBothCloses {"symbol":"SPGI.US"}
[FINSEPA_PROVIDER_TRACE] EODHD fetchEodhdEodDailyBothCloses {"symbol":"SPOT.US"}
[FINSEPA_PROVIDER_TRACE] EODHD fetchEodhdEodDailyBothCloses {"symbol":"SYK.US"}
[FINSEPA_PROVIDER_TRACE] EODHD fetchEodhdEodDailyBothCloses {"symbol":"V.US"}
 GET /api/account/plan 200 in 144ms (next.js: 5ms, application-code: 139ms)
 GET /api/portfolio/workspace 200 in 177ms (next.js: 4ms, application-code: 173ms)
[FINSEPA_PROVIDER_TRACE] EODHD fetchEodhdEodDailyBothCloses {"symbol":"AAPL.US"}
[FINSEPA_PROVIDER_TRACE] EODHD fetchEodhdEodDailyBothCloses {"symbol":"COST.US"}
[FINSEPA_PROVIDER_TRACE] EODHD fetchEodhdEodDailyBothCloses {"symbol":"KO.US"}
[FINSEPA_PROVIDER_TRACE] EODHD fetchEodhdEodDailyBothCloses {"symbol":"META.US"}
[FINSEPA_PROVIDER_TRACE] EODHD fetchEodhdEodDailyBothCloses {"symbol":"NFLX.US"}
[FINSEPA_PROVIDER_TRACE] EODHD fetchEodhdEodDailyBothCloses {"symbol":"QQQ.US"}
[FINSEPA_PROVIDER_TRACE] EODHD fetchEodhdEodDailyBothCloses {"symbol":"SPGI.US"}
[FINSEPA_PROVIDER_TRACE] EODHD fetchEodhdEodDailyBothCloses {"symbol":"TSLA.US"}
[FINSEPA_PROVIDER_TRACE] EODHD fetchEodhdEodDailyBothCloses {"symbol":"UBER.US"}
[FINSEPA_PROVIDER_TRACE] EODHD fetchEodhdEodDailyBothCloses {"symbol":"V.US"}
 POST /api/portfolio/stock-splits 200 in 927ms (next.js: 995µs, application-code: 926ms)
[FINSEPA_PROVIDER_TRACE] EODHD fetchEodhdEodDailyBothCloses {"symbol":"AAPL.US"}
 POST /api/portfolio/stock-splits 200 in 1237ms (next.js: 2ms, application-code: 1235ms)
 POST /api/portfolio/stock-splits 200 in 303ms (next.js: 1152µs, application-code: 302ms)
 GET /api/market/us-cache-epoch 200 in 3ms (next.js: 892µs, application-code: 2ms)
 POST /api/portfolio/stock-splits 200 in 1182ms (next.js: 1247µs, application-code: 1181ms)
 GET /api/search/recent 200 in 113ms (next.js: 1173µs, application-code: 112ms)
 GET /api/superinvestor-follows 200 in 77ms (next.js: 1299µs, application-code: 76ms)
 GET /api/watchlist 200 in 149ms (next.js: 1106µs, application-code: 148ms)
 GET /api/search/recent 200 in 69ms (next.js: 1310µs, application-code: 68ms)
 GET /api/watchlist 200 in 147ms (next.js: 997µs, application-code: 146ms)
[portfolio/workspace PUT] ledger warnings {
  userId: '52373158-0eff-48de-80ba-f9206ee0e52a',
  warnings: [
    {
      code: 'SELL_WITHOUT_POSITION',
      portfolioId: '6667854d-3cea-49f6-9aac-8a7340c82cb8',
      transactionId: '484eefe6-d749-45bf-9f2d-4a9006a26b62',
      message: 'Sell of AAL with no open position.',
      legacy: true
    },
    {
      code: 'SELL_WITHOUT_POSITION',
      portfolioId: '6667854d-3cea-49f6-9aac-8a7340c82cb8',
      transactionId: '6d6780cf-80b2-4b0d-a3ef-a5b13da610d6',
      message: 'Sell of WISH with no open position.',
      legacy: true
    },
    {
      code: 'SELL_WITHOUT_POSITION',
      portfolioId: '6667854d-3cea-49f6-9aac-8a7340c82cb8',
      transactionId: 'b3c3668a-1730-4300-bd49-255067fbb9c4',
      message: 'Sell of NNOX with no open position.',
      legacy: true
    },
    {
      code: 'SELL_EXCEEDS_AVAILABLE_SHARES',
      portfolioId: '6667854d-3cea-49f6-9aac-8a7340c82cb8',
      transactionId: '4120dc1a-c777-45f4-b033-802dda8bf9e1',
      message: 'Sell 2.195119 PEP exceeds available 2.',
      legacy: true
    }
  ],
  migrateReport: {
    sequenceReports: {
      '6667854d-3cea-49f6-9aac-8a7340c82cb8': [Object],
      '27085251-e3e2-4829-81ee-14004843637d': [Object],
      '6e1c8d68-72f3-4160-9874-6473edd2f7eb': [Object],
      'd972d6f7-1f89-492b-81cf-aaf5fba709f5': [Object],
      '1c9764f9-9feb-462d-8cbe-a61ade8b293c': [Object],
      'a8524493-d06d-4997-9949-ab2bb8e7258b': [Object],
      'e1d517c3-21d5-45d0-8125-fbbb5dbd23f4': [Object]
    },
    legacyTaggedByPortfolio: {},
    changed: false
  }
}
 PUT /api/portfolio/workspace 200 in 338ms (next.js: 1332µs, application-code: 336ms)
[FINSEPA_PROVIDER_TRACE] EODHD fetchEodhdRealtimeSymbolsRaw {"symbolsInRequest":7}
 GET /api/watchlist 200 in 192ms (next.js: 1204µs, application-code: 191ms)
[portfolio/workspace PUT] ledger warnings {
  userId: '52373158-0eff-48de-80ba-f9206ee0e52a',
  warnings: [
    {
      code: 'SELL_WITHOUT_POSITION',
      portfolioId: '6667854d-3cea-49f6-9aac-8a7340c82cb8',
      transactionId: '484eefe6-d749-45bf-9f2d-4a9006a26b62',
      message: 'Sell of AAL with no open position.',
      legacy: true
    },
    {
      code: 'SELL_WITHOUT_POSITION',
      portfolioId: '6667854d-3cea-49f6-9aac-8a7340c82cb8',
      transactionId: '6d6780cf-80b2-4b0d-a3ef-a5b13da610d6',
      message: 'Sell of WISH with no open position.',
      legacy: true
    },
    {
      code: 'SELL_WITHOUT_POSITION',
      portfolioId: '6667854d-3cea-49f6-9aac-8a7340c82cb8',
      transactionId: 'b3c3668a-1730-4300-bd49-255067fbb9c4',
      message: 'Sell of NNOX with no open position.',
      legacy: true
    },
    {
      code: 'SELL_EXCEEDS_AVAILABLE_SHARES',
      portfolioId: '6667854d-3cea-49f6-9aac-8a7340c82cb8',
      transactionId: '4120dc1a-c777-45f4-b033-802dda8bf9e1',
      message: 'Sell 2.195119 PEP exceeds available 2.',
      legacy: true
    }
  ],
  migrateReport: {
    sequenceReports: {
      '6667854d-3cea-49f6-9aac-8a7340c82cb8': [Object],
      '27085251-e3e2-4829-81ee-14004843637d': [Object],
      '6e1c8d68-72f3-4160-9874-6473edd2f7eb': [Object],
      'd972d6f7-1f89-492b-81cf-aaf5fba709f5': [Object],
      '1c9764f9-9feb-462d-8cbe-a61ade8b293c': [Object],
      'a8524493-d06d-4997-9949-ab2bb8e7258b': [Object],
      'e1d517c3-21d5-45d0-8125-fbbb5dbd23f4': [Object]
    },
    legacyTaggedByPortfolio: {},
    changed: false
  }
}
 PUT /api/portfolio/workspace 200 in 292ms (next.js: 1115µs, application-code: 291ms)
 GET /api/watchlist 200 in 118ms (next.js: 1056µs, application-code: 116ms)
[portfolio/workspace PUT] ledger warnings {
  userId: '52373158-0eff-48de-80ba-f9206ee0e52a',
  warnings: [
    {
      code: 'SELL_WITHOUT_POSITION',
      portfolioId: '6667854d-3cea-49f6-9aac-8a7340c82cb8',
      transactionId: '484eefe6-d749-45bf-9f2d-4a9006a26b62',
      message: 'Sell of AAL with no open position.',
      legacy: true
    },
    {
      code: 'SELL_WITHOUT_POSITION',
      portfolioId: '6667854d-3cea-49f6-9aac-8a7340c82cb8',
      transactionId: '6d6780cf-80b2-4b0d-a3ef-a5b13da610d6',
      message: 'Sell of WISH with no open position.',
      legacy: true
    },
    {
      code: 'SELL_WITHOUT_POSITION',
      portfolioId: '6667854d-3cea-49f6-9aac-8a7340c82cb8',
      transactionId: 'b3c3668a-1730-4300-bd49-255067fbb9c4',
      message: 'Sell of NNOX with no open position.',
      legacy: true
    },
    {
      code: 'SELL_EXCEEDS_AVAILABLE_SHARES',
      portfolioId: '6667854d-3cea-49f6-9aac-8a7340c82cb8',
      transactionId: '4120dc1a-c777-45f4-b033-802dda8bf9e1',
      message: 'Sell 2.195119 PEP exceeds available 2.',
      legacy: true
    }
  ],
  migrateReport: {
    sequenceReports: {
      '6667854d-3cea-49f6-9aac-8a7340c82cb8': [Object],
      '27085251-e3e2-4829-81ee-14004843637d': [Object],
      '6e1c8d68-72f3-4160-9874-6473edd2f7eb': [Object],
      'd972d6f7-1f89-492b-81cf-aaf5fba709f5': [Object],
      '1c9764f9-9feb-462d-8cbe-a61ade8b293c': [Object],
      'a8524493-d06d-4997-9949-ab2bb8e7258b': [Object],
      'e1d517c3-21d5-45d0-8125-fbbb5dbd23f4': [Object]
    },
    legacyTaggedByPortfolio: {},
    changed: false
  }
}
 PUT /api/portfolio/workspace 200 in 295ms (next.js: 1051µs, application-code: 294ms)
[FINSEPA_PROVIDER_TRACE] EODHD fetchEodhdCryptoDailyBars {"symbol":"BTC-USD.CC"}
[FINSEPA_PROVIDER_TRACE] EODHD fetchEodhdCryptoDailyBars {"symbol":"ETH-USD.CC"}
[FINSEPA_PROVIDER_TRACE] EODHD fetchEodhdCryptoDailyBars {"symbol":"BTC-USD.CC"}
[FINSEPA_PROVIDER_TRACE] EODHD fetchEodhdCryptoDailyBars {"symbol":"ETH-USD.CC"}
[FINSEPA_PROVIDER_TRACE] EODHD fetchEodhdCryptoDailyBars {"symbol":"SOL-USD.CC"}
[FINSEPA_PROVIDER_TRACE] EODHD fetchEodhdCryptoDailyBars {"symbol":"BTC-USD.CC"}
[FINSEPA_PROVIDER_TRACE] EODHD fetchEodhdCryptoDailyBars {"symbol":"ETH-USD.CC"}
[FINSEPA_PROVIDER_TRACE] EODHD fetchEodhdCryptoDailyBars {"symbol":"SOL-USD.CC"}
[FINSEPA_PROVIDER_TRACE] EODHD fetchEodhdCryptoDailyBars {"symbol":"BTC-USD.CC"}
[FINSEPA_PROVIDER_TRACE] EODHD fetchEodhdCryptoDailyBars {"symbol":"ETH-USD.CC"}
[FINSEPA_PROVIDER_TRACE] EODHD fetchEodhdCryptoDailyBars {"symbol":"SOL-USD.CC"}
[FINSEPA_PROVIDER_TRACE] EODHD fetchEodhdCryptoDailyBars {"symbol":"BTC-USD.CC"}
[FINSEPA_PROVIDER_TRACE] EODHD fetchEodhdCryptoDailyBars {"symbol":"ETH-USD.CC"}
[FINSEPA_PROVIDER_TRACE] EODHD fetchEodhdCryptoDailyBars {"symbol":"BTC-USD.CC"}
[FINSEPA_PROVIDER_TRACE] EODHD fetchEodhdCryptoDailyBars {"symbol":"ETH-USD.CC"}
[FINSEPA_PROVIDER_TRACE] EODHD fetchEodhdCryptoDailyBars {"symbol":"SOL-USD.CC"}
[FINSEPA_PROVIDER_TRACE] EODHD fetchEodhdCryptoDailyBars {"symbol":"BTC-USD.CC"}
[FINSEPA_PROVIDER_TRACE] EODHD fetchEodhdCryptoDailyBars {"symbol":"ETH-USD.CC"}
[FINSEPA_PROVIDER_TRACE] EODHD fetchEodhdCryptoDailyBars {"symbol":"SOL-USD.CC"}
 POST /api/portfolio/live-quotes 200 in 4.8s (next.js: 1088µs, application-code: 4.8s)
 POST /api/portfolio/live-quotes 200 in 5.1s (next.js: 1731µs, application-code: 5.1s)
 POST /api/portfolio/live-quotes 200 in 4.9s (next.js: 1249µs, application-code: 4.9s)
 POST /api/portfolio/live-quotes 200 in 3.5s (next.js: 1012µs, application-code: 3.5s)
 POST /api/portfolio/live-quotes 200 in 3.7s (next.js: 1309µs, application-code: 3.7s)
[FINSEPA_PROVIDER_TRACE] EODHD fetchEodhdEodDaily {"symbol":"SPY.US","closeMode":"adjusted"}
[FINSEPA_PROVIDER_TRACE] EODHD fetchEodhdEodDaily {"symbol":"AAPL.US","closeMode":"adjusted"}
[FINSEPA_PROVIDER_TRACE] EODHD fetchEodhdCryptoDailyBars {"symbol":"BTC-USD.CC"}
[FINSEPA_PROVIDER_TRACE] EODHD fetchEodhdEodDaily {"symbol":"COST.US","closeMode":"adjusted"}
[FINSEPA_PROVIDER_TRACE] EODHD fetchEodhdCryptoDailyBars {"symbol":"ETH-USD.CC"}
[FINSEPA_PROVIDER_TRACE] EODHD fetchEodhdEodDaily {"symbol":"KO.US","closeMode":"adjusted"}
[FINSEPA_PROVIDER_TRACE] EODHD fetchEodhdEodDaily {"symbol":"META.US","closeMode":"adjusted"}
[FINSEPA_PROVIDER_TRACE] EODHD fetchEodhdEodDaily {"symbol":"NFLX.US","closeMode":"adjusted"}
[FINSEPA_PROVIDER_TRACE] EODHD fetchEodhdEodDaily {"symbol":"QQQ.US","closeMode":"adjusted"}
[FINSEPA_PROVIDER_TRACE] EODHD fetchEodhdCryptoDailyBars {"symbol":"SOL-USD.CC"}
[FINSEPA_PROVIDER_TRACE] EODHD fetchEodhdEodDaily {"symbol":"SPGI.US","closeMode":"adjusted"}
[FINSEPA_PROVIDER_TRACE] EODHD fetchEodhdEodDaily {"symbol":"TSLA.US","closeMode":"adjusted"}
[FINSEPA_PROVIDER_TRACE] EODHD fetchEodhdEodDaily {"symbol":"UBER.US","closeMode":"adjusted"}
[FINSEPA_PROVIDER_TRACE] EODHD fetchEodhdEodDaily {"symbol":"V.US","closeMode":"adjusted"}
[FINSEPA_PROVIDER_TRACE] EODHD fetchEodhdEodDaily {"symbol":"NFLX.US","closeMode":"adjusted"}
[FINSEPA_PROVIDER_TRACE] EODHD fetchEodhdEodDaily {"symbol":"KO.US","closeMode":"adjusted"}
[FINSEPA_PROVIDER_TRACE] EODHD fetchEodhdEodDaily {"symbol":"META.US","closeMode":"adjusted"}
[FINSEPA_PROVIDER_TRACE] EODHD fetchEodhdCryptoDailyBars {"symbol":"ETH-USD.CC"}
[FINSEPA_PROVIDER_TRACE] EODHD fetchEodhdEodDaily {"symbol":"SPGI.US","closeMode":"adjusted"}
[FINSEPA_PROVIDER_TRACE] EODHD fetchEodhdCryptoDailyBars {"symbol":"SOL-USD.CC"}
[FINSEPA_PROVIDER_TRACE] EODHD fetchEodhdEodDaily {"symbol":"AAPL.US","closeMode":"adjusted"}
[FINSEPA_PROVIDER_TRACE] EODHD fetchEodhdCryptoDailyBars {"symbol":"BTC-USD.CC"}
[FINSEPA_PROVIDER_TRACE] EODHD fetchEodhdEodDaily {"symbol":"UBER.US","closeMode":"adjusted"}
[FINSEPA_PROVIDER_TRACE] EODHD fetchEodhdEodDaily {"symbol":"QQQ.US","closeMode":"adjusted"}
[FINSEPA_PROVIDER_TRACE] EODHD fetchEodhdEodDaily {"symbol":"COST.US","closeMode":"adjusted"}
[FINSEPA_PROVIDER_TRACE] EODHD fetchEodhdEodDaily {"symbol":"V.US","closeMode":"adjusted"}
[FINSEPA_PROVIDER_TRACE] EODHD fetchEodhdEodDaily {"symbol":"TSLA.US","closeMode":"adjusted"}
[FINSEPA_PROVIDER_TRACE] EODHD fetchEodhdEodDaily {"symbol":"SPY.US","closeMode":"adjusted"}
[FINSEPA_PROVIDER_TRACE] EODHD fetchEodhdRealtimeSymbolsRaw {"symbolsInRequest":14}
[FINSEPA_PROVIDER_TRACE] EODHD fetchEodhdEodDaily {"symbol":"NFLX.US","closeMode":"adjusted"}
[FINSEPA_PROVIDER_TRACE] EODHD fetchEodhdEodDaily {"symbol":"KO.US","closeMode":"adjusted"}
[FINSEPA_PROVIDER_TRACE] EODHD fetchEodhdEodDaily {"symbol":"META.US","closeMode":"adjusted"}
[FINSEPA_PROVIDER_TRACE] EODHD fetchEodhdEodDaily {"symbol":"SPGI.US","closeMode":"adjusted"}
[FINSEPA_PROVIDER_TRACE] EODHD fetchEodhdEodDaily {"symbol":"AAPL.US","closeMode":"adjusted"}
[FINSEPA_PROVIDER_TRACE] EODHD fetchEodhdEodDaily {"symbol":"UBER.US","closeMode":"adjusted"}
[FINSEPA_PROVIDER_TRACE] EODHD fetchEodhdCryptoDailyBars {"symbol":"ETH-USD.CC"}
[FINSEPA_PROVIDER_TRACE] EODHD fetchEodhdEodDaily {"symbol":"QQQ.US","closeMode":"adjusted"}
[FINSEPA_PROVIDER_TRACE] EODHD fetchEodhdEodDaily {"symbol":"COST.US","closeMode":"adjusted"}
[FINSEPA_PROVIDER_TRACE] EODHD fetchEodhdEodDaily {"symbol":"V.US","closeMode":"adjusted"}
[FINSEPA_PROVIDER_TRACE] EODHD fetchEodhdEodDaily {"symbol":"TSLA.US","closeMode":"adjusted"}
[FINSEPA_PROVIDER_TRACE] EODHD fetchEodhdCryptoDailyBars {"symbol":"SOL-USD.CC"}
[FINSEPA_PROVIDER_TRACE] EODHD fetchEodhdCryptoDailyBars {"symbol":"BTC-USD.CC"}
[FINSEPA_PROVIDER_TRACE] EODHD fetchEodhdIntraday {"symbol":"NFLX.US"}
[FINSEPA_PROVIDER_TRACE] EODHD fetchEodhdIntraday {"symbol":"KO.US"}
[FINSEPA_PROVIDER_TRACE] EODHD fetchEodhdIntraday {"symbol":"META.US"}
[FINSEPA_PROVIDER_TRACE] EODHD fetchEodhdIntraday {"symbol":"ETH-USD.CC"}
[FINSEPA_PROVIDER_TRACE] EODHD fetchEodhdIntraday {"symbol":"SPGI.US"}
[FINSEPA_PROVIDER_TRACE] EODHD fetchEodhdIntraday {"symbol":"SOL-USD.CC"}
[FINSEPA_PROVIDER_TRACE] EODHD fetchEodhdIntraday {"symbol":"AAPL.US"}
[FINSEPA_PROVIDER_TRACE] EODHD fetchEodhdIntraday {"symbol":"BTC-USD.CC"}
[FINSEPA_PROVIDER_TRACE] EODHD fetchEodhdIntraday {"symbol":"UBER.US"}
[FINSEPA_PROVIDER_TRACE] EODHD fetchEodhdIntraday {"symbol":"QQQ.US"}
[FINSEPA_PROVIDER_TRACE] EODHD fetchEodhdIntraday {"symbol":"COST.US"}
[FINSEPA_PROVIDER_TRACE] EODHD fetchEodhdIntraday {"symbol":"V.US"}
[FINSEPA_PROVIDER_TRACE] EODHD fetchEodhdIntraday {"symbol":"TSLA.US"}
[FINSEPA_PROVIDER_TRACE] EODHD fetchEodhdFundamentalsJsonUncached {"symbol":"UBER.US"}
 GET /api/stocks/UBER/header-meta 200 in 898ms (next.js: 592ms, application-code: 306ms)
[portfolio/workspace PUT] ledger warnings {
  userId: '52373158-0eff-48de-80ba-f9206ee0e52a',
  warnings: [
    {
      code: 'SELL_WITHOUT_POSITION',
      portfolioId: '6667854d-3cea-49f6-9aac-8a7340c82cb8',
      transactionId: '484eefe6-d749-45bf-9f2d-4a9006a26b62',
      message: 'Sell of AAL with no open position.',
      legacy: true
    },
    {
      code: 'SELL_WITHOUT_POSITION',
      portfolioId: '6667854d-3cea-49f6-9aac-8a7340c82cb8',
      transactionId: '6d6780cf-80b2-4b0d-a3ef-a5b13da610d6',
      message: 'Sell of WISH with no open position.',
      legacy: true
    },
    {
      code: 'SELL_WITHOUT_POSITION',
      portfolioId: '6667854d-3cea-49f6-9aac-8a7340c82cb8',
      transactionId: 'b3c3668a-1730-4300-bd49-255067fbb9c4',
      message: 'Sell of NNOX with no open position.',
      legacy: true
    },
    {
      code: 'SELL_EXCEEDS_AVAILABLE_SHARES',
      portfolioId: '6667854d-3cea-49f6-9aac-8a7340c82cb8',
      transactionId: '4120dc1a-c777-45f4-b033-802dda8bf9e1',
      message: 'Sell 2.195119 PEP exceeds available 2.',
      legacy: true
    }
  ],
  migrateReport: {
    sequenceReports: {
      '6667854d-3cea-49f6-9aac-8a7340c82cb8': [Object],
      '27085251-e3e2-4829-81ee-14004843637d': [Object],
      '6e1c8d68-72f3-4160-9874-6473edd2f7eb': [Object],
      'd972d6f7-1f89-492b-81cf-aaf5fba709f5': [Object],
      '1c9764f9-9feb-462d-8cbe-a61ade8b293c': [Object],
      'a8524493-d06d-4997-9949-ab2bb8e7258b': [Object],
      'e1d517c3-21d5-45d0-8125-fbbb5dbd23f4': [Object]
    },
    legacyTaggedByPortfolio: {},
    changed: false
  }
}
 PUT /api/portfolio/workspace 200 in 264ms (next.js: 1242µs, application-code: 263ms)
 POST /api/portfolio/benchmark-compare 200 in 1438ms (next.js: 2ms, application-code: 1436ms)
 POST /api/portfolio/benchmark-compare 200 in 1571ms (next.js: 88ms, application-code: 1483ms)
 GET /api/stocks/UBER/header-meta 200 in 74ms (next.js: 3ms, application-code: 71ms)
 POST /api/portfolio/overview-market 200 in 1893ms (next.js: 36ms, application-code: 1858ms)
[eodhd intraday] raw provider row sample {
  sym: 'META.US',
  interval: '1h',
  rowCount: 2036,
  firstRow: {
    timestamp: 1756128600,
    gmtoffset: 0,
    datetime: '2025-08-25 13:30:00',
    open: 754.820007,
    high: 758.880004,
    low: 750.130004,
    close: 753.664978,
    volume: 1604098
  }
}
[eodhd intraday] raw provider row sample {
  sym: 'KO.US',
  interval: '1h',
  rowCount: 2035,
  firstRow: {
    timestamp: 1756128600,
    gmtoffset: 0,
    datetime: '2025-08-25 13:30:00',
    open: 70.11,
    high: 70.230003,
    low: 69.595001,
    close: 69.703498,
    volume: 2219819
  }
}
[eodhd intraday] raw provider row sample {
  sym: 'UBER.US',
  interval: '1h',
  rowCount: 2035,
  firstRow: {
    timestamp: 1756128600,
    gmtoffset: 0,
    datetime: '2025-08-25 13:30:00',
    open: 95.660003,
    high: 97.5,
    low: 95.533798,
    close: 96.330001,
    volume: 2762011
  }
}
[eodhd intraday] raw provider row sample {
  sym: 'AAPL.US',
  interval: '1h',
  rowCount: 2035,
  firstRow: {
    timestamp: 1756128600,
    gmtoffset: 0,
    datetime: '2025-08-25 13:30:00',
    open: 226.404998,
    high: 229.119995,
    low: 226.240005,
    close: 228.809997,
    volume: 8000835
  }
}
[eodhd intraday] raw provider row sample {
  sym: 'V.US',
  interval: '1h',
  rowCount: 2035,
  firstRow: {
    timestamp: 1756128600,
    gmtoffset: 0,
    datetime: '2025-08-25 13:30:00',
    open: 349.609985,
    high: 350,
    low: 347.50241,
    close: 348.290008,
    volume: 700178
  }
}
[eodhd intraday] raw provider row sample {
  sym: 'NFLX.US',
  interval: '1h',
  rowCount: 2035,
  firstRow: {
    timestamp: 1756128600,
    gmtoffset: 0,
    datetime: '2025-08-25 13:30:00',
    open: 1201.400024,
    high: 1233.800048,
    low: 1199,
    close: 1229.890014,
    volume: 1106344
  }
}
[eodhd intraday] raw provider row sample {
  sym: 'SPGI.US',
  interval: '1h',
  rowCount: 2035,
  firstRow: {
    timestamp: 1756128600,
    gmtoffset: 0,
    datetime: '2025-08-25 13:30:00',
    open: 556.320007,
    high: 557.059997,
    low: 551.385009,
    close: 551.570007,
    volume: 121548
  }
}
 GET /__bench_bench-20260908-125010_09_watchlist_end__ 404 in 25ms (next.js: 3ms, application-code: 22ms)
[eodhd intraday] raw provider row sample {
  sym: 'COST.US',
  interval: '1h',
  rowCount: 2035,
  firstRow: {
    timestamp: 1756128600,
    gmtoffset: 0,
    datetime: '2025-08-25 13:30:00',
    open: 954.960021,
    high: 958.169982,
    low: 950.34497,
    close: 950.380004,
    volume: 401239
  }
}
[eodhd intraday] raw provider row sample {
  sym: 'QQQ.US',
  interval: '1h',
  rowCount: 2035,
  firstRow: {
    timestamp: 1756128600,
    gmtoffset: 0,
    datetime: '2025-08-25 13:30:00',
    open: 570.400024,
    high: 571.940002,
    low: 569.169982,
    close: 571.47998,
    volume: 10988770
  }
}
 GET /__bench_bench-20260908-125010_10_portfolio_start__ 404 in 22ms (next.js: 1767µs, application-code: 21ms)
[eodhd intraday] raw provider row sample {
  sym: 'TSLA.US',
  interval: '1h',
  rowCount: 2035,
  firstRow: {
    timestamp: 1756128600,
    gmtoffset: 0,
    datetime: '2025-08-25 13:30:00',
    open: 338.890014,
    high: 342.149902,
    low: 335.029998,
    close: 340.820007,
    volume: 22842107
  }
}
[FINSEPA_PROVIDER_TRACE] EODHD fetchEodhdCryptoDailyBars {"symbol":"BTC-USD.CC"}
[FINSEPA_PROVIDER_TRACE] EODHD fetchEodhdCryptoDailyBars {"symbol":"ETH-USD.CC"}
[FINSEPA_PROVIDER_TRACE] EODHD fetchEodhdCryptoDailyBars {"symbol":"BTC-USD.CC"}
[FINSEPA_PROVIDER_TRACE] EODHD fetchEodhdCryptoDailyBars {"symbol":"ETH-USD.CC"}
[eodhd intraday] raw provider row sample {
  sym: 'ETH-USD.CC',
  interval: '1h',
  rowCount: 8991,
  firstRow: {
    timestamp: 1756065600,
    gmtoffset: 0,
    datetime: '2025-08-24 20:00:00',
    open: 4798.733398,
    high: 4810.295898,
    low: 4730.064941,
    close: 4789.807128,
    volume: 4814876672
  }
}
[eodhd intraday] raw provider row sample {
  sym: 'SOL-USD.CC',
  interval: '1h',
  rowCount: 9029,
  firstRow: {
    timestamp: 1756065600,
    gmtoffset: 0,
    datetime: '2025-08-24 20:00:00',
    open: 204.187759,
    high: 204.683517,
    low: 202.689407,
    close: 203.882446,
    volume: 1053734912
  }
}
[eodhd intraday] raw provider row sample {
  sym: 'BTC-USD.CC',
  interval: '1h',
  rowCount: 8997,
  firstRow: {
    timestamp: 1756065600,
    gmtoffset: 0,
    datetime: '2025-08-24 20:00:00',
    open: 112441.101562,
    high: 112974.921875,
    low: 111874.1875,
    close: 112636.960937,
    volume: 6395842560
  }
}
 POST /api/portfolio/value-history 200 in 2.8s (next.js: 50ms, application-code: 2.7s)
 POST /api/portfolio/live-quotes 200 in 1999ms (next.js: 1768µs, application-code: 1998ms)
 POST /api/portfolio/live-quotes 200 in 3.3s (next.js: 23ms, application-code: 3.2s)
 PUT /api/portfolios/listings 200 in 130ms (next.js: 1816µs, application-code: 128ms)
 PUT /api/portfolios/listings 200 in 138ms (next.js: 875µs, application-code: 137ms)
 GET /api/notifications?count=1 200 in 97ms (next.js: 1448µs, application-code: 95ms)
 GET /__bench_bench-20260908-125010_10_portfolio_end__ 404 in 27ms (next.js: 2ms, application-code: 25ms)
 GET /__bench_bench-20260908-125010_11_switch_portfolio_start__ 404 in 24ms (next.js: 1750µs, application-code: 23ms)
[FINSEPA_PROVIDER_TRACE] EODHD fetchEodhdEodDaily {"symbol":"SPY.US","closeMode":"adjusted"}
[FINSEPA_PROVIDER_TRACE] EODHD fetchEodhdEodDaily {"symbol":"AAPL.US","closeMode":"adjusted"}
[FINSEPA_PROVIDER_TRACE] EODHD fetchEodhdEodDaily {"symbol":"ADBE.US","closeMode":"adjusted"}
[FINSEPA_PROVIDER_TRACE] EODHD fetchEodhdEodDaily {"symbol":"AMZN.US","closeMode":"adjusted"}
[FINSEPA_PROVIDER_TRACE] EODHD fetchEodhdEodDaily {"symbol":"EL.US","closeMode":"adjusted"}
[FINSEPA_PROVIDER_TRACE] EODHD fetchEodhdEodDaily {"symbol":"GOOGL.US","closeMode":"adjusted"}
[FINSEPA_PROVIDER_TRACE] EODHD fetchEodhdEodDaily {"symbol":"META.US","closeMode":"adjusted"}
[FINSEPA_PROVIDER_TRACE] EODHD fetchEodhdEodDaily {"symbol":"NKE.US","closeMode":"adjusted"}
[FINSEPA_PROVIDER_TRACE] EODHD fetchEodhdEodDaily {"symbol":"PYPL.US","closeMode":"adjusted"}
[FINSEPA_PROVIDER_TRACE] EODHD fetchEodhdEodDaily {"symbol":"RACE.US","closeMode":"adjusted"}
[FINSEPA_PROVIDER_TRACE] EODHD fetchEodhdEodDaily {"symbol":"V.US","closeMode":"adjusted"}
[FINSEPA_PROVIDER_TRACE] EODHD fetchEodhdEodDaily {"symbol":"AMZN.US","closeMode":"adjusted"}
[FINSEPA_PROVIDER_TRACE] EODHD fetchEodhdEodDaily {"symbol":"EL.US","closeMode":"adjusted"}
[FINSEPA_PROVIDER_TRACE] EODHD fetchEodhdEodDaily {"symbol":"GOOGL.US","closeMode":"adjusted"}
[FINSEPA_PROVIDER_TRACE] EODHD fetchEodhdEodDaily {"symbol":"META.US","closeMode":"adjusted"}
[FINSEPA_PROVIDER_TRACE] EODHD fetchEodhdEodDaily {"symbol":"NFLX.US","closeMode":"adjusted"}
[FINSEPA_PROVIDER_TRACE] EODHD fetchEodhdEodDaily {"symbol":"PYPL.US","closeMode":"adjusted"}
[FINSEPA_PROVIDER_TRACE] EODHD fetchEodhdEodDaily {"symbol":"ADBE.US","closeMode":"adjusted"}
[FINSEPA_PROVIDER_TRACE] EODHD fetchEodhdEodDaily {"symbol":"V.US","closeMode":"adjusted"}
[FINSEPA_PROVIDER_TRACE] EODHD fetchEodhdEodDaily {"symbol":"NKE.US","closeMode":"adjusted"}
[FINSEPA_PROVIDER_TRACE] EODHD fetchEodhdEodDaily {"symbol":"DPZ.US","closeMode":"adjusted"}
[FINSEPA_PROVIDER_TRACE] EODHD fetchEodhdEodDaily {"symbol":"SBUX.US","closeMode":"adjusted"}
[FINSEPA_PROVIDER_TRACE] EODHD fetchEodhdEodDaily {"symbol":"PEP.US","closeMode":"adjusted"}
[FINSEPA_PROVIDER_TRACE] EODHD fetchEodhdEodDaily {"symbol":"VZ.US","closeMode":"adjusted"}
[FINSEPA_PROVIDER_TRACE] EODHD fetchEodhdEodDaily {"symbol":"DIS.US","closeMode":"adjusted"}
[FINSEPA_PROVIDER_TRACE] EODHD fetchEodhdEodDaily {"symbol":"WBD.US","closeMode":"adjusted"}
[FINSEPA_PROVIDER_TRACE] EODHD fetchEodhdEodDaily {"symbol":"MSFT.US","closeMode":"adjusted"}
[FINSEPA_PROVIDER_TRACE] EODHD fetchEodhdEodDaily {"symbol":"MCO.US","closeMode":"adjusted"}
[FINSEPA_PROVIDER_TRACE] EODHD fetchEodhdEodDaily {"symbol":"AAPL.US","closeMode":"adjusted"}
[FINSEPA_PROVIDER_TRACE] EODHD fetchEodhdEodDaily {"symbol":"RACE.US","closeMode":"adjusted"}
[FINSEPA_PROVIDER_TRACE] EODHD fetchEodhdEodDaily {"symbol":"AAL.US","closeMode":"adjusted"}
[FINSEPA_PROVIDER_TRACE] EODHD fetchEodhdEodDaily {"symbol":"WISH.US","closeMode":"adjusted"}
[FINSEPA_PROVIDER_TRACE] EODHD fetchEodhdEodDaily {"symbol":"NNOX.US","closeMode":"adjusted"}
[FINSEPA_PROVIDER_TRACE] EODHD fetchEodhdEodDaily {"symbol":"SPY.US","closeMode":"adjusted"}
[FINSEPA_PROVIDER_TRACE] EODHD fetchEodhdEodDaily {"symbol":"AMZN.US","closeMode":"adjusted"}
[FINSEPA_PROVIDER_TRACE] EODHD fetchEodhdEodDaily {"symbol":"EL.US","closeMode":"adjusted"}
[FINSEPA_PROVIDER_TRACE] EODHD fetchEodhdEodDaily {"symbol":"GOOGL.US","closeMode":"adjusted"}
[FINSEPA_PROVIDER_TRACE] EODHD fetchEodhdEodDaily {"symbol":"PYPL.US","closeMode":"adjusted"}
[FINSEPA_PROVIDER_TRACE] EODHD fetchEodhdEodDaily {"symbol":"ADBE.US","closeMode":"adjusted"}
[FINSEPA_PROVIDER_TRACE] EODHD fetchEodhdEodDaily {"symbol":"NKE.US","closeMode":"adjusted"}
[FINSEPA_PROVIDER_TRACE] EODHD fetchEodhdEodDaily {"symbol":"DPZ.US","closeMode":"adjusted"}
[FINSEPA_PROVIDER_TRACE] EODHD fetchEodhdEodDaily {"symbol":"SBUX.US","closeMode":"adjusted"}
[FINSEPA_PROVIDER_TRACE] EODHD fetchEodhdEodDaily {"symbol":"PEP.US","closeMode":"adjusted"}
[FINSEPA_PROVIDER_TRACE] EODHD fetchEodhdEodDaily {"symbol":"VZ.US","closeMode":"adjusted"}
[FINSEPA_PROVIDER_TRACE] EODHD fetchEodhdEodDaily {"symbol":"DIS.US","closeMode":"adjusted"}
[FINSEPA_PROVIDER_TRACE] EODHD fetchEodhdEodDaily {"symbol":"WBD.US","closeMode":"adjusted"}
[FINSEPA_PROVIDER_TRACE] EODHD fetchEodhdEodDaily {"symbol":"MSFT.US","closeMode":"adjusted"}
[FINSEPA_PROVIDER_TRACE] EODHD fetchEodhdEodDaily {"symbol":"MCO.US","closeMode":"adjusted"}
[FINSEPA_PROVIDER_TRACE] EODHD fetchEodhdEodDaily {"symbol":"RACE.US","closeMode":"adjusted"}
[FINSEPA_PROVIDER_TRACE] EODHD fetchEodhdEodDaily {"symbol":"AAL.US","closeMode":"adjusted"}
[FINSEPA_PROVIDER_TRACE] EODHD fetchEodhdEodDaily {"symbol":"WISH.US","closeMode":"adjusted"}
[FINSEPA_PROVIDER_TRACE] EODHD fetchEodhdEodDaily {"symbol":"NNOX.US","closeMode":"adjusted"}
[FINSEPA_PROVIDER_TRACE] EODHD fetchEodhdFundamentalsJsonUncached {"symbol":"PYPL.US"}
[FINSEPA_PROVIDER_TRACE] EODHD fetchEodhdFundamentalsJsonUncached {"symbol":"ADBE.US"}
[FINSEPA_PROVIDER_TRACE] EODHD fetchEodhdFundamentalsJsonUncached {"symbol":"EL.US"}
[FINSEPA_PROVIDER_TRACE] EODHD fetchEodhdIntraday {"symbol":"AMZN.US"}
[FINSEPA_PROVIDER_TRACE] EODHD fetchEodhdIntraday {"symbol":"EL.US"}
[FINSEPA_PROVIDER_TRACE] EODHD fetchEodhdIntraday {"symbol":"GOOGL.US"}
[FINSEPA_PROVIDER_TRACE] EODHD fetchEodhdIntraday {"symbol":"META.US"}
[FINSEPA_PROVIDER_TRACE] EODHD fetchEodhdIntraday {"symbol":"NFLX.US"}
[FINSEPA_PROVIDER_TRACE] EODHD fetchEodhdIntraday {"symbol":"PYPL.US"}
[FINSEPA_PROVIDER_TRACE] EODHD fetchEodhdIntraday {"symbol":"ADBE.US"}
[FINSEPA_PROVIDER_TRACE] EODHD fetchEodhdIntraday {"symbol":"V.US"}
[FINSEPA_PROVIDER_TRACE] EODHD fetchEodhdIntraday {"symbol":"NKE.US"}
[FINSEPA_PROVIDER_TRACE] EODHD fetchEodhdIntraday {"symbol":"DPZ.US"}
[FINSEPA_PROVIDER_TRACE] EODHD fetchEodhdIntraday {"symbol":"SBUX.US"}
[FINSEPA_PROVIDER_TRACE] EODHD fetchEodhdIntraday {"symbol":"PEP.US"}
[FINSEPA_PROVIDER_TRACE] EODHD fetchEodhdIntraday {"symbol":"VZ.US"}
[FINSEPA_PROVIDER_TRACE] EODHD fetchEodhdIntraday {"symbol":"DIS.US"}
[FINSEPA_PROVIDER_TRACE] EODHD fetchEodhdIntraday {"symbol":"WBD.US"}
[FINSEPA_PROVIDER_TRACE] EODHD fetchEodhdIntraday {"symbol":"MSFT.US"}
[FINSEPA_PROVIDER_TRACE] EODHD fetchEodhdIntraday {"symbol":"MCO.US"}
[FINSEPA_PROVIDER_TRACE] EODHD fetchEodhdIntraday {"symbol":"AAPL.US"}
[FINSEPA_PROVIDER_TRACE] EODHD fetchEodhdIntraday {"symbol":"RACE.US"}
[FINSEPA_PROVIDER_TRACE] EODHD fetchEodhdIntraday {"symbol":"AAL.US"}
[FINSEPA_PROVIDER_TRACE] EODHD fetchEodhdIntraday {"symbol":"WISH.US"}
[FINSEPA_PROVIDER_TRACE] EODHD fetchEodhdIntraday {"symbol":"NNOX.US"}
[FINSEPA_PROVIDER_TRACE] EODHD fetchEodhdEodDaily {"symbol":"WISH.US","closeMode":"adjusted"}
 GET /api/stocks/PYPL/header-meta 200 in 1439ms (next.js: 6ms, application-code: 1432ms)
[FINSEPA_PROVIDER_TRACE] EODHD fetchEodhdFundamentalsJsonUncached {"symbol":"NKE.US"}
 GET /api/stocks/EL/header-meta 200 in 1481ms (next.js: 10ms, application-code: 1472ms)
[FINSEPA_PROVIDER_TRACE] EODHD fetchEodhdFundamentalsJsonUncached {"symbol":"RACE.US"}
 POST /api/portfolio/benchmark-compare 200 in 1619ms (next.js: 5ms, application-code: 1615ms)
[FINSEPA_PROVIDER_TRACE] EODHD fetchEodhdFundamentalsJsonUncached {"symbol":"V.US"}
[eodhd intraday] raw provider row sample {
  sym: 'V.US',
  interval: '1h',
  rowCount: 2035,
  firstRow: {
    timestamp: 1756128600,
    gmtoffset: 0,
    datetime: '2025-08-25 13:30:00',
    open: 349.609985,
    high: 350,
    low: 347.50241,
    close: 348.290008,
    volume: 700178
  }
}
[eodhd intraday] raw provider row sample {
  sym: 'NFLX.US',
  interval: '1h',
  rowCount: 2035,
  firstRow: {
    timestamp: 1756128600,
    gmtoffset: 0,
    datetime: '2025-08-25 13:30:00',
    open: 1201.400024,
    high: 1233.800048,
    low: 1199,
    close: 1229.890014,
    volume: 1106344
  }
}
[eodhd intraday] raw provider row sample {
  sym: 'EL.US',
  interval: '1h',
  rowCount: 2035,
  firstRow: {
    timestamp: 1756128600,
    gmtoffset: 0,
    datetime: '2025-08-25 13:30:00',
    open: 90.529998,
    high: 91.099998,
    low: 88.400001,
    close: 88.460601,
    volume: 690037
  }
}
[eodhd intraday] raw provider row sample {
  sym: 'META.US',
  interval: '1h',
  rowCount: 2036,
  firstRow: {
    timestamp: 1756128600,
    gmtoffset: 0,
    datetime: '2025-08-25 13:30:00',
    open: 754.820007,
    high: 758.880004,
    low: 750.130004,
    close: 753.664978,
    volume: 1604098
  }
}
[eodhd intraday] raw provider row sample {
  sym: 'GOOGL.US',
  interval: '1h',
  rowCount: 2036,
  firstRow: {
    timestamp: 1756128600,
    gmtoffset: 0,
    datetime: '2025-08-25 13:30:00',
    open: 206.429992,
    high: 208.61,
    low: 205.283004,
    close: 208.440002,
    volume: 7333767
  }
}
[eodhd intraday] raw provider row sample {
  sym: 'NKE.US',
  interval: '1h',
  rowCount: 2034,
  firstRow: {
    timestamp: 1756128600,
    gmtoffset: 0,
    datetime: '2025-08-25 13:30:00',
    open: 78.470001,
    high: 79.769996,
    low: 78.389999,
    close: 79.415,
    volume: 2865069
  }
}
[eodhd intraday] raw provider row sample {
  sym: 'SBUX.US',
  interval: '1h',
  rowCount: 2035,
  firstRow: {
    timestamp: 1756128600,
    gmtoffset: 0,
    datetime: '2025-08-25 13:30:00',
    open: 88.230003,
    high: 88.316299,
    low: 86.410003,
    close: 87.150001,
    volume: 2776950
  }
}
[eodhd intraday] raw provider row sample {
  sym: 'PEP.US',
  interval: '1h',
  rowCount: 2035,
  firstRow: {
    timestamp: 1756128600,
    gmtoffset: 0,
    datetime: '2025-08-25 13:30:00',
    open: 148.289993,
    high: 148.800003,
    low: 147.580001,
    close: 148.134994,
    volume: 1052751
  }
}
[eodhd intraday] empty { sym: 'WISH.US', interval: '1h' }
[eodhd intraday] raw provider row sample {
  sym: 'MSFT.US',
  interval: '1h',
  rowCount: 2036,
  firstRow: {
    timestamp: 1756128600,
    gmtoffset: 0,
    datetime: '2025-08-25 13:30:00',
    open: 506.630004,
    high: 508.179901,
    low: 504.589996,
    close: 507.209991,
    volume: 4359778
  }
}
 GET /api/stocks/ADBE/header-meta 200 in 1898ms (next.js: 10ms, application-code: 1887ms)
[eodhd intraday] raw provider row sample {
  sym: 'WBD.US',
  interval: '1h',
  rowCount: 2035,
  firstRow: {
    timestamp: 1756128600,
    gmtoffset: 0,
    datetime: '2025-08-25 13:30:00',
    open: 12,
    high: 12.020999,
    low: 11.88,
    close: 11.946399,
    volume: 4343119
  }
}
[eodhd intraday] raw provider row sample {
  sym: 'DPZ.US',
  interval: '1h',
  rowCount: 2035,
  firstRow: {
    timestamp: 1756128600,
    gmtoffset: 0,
    datetime: '2025-08-25 13:30:00',
    open: 450.600006,
    high: 459.850006,
    low: 450.600006,
    close: 459.48001,
    volume: 157927
  }
}
[eodhd intraday] raw provider row sample {
  sym: 'DIS.US',
  interval: '1h',
  rowCount: 2034,
  firstRow: {
    timestamp: 1756128600,
    gmtoffset: 0,
    datetime: '2025-08-25 13:30:00',
    open: 118.629997,
    high: 118.730003,
    low: 117.970001,
    close: 118.614997,
    volume: 1144051
  }
}
[eodhd intraday] raw provider row sample {
  sym: 'AMZN.US',
  interval: '1h',
  rowCount: 2035,
  firstRow: {
    timestamp: 1756128600,
    gmtoffset: 0,
    datetime: '2025-08-25 13:30:00',
    open: 227.350006,
    high: 229.130004,
    low: 227.350006,
    close: 228.520004,
    volume: 5380805
  }
}
[eodhd intraday] raw provider row sample {
  sym: 'VZ.US',
  interval: '1h',
  rowCount: 2035,
  firstRow: {
    timestamp: 1756128600,
    gmtoffset: 0,
    datetime: '2025-08-25 13:30:00',
    open: 44.439998,
    high: 44.479999,
    low: 43.990001,
    close: 44.014999,
    volume: 4031058
  }
}
[eodhd intraday] raw provider row sample {
  sym: 'ADBE.US',
  interval: '1h',
  rowCount: 2035,
  firstRow: {
    timestamp: 1756128600,
    gmtoffset: 0,
    datetime: '2025-08-25 13:30:00',
    open: 362.459991,
    high: 364.649993,
    low: 361.399993,
    close: 363.170013,
    volume: 523192
  }
}
[portfolio/workspace PUT] ledger warnings {
  userId: '52373158-0eff-48de-80ba-f9206ee0e52a',
  warnings: [
    {
      code: 'SELL_WITHOUT_POSITION',
      portfolioId: '6667854d-3cea-49f6-9aac-8a7340c82cb8',
      transactionId: '484eefe6-d749-45bf-9f2d-4a9006a26b62',
      message: 'Sell of AAL with no open position.',
      legacy: true
    },
    {
      code: 'SELL_WITHOUT_POSITION',
      portfolioId: '6667854d-3cea-49f6-9aac-8a7340c82cb8',
      transactionId: '6d6780cf-80b2-4b0d-a3ef-a5b13da610d6',
      message: 'Sell of WISH with no open position.',
      legacy: true
    },
    {
      code: 'SELL_WITHOUT_POSITION',
      portfolioId: '6667854d-3cea-49f6-9aac-8a7340c82cb8',
      transactionId: 'b3c3668a-1730-4300-bd49-255067fbb9c4',
      message: 'Sell of NNOX with no open position.',
      legacy: true
    },
    {
      code: 'SELL_EXCEEDS_AVAILABLE_SHARES',
      portfolioId: '6667854d-3cea-49f6-9aac-8a7340c82cb8',
      transactionId: '4120dc1a-c777-45f4-b033-802dda8bf9e1',
      message: 'Sell 2.195119 PEP exceeds available 2.',
      legacy: true
    }
  ],
  migrateReport: {
    sequenceReports: {
      '6667854d-3cea-49f6-9aac-8a7340c82cb8': [Object],
      '27085251-e3e2-4829-81ee-14004843637d': [Object],
      '6e1c8d68-72f3-4160-9874-6473edd2f7eb': [Object],
      'd972d6f7-1f89-492b-81cf-aaf5fba709f5': [Object],
      '1c9764f9-9feb-462d-8cbe-a61ade8b293c': [Object],
      'a8524493-d06d-4997-9949-ab2bb8e7258b': [Object],
      'e1d517c3-21d5-45d0-8125-fbbb5dbd23f4': [Object]
    },
    legacyTaggedByPortfolio: {},
    changed: false
  }
}
[eodhd intraday] raw provider row sample {
  sym: 'PYPL.US',
  interval: '1h',
  rowCount: 2035,
  firstRow: {
    timestamp: 1756128600,
    gmtoffset: 0,
    datetime: '2025-08-25 13:30:00',
    open: 69.669998,
    high: 69.669998,
    low: 69.04,
    close: 69.339996,
    volume: 1674830
  }
}
 GET /api/stocks/NKE/header-meta 200 in 691ms (next.js: 4ms, application-code: 687ms)
[eodhd intraday] raw provider row sample {
  sym: 'AAPL.US',
  interval: '1h',
  rowCount: 2035,
  firstRow: {
    timestamp: 1756128600,
    gmtoffset: 0,
    datetime: '2025-08-25 13:30:00',
    open: 226.404998,
    high: 229.119995,
    low: 226.240005,
    close: 228.809997,
    volume: 8000835
  }
}
[eodhd intraday] raw provider row sample {
  sym: 'RACE.US',
  interval: '1h',
  rowCount: 2034,
  firstRow: {
    timestamp: 1756128600,
    gmtoffset: 0,
    datetime: '2025-08-25 13:30:00',
    open: 471.220001,
    high: 473.065002,
    low: 470.799987,
    close: 471.809997,
    volume: 38980
  }
}
[eodhd intraday] raw provider row sample {
  sym: 'MCO.US',
  interval: '1h',
  rowCount: 2035,
  firstRow: {
    timestamp: 1756128600,
    gmtoffset: 0,
    datetime: '2025-08-25 13:30:00',
    open: 516.109985,
    high: 517.369995,
    low: 511.950012,
    close: 512.570007,
    volume: 43452
  }
}
 PUT /api/portfolio/workspace 200 in 300ms (next.js: 1317µs, application-code: 299ms)
[eodhd intraday] raw provider row sample {
  sym: 'AAL.US',
  interval: '1h',
  rowCount: 2035,
  firstRow: {
    timestamp: 1756128600,
    gmtoffset: 0,
    datetime: '2025-08-25 13:30:00',
    open: 13.265,
    high: 13.319899,
    low: 13.13,
    close: 13.1801,
    volume: 12501145
  }
}
[eodhd intraday] raw provider row sample {
  sym: 'NNOX.US',
  interval: '1h',
  rowCount: 2035,
  firstRow: {
    timestamp: 1756128600,
    gmtoffset: 0,
    datetime: '2025-08-25 13:30:00',
    open: 4.039999,
    high: 4.059999,
    low: 3.974999,
    close: 4.019999,
    volume: 212750
  }
}
 POST /api/portfolio/value-history 200 in 2.8s (next.js: 2ms, application-code: 2.8s)
 GET /api/media/logo?kind=stock&t=NKE&theme=dark 200 in 572ms (next.js: 1124µs, application-code: 571ms)
 GET /api/media/logo?kind=stock&t=EL&theme=dark 200 in 642ms (next.js: 31ms, application-code: 611ms)
 POST /api/portfolio/overview-market 200 in 2.9s (next.js: 2ms, application-code: 2.9s)
 GET /api/stocks/RACE/header-meta 200 in 1555ms (next.js: 1100µs, application-code: 1554ms)
 GET /api/stocks/V/header-meta 200 in 1781ms (next.js: 1052µs, application-code: 1780ms)
[FINSEPA_PROVIDER_TRACE] EODHD fetchEodhdRealtimeSymbolsRaw {"symbolsInRequest":10}
 GET /api/notifications?count=1 200 in 92ms (next.js: 3ms, application-code: 90ms)
[FINSEPA_PROVIDER_TRACE] EODHD fetchEodhdEodDailyBothCloses {"symbol":"AAL.US"}
[FINSEPA_PROVIDER_TRACE] EODHD fetchEodhdEodDailyBothCloses {"symbol":"AAPL.US"}
[FINSEPA_PROVIDER_TRACE] EODHD fetchEodhdEodDailyBothCloses {"symbol":"ADBE.US"}
[FINSEPA_PROVIDER_TRACE] EODHD fetchEodhdEodDailyBothCloses {"symbol":"AMZN.US"}
[FINSEPA_PROVIDER_TRACE] EODHD fetchEodhdEodDailyBothCloses {"symbol":"DIS.US"}
[FINSEPA_PROVIDER_TRACE] EODHD fetchEodhdEodDailyBothCloses {"symbol":"DPZ.US"}
[FINSEPA_PROVIDER_TRACE] EODHD fetchEodhdEodDailyBothCloses {"symbol":"EL.US"}
[FINSEPA_PROVIDER_TRACE] EODHD fetchEodhdEodDailyBothCloses {"symbol":"GOOGL.US"}
[FINSEPA_PROVIDER_TRACE] EODHD fetchEodhdEodDailyBothCloses {"symbol":"MCO.US"}
[FINSEPA_PROVIDER_TRACE] EODHD fetchEodhdEodDailyBothCloses {"symbol":"META.US"}
[FINSEPA_PROVIDER_TRACE] EODHD fetchEodhdEodDailyBothCloses {"symbol":"MSFT.US"}
[FINSEPA_PROVIDER_TRACE] EODHD fetchEodhdEodDailyBothCloses {"symbol":"NFLX.US"}
[FINSEPA_PROVIDER_TRACE] EODHD fetchEodhdEodDailyBothCloses {"symbol":"NKE.US"}
[FINSEPA_PROVIDER_TRACE] EODHD fetchEodhdEodDailyBothCloses {"symbol":"NNOX.US"}
[FINSEPA_PROVIDER_TRACE] EODHD fetchEodhdEodDailyBothCloses {"symbol":"PEP.US"}
[FINSEPA_PROVIDER_TRACE] EODHD fetchEodhdEodDailyBothCloses {"symbol":"PYPL.US"}
[FINSEPA_PROVIDER_TRACE] EODHD fetchEodhdEodDailyBothCloses {"symbol":"RACE.US"}
[FINSEPA_PROVIDER_TRACE] EODHD fetchEodhdEodDailyBothCloses {"symbol":"SBUX.US"}
[FINSEPA_PROVIDER_TRACE] EODHD fetchEodhdEodDailyBothCloses {"symbol":"V.US"}
[FINSEPA_PROVIDER_TRACE] EODHD fetchEodhdEodDailyBothCloses {"symbol":"VZ.US"}
[FINSEPA_PROVIDER_TRACE] EODHD fetchEodhdEodDailyBothCloses {"symbol":"WBD.US"}
[FINSEPA_PROVIDER_TRACE] EODHD fetchEodhdEodDailyBothCloses {"symbol":"WISH.US"}
 GET /api/portfolio/workspace 200 in 134ms (next.js: 4ms, application-code: 131ms)
 GET /stock/GOOGL?tab=holdings 200 in 404ms (next.js: 6ms, proxy.ts: 9ms, application-code: 389ms)
[FINSEPA_PROVIDER_TRACE] EODHD fetchEodhdEodDailyBothCloses {"symbol":"AAPL.US"}
[FINSEPA_PROVIDER_TRACE] EODHD fetchEodhdEodDailyBothCloses {"symbol":"ADBE.US"}
[FINSEPA_PROVIDER_TRACE] EODHD fetchEodhdEodDailyBothCloses {"symbol":"AMZN.US"}
[FINSEPA_PROVIDER_TRACE] EODHD fetchEodhdEodDailyBothCloses {"symbol":"GLXY.US"}
[FINSEPA_PROVIDER_TRACE] EODHD fetchEodhdEodDailyBothCloses {"symbol":"GOOGL.US"}
[FINSEPA_PROVIDER_TRACE] EODHD fetchEodhdEodDailyBothCloses {"symbol":"HOOD.US"}
[FINSEPA_PROVIDER_TRACE] EODHD fetchEodhdEodDailyBothCloses {"symbol":"IDXX.US"}
[FINSEPA_PROVIDER_TRACE] EODHD fetchEodhdEodDailyBothCloses {"symbol":"MAR.US"}
[FINSEPA_PROVIDER_TRACE] EODHD fetchEodhdEodDailyBothCloses {"symbol":"META.US"}
[FINSEPA_PROVIDER_TRACE] EODHD fetchEodhdEodDailyBothCloses {"symbol":"NFLX.US"}
[FINSEPA_PROVIDER_TRACE] EODHD fetchEodhdEodDailyBothCloses {"symbol":"PYPL.US"}
[FINSEPA_PROVIDER_TRACE] EODHD fetchEodhdEodDailyBothCloses {"symbol":"RACE.US"}
[FINSEPA_PROVIDER_TRACE] EODHD fetchEodhdEodDailyBothCloses {"symbol":"SPGI.US"}
[FINSEPA_PROVIDER_TRACE] EODHD fetchEodhdEodDailyBothCloses {"symbol":"SPOT.US"}
[FINSEPA_PROVIDER_TRACE] EODHD fetchEodhdEodDailyBothCloses {"symbol":"SYK.US"}
[FINSEPA_PROVIDER_TRACE] EODHD fetchEodhdEodDailyBothCloses {"symbol":"V.US"}
 GET /api/account/plan 200 in 163ms (next.js: 5ms, application-code: 158ms)
 GET /api/account/plan 200 in 140ms (next.js: 2ms, application-code: 137ms)
[FINSEPA_PROVIDER_TRACE] EODHD fetchEodhdRealtimeSymbolsRaw {"symbolsInRequest":7}
[FINSEPA_PROVIDER_TRACE] EODHD fetchEodhdEodDailyBothCloses {"symbol":"AAPL.US"}
[FINSEPA_PROVIDER_TRACE] EODHD fetchEodhdEodDailyBothCloses {"symbol":"COST.US"}
[FINSEPA_PROVIDER_TRACE] EODHD fetchEodhdEodDailyBothCloses {"symbol":"KO.US"}
[FINSEPA_PROVIDER_TRACE] EODHD fetchEodhdEodDailyBothCloses {"symbol":"META.US"}
[FINSEPA_PROVIDER_TRACE] EODHD fetchEodhdEodDailyBothCloses {"symbol":"NFLX.US"}
[FINSEPA_PROVIDER_TRACE] EODHD fetchEodhdEodDailyBothCloses {"symbol":"QQQ.US"}
[FINSEPA_PROVIDER_TRACE] EODHD fetchEodhdEodDailyBothCloses {"symbol":"SPGI.US"}
[FINSEPA_PROVIDER_TRACE] EODHD fetchEodhdEodDailyBothCloses {"symbol":"TSLA.US"}
[FINSEPA_PROVIDER_TRACE] EODHD fetchEodhdEodDailyBothCloses {"symbol":"UBER.US"}
[FINSEPA_PROVIDER_TRACE] EODHD fetchEodhdEodDailyBothCloses {"symbol":"V.US"}
[FINSEPA_PROVIDER_TRACE] EODHD fetchEodhdEodDailyBothCloses {"symbol":"AAPL.US"}
 POST /api/portfolio/stock-splits 200 in 900ms (next.js: 1177µs, application-code: 899ms)
 POST /api/portfolio/stock-splits 200 in 940ms (next.js: 3ms, application-code: 938ms)
 GET /api/search/recent 200 in 62ms (next.js: 1307µs, application-code: 61ms)
 GET /api/search/recent 200 in 151ms (next.js: 1706µs, application-code: 149ms)
 GET /api/market/us-cache-epoch 200 in 5ms (next.js: 1416µs, application-code: 3ms)
 GET /api/superinvestor-follows 200 in 66ms (next.js: 1517µs, application-code: 65ms)
 GET /api/notifications?count=1 200 in 61ms (next.js: 963µs, application-code: 60ms)
 POST /api/portfolio/stock-splits 200 in 1201ms (next.js: 1458µs, application-code: 1200ms)
[FINSEPA_PROVIDER_TRACE] EODHD fetchEodhdIntraday {"symbol":"GOOGL.US"}
 GET /api/watchlist 200 in 171ms (next.js: 1465µs, application-code: 169ms)
 POST /api/portfolio/stock-splits 200 in 1257ms (next.js: 1477µs, application-code: 1256ms)
[FINSEPA_PROVIDER_TRACE] EODHD fetchEodhdIntraday {"symbol":"GOOGL.US"}
[FINSEPA_PROVIDER_TRACE] EODHD fetchEodhdEodDaily {"symbol":"GOOGL.US","closeMode":"adjusted"}
 GET /api/portfolio/workspace 200 in 203ms (next.js: 961µs, application-code: 202ms)
[FINSEPA_PROVIDER_TRACE] EODHD fetchEodhdIntraday {"symbol":"GOOGL.US"}
 POST /api/portfolio/live-quotes 200 in 1532ms (next.js: 3ms, application-code: 1529ms)
[FINSEPA_PROVIDER_TRACE] EODHD fetchEodhdIntraday {"symbol":"GOOGL.US"}
[eodhd intraday] raw provider row sample {
  sym: 'GOOGL.US',
  interval: '1m',
  rowCount: 391,
  firstRow: {
    timestamp: 1788528600,
    gmtoffset: 0,
    datetime: '2026-09-04 13:30:00',
    open: 342.465,
    high: 343.22,
    low: 341.9,
    close: 343.11,
    volume: 349129
  }
}
 GET /api/stocks/GOOGL/chart?range=1D&series=price 200 in 439ms (next.js: 3ms, application-code: 436ms)
[eodhd intraday] raw provider row sample {
  sym: 'GOOGL.US',
  interval: '1m',
  rowCount: 391,
  firstRow: {
    timestamp: 1788528600,
    gmtoffset: 0,
    datetime: '2026-09-04 13:30:00',
    open: 342.465,
    high: 343.22,
    low: 341.9,
    close: 343.11,
    volume: 349129
  }
}
[live-price] GOOGL {
  price: 338.4926,
  quotedAtSec: 1788552000,
  previousClose: null,
  session: 'pre'
}
[eodhd intraday] raw provider row sample {
  sym: 'GOOGL.US',
  interval: '1m',
  rowCount: 391,
  firstRow: {
    timestamp: 1788528600,
    gmtoffset: 0,
    datetime: '2026-09-04 13:30:00',
    open: 342.465,
    high: 343.22,
    low: 341.9,
    close: 343.11,
    volume: 349129
  }
}
[eodhd intraday] raw provider row sample {
  sym: 'GOOGL.US',
  interval: '1m',
  rowCount: 391,
  firstRow: {
    timestamp: 1788528600,
    gmtoffset: 0,
    datetime: '2026-09-04 13:30:00',
    open: 342.465,
    high: 343.22,
    low: 341.9,
    close: 343.11,
    volume: 349129
  }
}
[live-price] GOOGL {
  price: 338.4926,
  quotedAtSec: 1788552000,
  previousClose: null,
  session: 'pre'
}
 GET /api/stocks/GOOGL/live-price 200 in 706ms (next.js: 6ms, application-code: 700ms)
[FINSEPA_PROVIDER_TRACE] EODHD fetchEodhdCryptoDailyBars {"symbol":"BTC-USD.CC"}
[FINSEPA_PROVIDER_TRACE] EODHD fetchEodhdCryptoDailyBars {"symbol":"ETH-USD.CC"}
[FINSEPA_PROVIDER_TRACE] EODHD fetchEodhdCryptoDailyBars {"symbol":"SOL-USD.CC"}
 GET /api/stocks/GOOGL/chart?range=1D&series=price 200 in 660ms (next.js: 4ms, application-code: 655ms)
 GET /api/stocks/GOOGL/live-price 200 in 614ms (next.js: 1209µs, application-code: 613ms)
[FINSEPA_PROVIDER_TRACE] EODHD fetchEodhdFundamentalsJsonUncached {"symbol":"GOOGL.US"}
[FINSEPA_PROVIDER_TRACE] EODHD fetchEodhdRealtimeSymbolsRaw {"symbolsInRequest":10}
[FINSEPA_PROVIDER_TRACE] EODHD fetchEodhdFundamentalsJsonUncached {"symbol":"GOOGL.US"}
[FINSEPA_PROVIDER_TRACE] EODHD fetchEodhdUsQuoteDelayed {"symbol":"GOOGL.US"}
 GET /api/stocks/GOOGL/target-price 200 in 561ms (next.js: 4ms, application-code: 557ms)
[FINSEPA_PROVIDER_TRACE] EODHD fetchEodhdRealtimeSymbolsRaw {"symbolsInRequest":7}
 GET /api/stocks/GOOGL/extended-hours?exchange=NASDAQ&country=US&close=338.46 200 in 1160ms (next.js: 1050µs, application-code: 1158ms)
 GET /api/stocks/GOOGL/extended-hours?exchange=NASDAQ&country=US&close=338.46 200 in 1528ms (next.js: 5ms, application-code: 1523ms)
[portfolio/workspace PUT] ledger warnings {
  userId: '52373158-0eff-48de-80ba-f9206ee0e52a',
  warnings: [
    {
      code: 'SELL_WITHOUT_POSITION',
      portfolioId: '6667854d-3cea-49f6-9aac-8a7340c82cb8',
      transactionId: '484eefe6-d749-45bf-9f2d-4a9006a26b62',
      message: 'Sell of AAL with no open position.',
      legacy: true
    },
    {
      code: 'SELL_WITHOUT_POSITION',
      portfolioId: '6667854d-3cea-49f6-9aac-8a7340c82cb8',
      transactionId: '6d6780cf-80b2-4b0d-a3ef-a5b13da610d6',
      message: 'Sell of WISH with no open position.',
      legacy: true
    },
    {
      code: 'SELL_WITHOUT_POSITION',
      portfolioId: '6667854d-3cea-49f6-9aac-8a7340c82cb8',
      transactionId: 'b3c3668a-1730-4300-bd49-255067fbb9c4',
      message: 'Sell of NNOX with no open position.',
      legacy: true
    },
    {
      code: 'SELL_EXCEEDS_AVAILABLE_SHARES',
      portfolioId: '6667854d-3cea-49f6-9aac-8a7340c82cb8',
      transactionId: '4120dc1a-c777-45f4-b033-802dda8bf9e1',
      message: 'Sell 2.195119 PEP exceeds available 2.',
      legacy: true
    }
  ],
  migrateReport: {
    sequenceReports: {
      '6667854d-3cea-49f6-9aac-8a7340c82cb8': [Object],
      '27085251-e3e2-4829-81ee-14004843637d': [Object],
      '6e1c8d68-72f3-4160-9874-6473edd2f7eb': [Object],
      'd972d6f7-1f89-492b-81cf-aaf5fba709f5': [Object],
      '1c9764f9-9feb-462d-8cbe-a61ade8b293c': [Object],
      'a8524493-d06d-4997-9949-ab2bb8e7258b': [Object],
      'e1d517c3-21d5-45d0-8125-fbbb5dbd23f4': [Object]
    },
    legacyTaggedByPortfolio: {},
    changed: false
  }
}
[FINSEPA_PROVIDER_TRACE] EODHD fetchEodhdFundamentalsJsonUncached {"symbol":"GOOGL.US"}
 PUT /api/portfolio/workspace 200 in 294ms (next.js: 1312µs, application-code: 293ms)
 POST /api/portfolio/live-quotes 200 in 3.1s (next.js: 1956µs, application-code: 3.1s)
[FINSEPA_PROVIDER_TRACE] EODHD fetchEodhdCryptoDailyBars {"symbol":"BTC-USD.CC"}
[FINSEPA_PROVIDER_TRACE] EODHD fetchEodhdCryptoDailyBars {"symbol":"ETH-USD.CC"}
[FINSEPA_PROVIDER_TRACE] EODHD fetchEodhdCryptoDailyBars {"symbol":"SOL-USD.CC"}
[FINSEPA_PROVIDER_TRACE] EODHD fetchEodhdFundamentalsJsonUncached {"symbol":"GOOGL.US"}
 POST /api/portfolio/live-quotes 200 in 2.3s (next.js: 7ms, application-code: 2.3s)
 POST /api/portfolio/live-quotes 200 in 2.1s (next.js: 905µs, application-code: 2.1s)
[FINSEPA_PROVIDER_TRACE] EODHD fetchEodhdRealtimeSymbolsRaw {"symbolsInRequest":14}
[FINSEPA_PROVIDER_TRACE] EODHD fetchEodhdIntraday {"symbol":"GOOGL.US"}
[FINSEPA_PROVIDER_TRACE] EODHD fetchEodhdEodDaily {"symbol":"GOOGL.US","closeMode":"adjusted"}
 GET /__bench_bench-20260908-125010_11_switch_portfolio_end__ 404 in 26ms (next.js: 3ms, application-code: 23ms)
 GET /__bench_bench-20260908-125010_12_holding_start__ 404 in 23ms (next.js: 1767µs, application-code: 22ms)
[portfolio/workspace PUT] ledger warnings {
  userId: '52373158-0eff-48de-80ba-f9206ee0e52a',
  warnings: [
    {
      code: 'SELL_WITHOUT_POSITION',
      portfolioId: '6667854d-3cea-49f6-9aac-8a7340c82cb8',
      transactionId: '484eefe6-d749-45bf-9f2d-4a9006a26b62',
      message: 'Sell of AAL with no open position.',
      legacy: true
    },
    {
      code: 'SELL_WITHOUT_POSITION',
      portfolioId: '6667854d-3cea-49f6-9aac-8a7340c82cb8',
      transactionId: '6d6780cf-80b2-4b0d-a3ef-a5b13da610d6',
      message: 'Sell of WISH with no open position.',
      legacy: true
    },
    {
      code: 'SELL_WITHOUT_POSITION',
      portfolioId: '6667854d-3cea-49f6-9aac-8a7340c82cb8',
      transactionId: 'b3c3668a-1730-4300-bd49-255067fbb9c4',
      message: 'Sell of NNOX with no open position.',
      legacy: true
    },
    {
      code: 'SELL_EXCEEDS_AVAILABLE_SHARES',
      portfolioId: '6667854d-3cea-49f6-9aac-8a7340c82cb8',
      transactionId: '4120dc1a-c777-45f4-b033-802dda8bf9e1',
      message: 'Sell 2.195119 PEP exceeds available 2.',
      legacy: true
    }
  ],
  migrateReport: {
    sequenceReports: {
      '6667854d-3cea-49f6-9aac-8a7340c82cb8': [Object],
      '27085251-e3e2-4829-81ee-14004843637d': [Object],
      '6e1c8d68-72f3-4160-9874-6473edd2f7eb': [Object],
      'd972d6f7-1f89-492b-81cf-aaf5fba709f5': [Object],
      '1c9764f9-9feb-462d-8cbe-a61ade8b293c': [Object],
      'a8524493-d06d-4997-9949-ab2bb8e7258b': [Object],
      'e1d517c3-21d5-45d0-8125-fbbb5dbd23f4': [Object]
    },
    legacyTaggedByPortfolio: {},
    changed: false
  }
}
[eodhd intraday] raw provider row sample {
  sym: 'GOOGL.US',
  interval: '1h',
  rowCount: 2036,
  firstRow: {
    timestamp: 1756128600,
    gmtoffset: 0,
    datetime: '2025-08-25 13:30:00',
    open: 206.429992,
    high: 208.61,
    low: 205.283004,
    close: 208.440002,
    volume: 7333767
  }
}
[stock chart] 1Y intraday attempt {
  ticker: 'GOOGL',
  interval: '1h',
  barCount: 2032,
  disableUsSessionFilters: false
}
 PUT /api/portfolio/workspace 200 in 2.2s (next.js: 1109µs, application-code: 2.2s)
[FINSEPA_PROVIDER_TRACE] EODHD fetchEodhdCryptoDailyBars {"symbol":"BTC-USD.CC"}
[FINSEPA_PROVIDER_TRACE] EODHD fetchEodhdCryptoDailyBars {"symbol":"ETH-USD.CC"}
[FINSEPA_PROVIDER_TRACE] EODHD fetchEodhdCryptoDailyBars {"symbol":"BTC-USD.CC"}
[FINSEPA_PROVIDER_TRACE] EODHD fetchEodhdCryptoDailyBars {"symbol":"ETH-USD.CC"}
 GET /api/stocks/GOOGL/chart?range=1Y&series=price 200 in 2.7s (next.js: 4ms, application-code: 2.7s)
 GET /api/stocks/GOOGL/chart?range=1Y&series=price 200 in 8ms (next.js: 3ms, application-code: 6ms)
 GET /api/stocks/GOOGL/earnings?preview=1 200 in 5.5s (next.js: 3ms, application-code: 5.5s)
 POST /api/portfolio/live-quotes 200 in 3.8s (next.js: 1087µs, application-code: 3.8s)
 POST /api/portfolio/live-quotes 200 in 3.2s (next.js: 1285µs, application-code: 3.2s)
 PUT /api/portfolios/listings 200 in 140ms (next.js: 1859µs, application-code: 138ms)
 PUT /api/portfolios/listings 200 in 207ms (next.js: 4ms, application-code: 203ms)
[FINSEPA_PROVIDER_TRACE] EODHD fetchEodhdIntraday {"symbol":"GOOGL.US"}
[FINSEPA_PROVIDER_TRACE] EODHD fetchEodhdEodDaily {"symbol":"GOOGL.US","closeMode":"adjusted"}
 GET /api/stocks/GOOGL/extended-hours?exchange=NASDAQ&country=US&close=338.46 200 in 674ms (next.js: 7ms, application-code: 666ms)
 GET /api/stocks/GOOGL/live-price 200 in 675ms (next.js: 3ms, application-code: 671ms)
[FINSEPA_PROVIDER_TRACE] EODHD fetchEodhdRealtimeSymbolsRaw {"symbolsInRequest":10}
[FINSEPA_PROVIDER_TRACE] EODHD fetchEodhdEodDailyBothCloses {"symbol":"AAL.US"}
[FINSEPA_PROVIDER_TRACE] EODHD fetchEodhdEodDailyBothCloses {"symbol":"AAPL.US"}
[FINSEPA_PROVIDER_TRACE] EODHD fetchEodhdEodDailyBothCloses {"symbol":"ADBE.US"}
[FINSEPA_PROVIDER_TRACE] EODHD fetchEodhdEodDailyBothCloses {"symbol":"AMZN.US"}
[FINSEPA_PROVIDER_TRACE] EODHD fetchEodhdEodDailyBothCloses {"symbol":"DIS.US"}
[FINSEPA_PROVIDER_TRACE] EODHD fetchEodhdEodDailyBothCloses {"symbol":"DPZ.US"}
[FINSEPA_PROVIDER_TRACE] EODHD fetchEodhdEodDailyBothCloses {"symbol":"EL.US"}
[FINSEPA_PROVIDER_TRACE] EODHD fetchEodhdEodDailyBothCloses {"symbol":"GOOGL.US"}
[FINSEPA_PROVIDER_TRACE] EODHD fetchEodhdEodDailyBothCloses {"symbol":"MCO.US"}
[FINSEPA_PROVIDER_TRACE] EODHD fetchEodhdEodDailyBothCloses {"symbol":"META.US"}
[FINSEPA_PROVIDER_TRACE] EODHD fetchEodhdEodDailyBothCloses {"symbol":"MSFT.US"}
[FINSEPA_PROVIDER_TRACE] EODHD fetchEodhdEodDailyBothCloses {"symbol":"NFLX.US"}
[FINSEPA_PROVIDER_TRACE] EODHD fetchEodhdEodDailyBothCloses {"symbol":"NKE.US"}
[FINSEPA_PROVIDER_TRACE] EODHD fetchEodhdEodDailyBothCloses {"symbol":"NNOX.US"}
[FINSEPA_PROVIDER_TRACE] EODHD fetchEodhdEodDailyBothCloses {"symbol":"PEP.US"}
[FINSEPA_PROVIDER_TRACE] EODHD fetchEodhdEodDailyBothCloses {"symbol":"PYPL.US"}
[FINSEPA_PROVIDER_TRACE] EODHD fetchEodhdEodDailyBothCloses {"symbol":"RACE.US"}
[FINSEPA_PROVIDER_TRACE] EODHD fetchEodhdEodDailyBothCloses {"symbol":"SBUX.US"}
[FINSEPA_PROVIDER_TRACE] EODHD fetchEodhdEodDailyBothCloses {"symbol":"V.US"}
[FINSEPA_PROVIDER_TRACE] EODHD fetchEodhdEodDailyBothCloses {"symbol":"VZ.US"}
[FINSEPA_PROVIDER_TRACE] EODHD fetchEodhdEodDailyBothCloses {"symbol":"WBD.US"}
[FINSEPA_PROVIDER_TRACE] EODHD fetchEodhdEodDailyBothCloses {"symbol":"WISH.US"}
 GET /stock/GOOGL?bench=bench-20260908-125010&step=12-holding 200 in 667ms (next.js: 6ms, proxy.ts: 7ms, application-code: 654ms)
 GET /api/notifications?count=1 200 in 77ms (next.js: 6ms, application-code: 72ms)
[FINSEPA_PROVIDER_TRACE] EODHD fetchEodhdEodDailyBothCloses {"symbol":"AAPL.US"}
[FINSEPA_PROVIDER_TRACE] EODHD fetchEodhdEodDailyBothCloses {"symbol":"ADBE.US"}
[FINSEPA_PROVIDER_TRACE] EODHD fetchEodhdEodDailyBothCloses {"symbol":"AMZN.US"}
[FINSEPA_PROVIDER_TRACE] EODHD fetchEodhdEodDailyBothCloses {"symbol":"GLXY.US"}
[FINSEPA_PROVIDER_TRACE] EODHD fetchEodhdEodDailyBothCloses {"symbol":"GOOGL.US"}
[FINSEPA_PROVIDER_TRACE] EODHD fetchEodhdEodDailyBothCloses {"symbol":"HOOD.US"}
[FINSEPA_PROVIDER_TRACE] EODHD fetchEodhdEodDailyBothCloses {"symbol":"IDXX.US"}
[FINSEPA_PROVIDER_TRACE] EODHD fetchEodhdEodDailyBothCloses {"symbol":"MAR.US"}
[FINSEPA_PROVIDER_TRACE] EODHD fetchEodhdEodDailyBothCloses {"symbol":"META.US"}
[FINSEPA_PROVIDER_TRACE] EODHD fetchEodhdEodDailyBothCloses {"symbol":"NFLX.US"}
[FINSEPA_PROVIDER_TRACE] EODHD fetchEodhdEodDailyBothCloses {"symbol":"PYPL.US"}
[FINSEPA_PROVIDER_TRACE] EODHD fetchEodhdEodDailyBothCloses {"symbol":"RACE.US"}
[FINSEPA_PROVIDER_TRACE] EODHD fetchEodhdEodDailyBothCloses {"symbol":"SPGI.US"}
[FINSEPA_PROVIDER_TRACE] EODHD fetchEodhdEodDailyBothCloses {"symbol":"SPOT.US"}
[FINSEPA_PROVIDER_TRACE] EODHD fetchEodhdEodDailyBothCloses {"symbol":"SYK.US"}
[FINSEPA_PROVIDER_TRACE] EODHD fetchEodhdEodDailyBothCloses {"symbol":"V.US"}
[FINSEPA_PROVIDER_TRACE] EODHD fetchEodhdRealtimeSymbolsRaw {"symbolsInRequest":7}
 GET /api/portfolio/workspace 200 in 127ms (next.js: 8ms, application-code: 119ms)
[FINSEPA_PROVIDER_TRACE] EODHD fetchEodhdEodDailyBothCloses {"symbol":"AAPL.US"}
[FINSEPA_PROVIDER_TRACE] EODHD fetchEodhdEodDailyBothCloses {"symbol":"COST.US"}
[FINSEPA_PROVIDER_TRACE] EODHD fetchEodhdEodDailyBothCloses {"symbol":"KO.US"}
[FINSEPA_PROVIDER_TRACE] EODHD fetchEodhdEodDailyBothCloses {"symbol":"META.US"}
[FINSEPA_PROVIDER_TRACE] EODHD fetchEodhdEodDailyBothCloses {"symbol":"NFLX.US"}
[FINSEPA_PROVIDER_TRACE] EODHD fetchEodhdEodDailyBothCloses {"symbol":"QQQ.US"}
[FINSEPA_PROVIDER_TRACE] EODHD fetchEodhdEodDailyBothCloses {"symbol":"SPGI.US"}
[FINSEPA_PROVIDER_TRACE] EODHD fetchEodhdEodDailyBothCloses {"symbol":"TSLA.US"}
[FINSEPA_PROVIDER_TRACE] EODHD fetchEodhdEodDailyBothCloses {"symbol":"UBER.US"}
[FINSEPA_PROVIDER_TRACE] EODHD fetchEodhdEodDailyBothCloses {"symbol":"V.US"}
 GET /api/account/plan 200 in 176ms (next.js: 10ms, application-code: 166ms)
[FINSEPA_PROVIDER_TRACE] EODHD fetchEodhdEodDailyBothCloses {"symbol":"AAPL.US"}
[eodhd intraday] raw provider row sample {
  sym: 'GOOGL.US',
  interval: '1m',
  rowCount: 391,
  firstRow: {
    timestamp: 1788528600,
    gmtoffset: 0,
    datetime: '2026-09-04 13:30:00',
    open: 342.465,
    high: 343.22,
    low: 341.9,
    close: 343.11,
    volume: 349129
  }
}
[live-price] GOOGL {
  price: 338.4926,
  quotedAtSec: 1788552000,
  previousClose: null,
  session: 'pre'
}
 POST /api/portfolio/stock-splits 200 in 945ms (next.js: 1266µs, application-code: 944ms)
 POST /api/portfolio/stock-splits 200 in 866ms (next.js: 1364µs, application-code: 865ms)
 GET /api/market/us-cache-epoch 200 in 4ms (next.js: 1321µs, application-code: 3ms)
 GET /api/search/recent 200 in 100ms (next.js: 1859µs, application-code: 98ms)
 GET /api/watchlist 200 in 134ms (next.js: 2ms, application-code: 131ms)
[FINSEPA_PROVIDER_TRACE] EODHD fetchEodhdIntraday {"symbol":"GOOGL.US"}
[FINSEPA_PROVIDER_TRACE] EODHD fetchEodhdUsQuoteDelayed {"symbol":"GOOGL.US"}
 POST /api/portfolio/stock-splits 200 in 1235ms (next.js: 9ms, application-code: 1226ms)
[FINSEPA_PROVIDER_TRACE] EODHD fetchEodhdIntraday {"symbol":"GOOGL.US"}
 POST /api/portfolio/stock-splits 200 in 1180ms (next.js: 1224µs, application-code: 1179ms)
 GET /api/stocks/GOOGL/key-indicators 200 in 194ms (next.js: 3ms, application-code: 190ms)
[FINSEPA_PROVIDER_TRACE] EODHD fetchEodhdIntraday {"symbol":"GOOGL.US"}
[eodhd intraday] raw provider row sample {
  sym: 'GOOGL.US',
  interval: '1m',
  rowCount: 391,
  firstRow: {
    timestamp: 1788528600,
    gmtoffset: 0,
    datetime: '2026-09-04 13:30:00',
    open: 342.465,
    high: 343.22,
    low: 341.9,
    close: 343.11,
    volume: 349129
  }
}
 GET /api/stocks/GOOGL/chart?range=1D&series=price 200 in 600ms (next.js: 3ms, application-code: 596ms)
[FINSEPA_PROVIDER_TRACE] EODHD fetchEodhdEodDaily {"symbol":"GOOGL.US","closeMode":"adjusted"}
[eodhd intraday] raw provider row sample {
  sym: 'GOOGL.US',
  interval: '1m',
  rowCount: 391,
  firstRow: {
    timestamp: 1788528600,
    gmtoffset: 0,
    datetime: '2026-09-04 13:30:00',
    open: 342.465,
    high: 343.22,
    low: 341.9,
    close: 343.11,
    volume: 349129
  }
}
 GET /api/stocks/GOOGL/chart?range=1D&series=price 200 in 594ms (next.js: 991µs, application-code: 593ms)
[FINSEPA_PROVIDER_TRACE] EODHD fetchEodhdIntraday {"symbol":"GOOGL.US"}
[eodhd intraday] raw provider row sample {
  sym: 'GOOGL.US',
  interval: '1m',
  rowCount: 391,
  firstRow: {
    timestamp: 1788528600,
    gmtoffset: 0,
    datetime: '2026-09-04 13:30:00',
    open: 342.465,
    high: 343.22,
    low: 341.9,
    close: 343.11,
    volume: 349129
  }
}
[live-price] GOOGL {
  price: 338.4926,
  quotedAtSec: 1788552000,
  previousClose: null,
  session: 'pre'
}
 GET /api/stocks/GOOGL/live-price 200 in 458ms (next.js: 3ms, application-code: 455ms)
[FINSEPA_PROVIDER_TRACE] EODHD fetchEodhdIntraday {"symbol":"GOOGL.US"}
 POST /api/portfolio/live-quotes 200 in 911ms (next.js: 1092µs, application-code: 910ms)
 POST /api/portfolio/live-quotes 200 in 2.0s (next.js: 3ms, application-code: 2.0s)
[FINSEPA_PROVIDER_TRACE] EODHD fetchEodhdIntraday {"symbol":"GOOGL.US"}
[FINSEPA_PROVIDER_TRACE] EODHD fetchEodhdCryptoDailyBars {"symbol":"BTC-USD.CC"}
[FINSEPA_PROVIDER_TRACE] EODHD fetchEodhdCryptoDailyBars {"symbol":"ETH-USD.CC"}
[FINSEPA_PROVIDER_TRACE] EODHD fetchEodhdCryptoDailyBars {"symbol":"SOL-USD.CC"}
 GET /api/stocks/GOOGL/key-indicators 200 in 136ms (next.js: 3ms, application-code: 133ms)
[eodhd intraday] raw provider row sample {
  sym: 'GOOGL.US',
  interval: '1m',
  rowCount: 391,
  firstRow: {
    timestamp: 1788528600,
    gmtoffset: 0,
    datetime: '2026-09-04 13:30:00',
    open: 342.465,
    high: 343.22,
    low: 341.9,
    close: 343.11,
    volume: 349129
  }
}
 GET /api/stocks/GOOGL/chart?range=1D&series=price 200 in 470ms (next.js: 4ms, application-code: 467ms)
[eodhd intraday] raw provider row sample {
  sym: 'GOOGL.US',
  interval: '1m',
  rowCount: 391,
  firstRow: {
    timestamp: 1788528600,
    gmtoffset: 0,
    datetime: '2026-09-04 13:30:00',
    open: 342.465,
    high: 343.22,
    low: 341.9,
    close: 343.11,
    volume: 349129
  }
}
 GET /api/superinvestor-follows 200 in 82ms (next.js: 1624µs, application-code: 80ms)
 GET /api/stocks/GOOGL/chart?range=1D&series=price 200 in 442ms (next.js: 1306µs, application-code: 440ms)
[eodhd intraday] raw provider row sample {
  sym: 'GOOGL.US',
  interval: '1m',
  rowCount: 391,
  firstRow: {
    timestamp: 1788528600,
    gmtoffset: 0,
    datetime: '2026-09-04 13:30:00',
    open: 342.465,
    high: 343.22,
    low: 341.9,
    close: 343.11,
    volume: 349129
  }
}
[live-price] GOOGL {
  price: 338.4926,
  quotedAtSec: 1788552000,
  previousClose: null,
  session: 'pre'
}
 GET /api/search/recent 200 in 84ms (next.js: 4ms, application-code: 80ms)
 GET /api/stocks/GOOGL/live-price 200 in 454ms (next.js: 2ms, application-code: 451ms)
 GET /api/watchlist 200 in 172ms (next.js: 1204µs, application-code: 171ms)
 GET /api/search/recent 200 in 87ms (next.js: 4ms, application-code: 83ms)
[FINSEPA_PROVIDER_TRACE] EODHD fetchEodhdRealtimeSymbolsRaw {"symbolsInRequest":10}
[portfolio/workspace PUT] ledger warnings {
  userId: '52373158-0eff-48de-80ba-f9206ee0e52a',
  warnings: [
    {
      code: 'SELL_WITHOUT_POSITION',
      portfolioId: '6667854d-3cea-49f6-9aac-8a7340c82cb8',
      transactionId: '484eefe6-d749-45bf-9f2d-4a9006a26b62',
      message: 'Sell of AAL with no open position.',
      legacy: true
    },
    {
      code: 'SELL_WITHOUT_POSITION',
      portfolioId: '6667854d-3cea-49f6-9aac-8a7340c82cb8',
      transactionId: '6d6780cf-80b2-4b0d-a3ef-a5b13da610d6',
      message: 'Sell of WISH with no open position.',
      legacy: true
    },
    {
      code: 'SELL_WITHOUT_POSITION',
      portfolioId: '6667854d-3cea-49f6-9aac-8a7340c82cb8',
      transactionId: 'b3c3668a-1730-4300-bd49-255067fbb9c4',
      message: 'Sell of NNOX with no open position.',
      legacy: true
    },
    {
      code: 'SELL_EXCEEDS_AVAILABLE_SHARES',
      portfolioId: '6667854d-3cea-49f6-9aac-8a7340c82cb8',
      transactionId: '4120dc1a-c777-45f4-b033-802dda8bf9e1',
      message: 'Sell 2.195119 PEP exceeds available 2.',
      legacy: true
    }
  ],
  migrateReport: {
    sequenceReports: {
      '6667854d-3cea-49f6-9aac-8a7340c82cb8': [Object],
      '27085251-e3e2-4829-81ee-14004843637d': [Object],
      '6e1c8d68-72f3-4160-9874-6473edd2f7eb': [Object],
      'd972d6f7-1f89-492b-81cf-aaf5fba709f5': [Object],
      '1c9764f9-9feb-462d-8cbe-a61ade8b293c': [Object],
      'a8524493-d06d-4997-9949-ab2bb8e7258b': [Object],
      'e1d517c3-21d5-45d0-8125-fbbb5dbd23f4': [Object]
    },
    legacyTaggedByPortfolio: {},
    changed: false
  }
}
 GET /api/notifications?count=1 200 in 62ms (next.js: 1383µs, application-code: 61ms)
 PUT /api/portfolio/workspace 200 in 295ms (next.js: 8ms, application-code: 287ms)
[FINSEPA_PROVIDER_TRACE] EODHD fetchEodhdRealtimeSymbolsRaw {"symbolsInRequest":9}
[portfolio/workspace PUT] ledger warnings {
  userId: '52373158-0eff-48de-80ba-f9206ee0e52a',
  warnings: [
    {
      code: 'SELL_WITHOUT_POSITION',
      portfolioId: '6667854d-3cea-49f6-9aac-8a7340c82cb8',
      transactionId: '484eefe6-d749-45bf-9f2d-4a9006a26b62',
      message: 'Sell of AAL with no open position.',
      legacy: true
    },
    {
      code: 'SELL_WITHOUT_POSITION',
      portfolioId: '6667854d-3cea-49f6-9aac-8a7340c82cb8',
      transactionId: '6d6780cf-80b2-4b0d-a3ef-a5b13da610d6',
      message: 'Sell of WISH with no open position.',
      legacy: true
    },
    {
      code: 'SELL_WITHOUT_POSITION',
      portfolioId: '6667854d-3cea-49f6-9aac-8a7340c82cb8',
      transactionId: 'b3c3668a-1730-4300-bd49-255067fbb9c4',
      message: 'Sell of NNOX with no open position.',
      legacy: true
    },
    {
      code: 'SELL_EXCEEDS_AVAILABLE_SHARES',
      portfolioId: '6667854d-3cea-49f6-9aac-8a7340c82cb8',
      transactionId: '4120dc1a-c777-45f4-b033-802dda8bf9e1',
      message: 'Sell 2.195119 PEP exceeds available 2.',
      legacy: true
    }
  ],
  migrateReport: {
    sequenceReports: {
      '6667854d-3cea-49f6-9aac-8a7340c82cb8': [Object],
      '27085251-e3e2-4829-81ee-14004843637d': [Object],
      '6e1c8d68-72f3-4160-9874-6473edd2f7eb': [Object],
      'd972d6f7-1f89-492b-81cf-aaf5fba709f5': [Object],
      '1c9764f9-9feb-462d-8cbe-a61ade8b293c': [Object],
      'a8524493-d06d-4997-9949-ab2bb8e7258b': [Object],
      'e1d517c3-21d5-45d0-8125-fbbb5dbd23f4': [Object]
    },
    legacyTaggedByPortfolio: {},
    changed: false
  }
}
[FINSEPA_PROVIDER_TRACE] EODHD fetchEodhdUsQuoteDelayed {"symbol":"GOOGL.US"}
 PUT /api/portfolio/workspace 200 in 353ms (next.js: 1625µs, application-code: 351ms)
[portfolio/workspace PUT] ledger warnings {
  userId: '52373158-0eff-48de-80ba-f9206ee0e52a',
  warnings: [
    {
      code: 'SELL_WITHOUT_POSITION',
      portfolioId: '6667854d-3cea-49f6-9aac-8a7340c82cb8',
      transactionId: '484eefe6-d749-45bf-9f2d-4a9006a26b62',
      message: 'Sell of AAL with no open position.',
      legacy: true
    },
    {
      code: 'SELL_WITHOUT_POSITION',
      portfolioId: '6667854d-3cea-49f6-9aac-8a7340c82cb8',
      transactionId: '6d6780cf-80b2-4b0d-a3ef-a5b13da610d6',
      message: 'Sell of WISH with no open position.',
      legacy: true
    },
    {
      code: 'SELL_WITHOUT_POSITION',
      portfolioId: '6667854d-3cea-49f6-9aac-8a7340c82cb8',
      transactionId: 'b3c3668a-1730-4300-bd49-255067fbb9c4',
      message: 'Sell of NNOX with no open position.',
      legacy: true
    },
    {
      code: 'SELL_EXCEEDS_AVAILABLE_SHARES',
      portfolioId: '6667854d-3cea-49f6-9aac-8a7340c82cb8',
      transactionId: '4120dc1a-c777-45f4-b033-802dda8bf9e1',
      message: 'Sell 2.195119 PEP exceeds available 2.',
      legacy: true
    }
  ],
  migrateReport: {
    sequenceReports: {
      '6667854d-3cea-49f6-9aac-8a7340c82cb8': [Object],
      '27085251-e3e2-4829-81ee-14004843637d': [Object],
      '6e1c8d68-72f3-4160-9874-6473edd2f7eb': [Object],
      'd972d6f7-1f89-492b-81cf-aaf5fba709f5': [Object],
      '1c9764f9-9feb-462d-8cbe-a61ade8b293c': [Object],
      'a8524493-d06d-4997-9949-ab2bb8e7258b': [Object],
      'e1d517c3-21d5-45d0-8125-fbbb5dbd23f4': [Object]
    },
    legacyTaggedByPortfolio: {},
    changed: false
  }
}
 POST /api/portfolio/live-quotes 200 in 3.1s (next.js: 2ms, application-code: 3.1s)
 GET /api/stocks/GOOGL/extended-hours?exchange=NASDAQ&country=US&close=338.46 200 in 1091ms (next.js: 1775µs, application-code: 1089ms)
 GET /api/stocks/GOOGL/extended-hours?exchange=NASDAQ&country=US&close=338.46 200 in 1485ms (next.js: 3ms, application-code: 1482ms)
 PUT /api/portfolio/workspace 200 in 350ms (next.js: 1040µs, application-code: 349ms)
 GET /api/stocks/GOOGL/target-price 200 in 7ms (next.js: 4ms, application-code: 3ms)
 GET /api/stocks/GOOGL/earnings?preview=1 200 in 6ms (next.js: 3ms, application-code: 3ms)
 GET /api/watchlist 200 in 198ms (next.js: 1389µs, application-code: 196ms)
 GET /api/search/recent 200 in 68ms (next.js: 886µs, application-code: 67ms)
 GET /api/watchlist 200 in 121ms (next.js: 1384µs, application-code: 120ms)
[FINSEPA_PROVIDER_TRACE] EODHD fetchEodhdCryptoDailyBars {"symbol":"BTC-USD.CC"}
[FINSEPA_PROVIDER_TRACE] EODHD fetchEodhdCryptoDailyBars {"symbol":"ETH-USD.CC"}
[FINSEPA_PROVIDER_TRACE] EODHD fetchEodhdCryptoDailyBars {"symbol":"SOL-USD.CC"}
[FINSEPA_PROVIDER_TRACE] EODHD fetchEodhdCryptoDailyBars {"symbol":"BTC-USD.CC"}
[FINSEPA_PROVIDER_TRACE] EODHD fetchEodhdCryptoDailyBars {"symbol":"ETH-USD.CC"}
[FINSEPA_PROVIDER_TRACE] EODHD fetchEodhdCryptoDailyBars {"symbol":"BTC-USD.CC"}
[FINSEPA_PROVIDER_TRACE] EODHD fetchEodhdCryptoDailyBars {"symbol":"ETH-USD.CC"}
 POST /api/portfolio/live-quotes 200 in 3.2s (next.js: 3ms, application-code: 3.2s)
 POST /api/portfolio/live-quotes 200 in 2.7s (next.js: 2ms, application-code: 2.7s)
 POST /api/portfolio/live-quotes 200 in 3.2s (next.js: 1077µs, application-code: 3.2s)
 PUT /api/portfolios/listings 200 in 127ms (next.js: 1256µs, application-code: 126ms)
 PUT /api/portfolios/listings 200 in 134ms (next.js: 1133µs, application-code: 133ms)
[FINSEPA_PROVIDER_TRACE] EODHD fetchEodhdRealtimeSymbolsRaw {"symbolsInRequest":14}
[portfolio/workspace PUT] ledger warnings {
  userId: '52373158-0eff-48de-80ba-f9206ee0e52a',
  warnings: [
    {
      code: 'SELL_WITHOUT_POSITION',
      portfolioId: '6667854d-3cea-49f6-9aac-8a7340c82cb8',
      transactionId: '484eefe6-d749-45bf-9f2d-4a9006a26b62',
      message: 'Sell of AAL with no open position.',
      legacy: true
    },
    {
      code: 'SELL_WITHOUT_POSITION',
      portfolioId: '6667854d-3cea-49f6-9aac-8a7340c82cb8',
      transactionId: '6d6780cf-80b2-4b0d-a3ef-a5b13da610d6',
      message: 'Sell of WISH with no open position.',
      legacy: true
    },
    {
      code: 'SELL_WITHOUT_POSITION',
      portfolioId: '6667854d-3cea-49f6-9aac-8a7340c82cb8',
      transactionId: 'b3c3668a-1730-4300-bd49-255067fbb9c4',
      message: 'Sell of NNOX with no open position.',
      legacy: true
    },
    {
      code: 'SELL_EXCEEDS_AVAILABLE_SHARES',
      portfolioId: '6667854d-3cea-49f6-9aac-8a7340c82cb8',
      transactionId: '4120dc1a-c777-45f4-b033-802dda8bf9e1',
      message: 'Sell 2.195119 PEP exceeds available 2.',
      legacy: true
    }
  ],
  migrateReport: {
    sequenceReports: {
      '6667854d-3cea-49f6-9aac-8a7340c82cb8': [Object],
      '27085251-e3e2-4829-81ee-14004843637d': [Object],
      '6e1c8d68-72f3-4160-9874-6473edd2f7eb': [Object],
      'd972d6f7-1f89-492b-81cf-aaf5fba709f5': [Object],
      '1c9764f9-9feb-462d-8cbe-a61ade8b293c': [Object],
      'a8524493-d06d-4997-9949-ab2bb8e7258b': [Object],
      'e1d517c3-21d5-45d0-8125-fbbb5dbd23f4': [Object]
    },
    legacyTaggedByPortfolio: {},
    changed: false
  }
}
 PUT /api/portfolio/workspace 200 in 311ms (next.js: 1082µs, application-code: 310ms)
[FINSEPA_PROVIDER_TRACE] EODHD fetchEodhdCryptoDailyBars {"symbol":"BTC-USD.CC"}
[FINSEPA_PROVIDER_TRACE] EODHD fetchEodhdCryptoDailyBars {"symbol":"ETH-USD.CC"}
 POST /api/portfolio/live-quotes 200 in 3.3s (next.js: 1266µs, application-code: 3.3s)
 PUT /api/portfolios/listings 200 in 131ms (next.js: 1208µs, application-code: 130ms)
 GET /portfolio?bench=bench-20260908-125010&step=13-return 200 in 231ms (next.js: 5ms, proxy.ts: 12ms, application-code: 215ms)
[FINSEPA_PROVIDER_TRACE] EODHD fetchEodhdRealtimeSymbolsRaw {"symbolsInRequest":15}
[FINSEPA_PROVIDER_TRACE] EODHD fetchEodhdEodDailyBothCloses {"symbol":"AAL.US"}
[FINSEPA_PROVIDER_TRACE] EODHD fetchEodhdEodDailyBothCloses {"symbol":"AAPL.US"}
[FINSEPA_PROVIDER_TRACE] EODHD fetchEodhdEodDailyBothCloses {"symbol":"ADBE.US"}
[FINSEPA_PROVIDER_TRACE] EODHD fetchEodhdEodDailyBothCloses {"symbol":"AMZN.US"}
[FINSEPA_PROVIDER_TRACE] EODHD fetchEodhdEodDailyBothCloses {"symbol":"DIS.US"}
[FINSEPA_PROVIDER_TRACE] EODHD fetchEodhdEodDailyBothCloses {"symbol":"DPZ.US"}
[FINSEPA_PROVIDER_TRACE] EODHD fetchEodhdEodDailyBothCloses {"symbol":"EL.US"}
[FINSEPA_PROVIDER_TRACE] EODHD fetchEodhdEodDailyBothCloses {"symbol":"GOOGL.US"}
[FINSEPA_PROVIDER_TRACE] EODHD fetchEodhdEodDailyBothCloses {"symbol":"MCO.US"}
[FINSEPA_PROVIDER_TRACE] EODHD fetchEodhdEodDailyBothCloses {"symbol":"META.US"}
[FINSEPA_PROVIDER_TRACE] EODHD fetchEodhdEodDailyBothCloses {"symbol":"MSFT.US"}
[FINSEPA_PROVIDER_TRACE] EODHD fetchEodhdEodDailyBothCloses {"symbol":"NFLX.US"}
[FINSEPA_PROVIDER_TRACE] EODHD fetchEodhdEodDailyBothCloses {"symbol":"NKE.US"}
[FINSEPA_PROVIDER_TRACE] EODHD fetchEodhdEodDailyBothCloses {"symbol":"NNOX.US"}
[FINSEPA_PROVIDER_TRACE] EODHD fetchEodhdEodDailyBothCloses {"symbol":"PEP.US"}
[FINSEPA_PROVIDER_TRACE] EODHD fetchEodhdEodDailyBothCloses {"symbol":"PYPL.US"}
[FINSEPA_PROVIDER_TRACE] EODHD fetchEodhdEodDailyBothCloses {"symbol":"RACE.US"}
[FINSEPA_PROVIDER_TRACE] EODHD fetchEodhdEodDailyBothCloses {"symbol":"SBUX.US"}
[FINSEPA_PROVIDER_TRACE] EODHD fetchEodhdEodDailyBothCloses {"symbol":"V.US"}
[FINSEPA_PROVIDER_TRACE] EODHD fetchEodhdEodDailyBothCloses {"symbol":"VZ.US"}
[FINSEPA_PROVIDER_TRACE] EODHD fetchEodhdEodDailyBothCloses {"symbol":"WBD.US"}
[FINSEPA_PROVIDER_TRACE] EODHD fetchEodhdEodDailyBothCloses {"symbol":"WISH.US"}
[FINSEPA_PROVIDER_TRACE] EODHD fetchEodhdEodDailyBothCloses {"symbol":"AAPL.US"}
[FINSEPA_PROVIDER_TRACE] EODHD fetchEodhdEodDailyBothCloses {"symbol":"ADBE.US"}
[FINSEPA_PROVIDER_TRACE] EODHD fetchEodhdEodDailyBothCloses {"symbol":"AMZN.US"}
[FINSEPA_PROVIDER_TRACE] EODHD fetchEodhdEodDailyBothCloses {"symbol":"GLXY.US"}
[FINSEPA_PROVIDER_TRACE] EODHD fetchEodhdEodDailyBothCloses {"symbol":"GOOGL.US"}
[FINSEPA_PROVIDER_TRACE] EODHD fetchEodhdEodDailyBothCloses {"symbol":"HOOD.US"}
[FINSEPA_PROVIDER_TRACE] EODHD fetchEodhdEodDailyBothCloses {"symbol":"IDXX.US"}
[FINSEPA_PROVIDER_TRACE] EODHD fetchEodhdEodDailyBothCloses {"symbol":"MAR.US"}
[FINSEPA_PROVIDER_TRACE] EODHD fetchEodhdEodDailyBothCloses {"symbol":"META.US"}
[FINSEPA_PROVIDER_TRACE] EODHD fetchEodhdEodDailyBothCloses {"symbol":"NFLX.US"}
[FINSEPA_PROVIDER_TRACE] EODHD fetchEodhdEodDailyBothCloses {"symbol":"PYPL.US"}
[FINSEPA_PROVIDER_TRACE] EODHD fetchEodhdEodDailyBothCloses {"symbol":"RACE.US"}
[FINSEPA_PROVIDER_TRACE] EODHD fetchEodhdEodDailyBothCloses {"symbol":"SPGI.US"}
[FINSEPA_PROVIDER_TRACE] EODHD fetchEodhdEodDailyBothCloses {"symbol":"SPOT.US"}
[FINSEPA_PROVIDER_TRACE] EODHD fetchEodhdEodDailyBothCloses {"symbol":"SYK.US"}
[FINSEPA_PROVIDER_TRACE] EODHD fetchEodhdEodDailyBothCloses {"symbol":"V.US"}
 GET /api/notifications?count=1 200 in 88ms (next.js: 3ms, application-code: 85ms)
 GET /api/account/plan 200 in 211ms (next.js: 6ms, application-code: 205ms)
[FINSEPA_PROVIDER_TRACE] EODHD fetchEodhdEodDailyBothCloses {"symbol":"AAPL.US"}
[FINSEPA_PROVIDER_TRACE] EODHD fetchEodhdEodDailyBothCloses {"symbol":"COST.US"}
[FINSEPA_PROVIDER_TRACE] EODHD fetchEodhdEodDailyBothCloses {"symbol":"KO.US"}
[FINSEPA_PROVIDER_TRACE] EODHD fetchEodhdEodDailyBothCloses {"symbol":"META.US"}
[FINSEPA_PROVIDER_TRACE] EODHD fetchEodhdEodDailyBothCloses {"symbol":"NFLX.US"}
[FINSEPA_PROVIDER_TRACE] EODHD fetchEodhdEodDailyBothCloses {"symbol":"QQQ.US"}
[FINSEPA_PROVIDER_TRACE] EODHD fetchEodhdEodDailyBothCloses {"symbol":"SPGI.US"}
[FINSEPA_PROVIDER_TRACE] EODHD fetchEodhdEodDailyBothCloses {"symbol":"TSLA.US"}
[FINSEPA_PROVIDER_TRACE] EODHD fetchEodhdEodDailyBothCloses {"symbol":"UBER.US"}
[FINSEPA_PROVIDER_TRACE] EODHD fetchEodhdEodDailyBothCloses {"symbol":"V.US"}
 GET /api/portfolio/workspace 200 in 234ms (next.js: 5ms, application-code: 229ms)
[FINSEPA_PROVIDER_TRACE] EODHD fetchEodhdEodDailyBothCloses {"symbol":"AAPL.US"}
 POST /api/portfolio/stock-splits 200 in 1008ms (next.js: 4ms, application-code: 1005ms)
 POST /api/portfolio/stock-splits 200 in 875ms (next.js: 1302µs, application-code: 874ms)
 GET /api/market/us-cache-epoch 200 in 4ms (next.js: 1524µs, application-code: 3ms)
 GET /api/search/recent 200 in 93ms (next.js: 1503µs, application-code: 92ms)
 GET /api/superinvestor-follows 200 in 74ms (next.js: 1229µs, application-code: 73ms)
 GET /api/watchlist 200 in 134ms (next.js: 1101µs, application-code: 133ms)
 POST /api/portfolio/stock-splits 200 in 1297ms (next.js: 1773µs, application-code: 1295ms)
 GET /api/search/recent 200 in 80ms (next.js: 1150µs, application-code: 79ms)
 GET /api/watchlist 200 in 134ms (next.js: 1426µs, application-code: 133ms)
[portfolio/workspace PUT] ledger warnings {
  userId: '52373158-0eff-48de-80ba-f9206ee0e52a',
  warnings: [
    {
      code: 'SELL_WITHOUT_POSITION',
      portfolioId: '6667854d-3cea-49f6-9aac-8a7340c82cb8',
      transactionId: '484eefe6-d749-45bf-9f2d-4a9006a26b62',
      message: 'Sell of AAL with no open position.',
      legacy: true
    },
    {
      code: 'SELL_WITHOUT_POSITION',
      portfolioId: '6667854d-3cea-49f6-9aac-8a7340c82cb8',
      transactionId: '6d6780cf-80b2-4b0d-a3ef-a5b13da610d6',
      message: 'Sell of WISH with no open position.',
      legacy: true
    },
    {
      code: 'SELL_WITHOUT_POSITION',
      portfolioId: '6667854d-3cea-49f6-9aac-8a7340c82cb8',
      transactionId: 'b3c3668a-1730-4300-bd49-255067fbb9c4',
      message: 'Sell of NNOX with no open position.',
      legacy: true
    },
    {
      code: 'SELL_EXCEEDS_AVAILABLE_SHARES',
      portfolioId: '6667854d-3cea-49f6-9aac-8a7340c82cb8',
      transactionId: '4120dc1a-c777-45f4-b033-802dda8bf9e1',
      message: 'Sell 2.195119 PEP exceeds available 2.',
      legacy: true
    }
  ],
  migrateReport: {
    sequenceReports: {
      '6667854d-3cea-49f6-9aac-8a7340c82cb8': [Object],
      '27085251-e3e2-4829-81ee-14004843637d': [Object],
      '6e1c8d68-72f3-4160-9874-6473edd2f7eb': [Object],
      'd972d6f7-1f89-492b-81cf-aaf5fba709f5': [Object],
      '1c9764f9-9feb-462d-8cbe-a61ade8b293c': [Object],
      'a8524493-d06d-4997-9949-ab2bb8e7258b': [Object],
      'e1d517c3-21d5-45d0-8125-fbbb5dbd23f4': [Object]
    },
    legacyTaggedByPortfolio: {},
    changed: false
  }
}
 POST /api/portfolio/stock-splits 200 in 1248ms (next.js: 1330µs, application-code: 1247ms)
 GET /api/watchlist 200 in 127ms (next.js: 1096µs, application-code: 125ms)
 GET /api/watchlist 200 in 130ms (next.js: 1137µs, application-code: 128ms)
 PUT /api/portfolio/workspace 200 in 372ms (next.js: 3ms, application-code: 369ms)
[FINSEPA_PROVIDER_TRACE] EODHD fetchEodhdRealtimeSymbolsRaw {"symbolsInRequest":7}
[portfolio/workspace PUT] ledger warnings {
  userId: '52373158-0eff-48de-80ba-f9206ee0e52a',
  warnings: [
    {
      code: 'SELL_WITHOUT_POSITION',
      portfolioId: '6667854d-3cea-49f6-9aac-8a7340c82cb8',
      transactionId: '484eefe6-d749-45bf-9f2d-4a9006a26b62',
      message: 'Sell of AAL with no open position.',
      legacy: true
    },
    {
      code: 'SELL_WITHOUT_POSITION',
      portfolioId: '6667854d-3cea-49f6-9aac-8a7340c82cb8',
      transactionId: '6d6780cf-80b2-4b0d-a3ef-a5b13da610d6',
      message: 'Sell of WISH with no open position.',
      legacy: true
    },
    {
      code: 'SELL_WITHOUT_POSITION',
      portfolioId: '6667854d-3cea-49f6-9aac-8a7340c82cb8',
      transactionId: 'b3c3668a-1730-4300-bd49-255067fbb9c4',
      message: 'Sell of NNOX with no open position.',
      legacy: true
    },
    {
      code: 'SELL_EXCEEDS_AVAILABLE_SHARES',
      portfolioId: '6667854d-3cea-49f6-9aac-8a7340c82cb8',
      transactionId: '4120dc1a-c777-45f4-b033-802dda8bf9e1',
      message: 'Sell 2.195119 PEP exceeds available 2.',
      legacy: true
    }
  ],
  migrateReport: {
    sequenceReports: {
      '6667854d-3cea-49f6-9aac-8a7340c82cb8': [Object],
      '27085251-e3e2-4829-81ee-14004843637d': [Object],
      '6e1c8d68-72f3-4160-9874-6473edd2f7eb': [Object],
      'd972d6f7-1f89-492b-81cf-aaf5fba709f5': [Object],
      '1c9764f9-9feb-462d-8cbe-a61ade8b293c': [Object],
      'a8524493-d06d-4997-9949-ab2bb8e7258b': [Object],
      'e1d517c3-21d5-45d0-8125-fbbb5dbd23f4': [Object]
    },
    legacyTaggedByPortfolio: {},
    changed: false
  }
}
 PUT /api/portfolio/workspace 200 in 278ms (next.js: 1250µs, application-code: 276ms)
[portfolio/workspace PUT] ledger warnings {
  userId: '52373158-0eff-48de-80ba-f9206ee0e52a',
  warnings: [
    {
      code: 'SELL_WITHOUT_POSITION',
      portfolioId: '6667854d-3cea-49f6-9aac-8a7340c82cb8',
      transactionId: '484eefe6-d749-45bf-9f2d-4a9006a26b62',
      message: 'Sell of AAL with no open position.',
      legacy: true
    },
    {
      code: 'SELL_WITHOUT_POSITION',
      portfolioId: '6667854d-3cea-49f6-9aac-8a7340c82cb8',
      transactionId: '6d6780cf-80b2-4b0d-a3ef-a5b13da610d6',
      message: 'Sell of WISH with no open position.',
      legacy: true
    },
    {
      code: 'SELL_WITHOUT_POSITION',
      portfolioId: '6667854d-3cea-49f6-9aac-8a7340c82cb8',
      transactionId: 'b3c3668a-1730-4300-bd49-255067fbb9c4',
      message: 'Sell of NNOX with no open position.',
      legacy: true
    },
    {
      code: 'SELL_EXCEEDS_AVAILABLE_SHARES',
      portfolioId: '6667854d-3cea-49f6-9aac-8a7340c82cb8',
      transactionId: '4120dc1a-c777-45f4-b033-802dda8bf9e1',
      message: 'Sell 2.195119 PEP exceeds available 2.',
      legacy: true
    }
  ],
  migrateReport: {
    sequenceReports: {
      '6667854d-3cea-49f6-9aac-8a7340c82cb8': [Object],
      '27085251-e3e2-4829-81ee-14004843637d': [Object],
      '6e1c8d68-72f3-4160-9874-6473edd2f7eb': [Object],
      'd972d6f7-1f89-492b-81cf-aaf5fba709f5': [Object],
      '1c9764f9-9feb-462d-8cbe-a61ade8b293c': [Object],
      'a8524493-d06d-4997-9949-ab2bb8e7258b': [Object],
      'e1d517c3-21d5-45d0-8125-fbbb5dbd23f4': [Object]
    },
    legacyTaggedByPortfolio: {},
    changed: false
  }
}
 PUT /api/portfolio/workspace 200 in 296ms (next.js: 1422µs, application-code: 295ms)
 GET /__bench_bench-20260908-125010_12_holding_end__ 404 in 34ms (next.js: 3ms, application-code: 31ms)
 GET /__bench_bench-20260908-125010_13_return_portfolio_start__ 404 in 21ms (next.js: 1603µs, application-code: 20ms)
[FINSEPA_PROVIDER_TRACE] EODHD fetchEodhdCryptoDailyBars {"symbol":"BTC-USD.CC"}
[FINSEPA_PROVIDER_TRACE] EODHD fetchEodhdCryptoDailyBars {"symbol":"ETH-USD.CC"}
[FINSEPA_PROVIDER_TRACE] EODHD fetchEodhdCryptoDailyBars {"symbol":"BTC-USD.CC"}
[FINSEPA_PROVIDER_TRACE] EODHD fetchEodhdCryptoDailyBars {"symbol":"ETH-USD.CC"}
[FINSEPA_PROVIDER_TRACE] EODHD fetchEodhdCryptoDailyBars {"symbol":"SOL-USD.CC"}
[FINSEPA_PROVIDER_TRACE] EODHD fetchEodhdCryptoDailyBars {"symbol":"BTC-USD.CC"}
[FINSEPA_PROVIDER_TRACE] EODHD fetchEodhdCryptoDailyBars {"symbol":"ETH-USD.CC"}
[FINSEPA_PROVIDER_TRACE] EODHD fetchEodhdCryptoDailyBars {"symbol":"SOL-USD.CC"}
[FINSEPA_PROVIDER_TRACE] EODHD fetchEodhdCryptoDailyBars {"symbol":"BTC-USD.CC"}
[FINSEPA_PROVIDER_TRACE] EODHD fetchEodhdCryptoDailyBars {"symbol":"ETH-USD.CC"}
[FINSEPA_PROVIDER_TRACE] EODHD fetchEodhdCryptoDailyBars {"symbol":"BTC-USD.CC"}
[FINSEPA_PROVIDER_TRACE] EODHD fetchEodhdCryptoDailyBars {"symbol":"ETH-USD.CC"}
[FINSEPA_PROVIDER_TRACE] EODHD fetchEodhdCryptoDailyBars {"symbol":"SOL-USD.CC"}
[FINSEPA_PROVIDER_TRACE] EODHD fetchEodhdCryptoDailyBars {"symbol":"BTC-USD.CC"}
[FINSEPA_PROVIDER_TRACE] EODHD fetchEodhdCryptoDailyBars {"symbol":"ETH-USD.CC"}
[FINSEPA_PROVIDER_TRACE] EODHD fetchEodhdCryptoDailyBars {"symbol":"SOL-USD.CC"}
 POST /api/portfolio/live-quotes 200 in 4.5s (next.js: 1005µs, application-code: 4.5s)
 POST /api/portfolio/live-quotes 200 in 3.2s (next.js: 1273µs, application-code: 3.2s)
 POST /api/portfolio/live-quotes 200 in 3.3s (next.js: 2ms, application-code: 3.3s)
 POST /api/portfolio/live-quotes 200 in 4.7s (next.js: 1892µs, application-code: 4.7s)
[FINSEPA_PROVIDER_TRACE] EODHD fetchEodhdEodDaily {"symbol":"AMZN.US","closeMode":"adjusted"}
[FINSEPA_PROVIDER_TRACE] EODHD fetchEodhdEodDaily {"symbol":"EL.US","closeMode":"adjusted"}
[FINSEPA_PROVIDER_TRACE] EODHD fetchEodhdEodDaily {"symbol":"GOOGL.US","closeMode":"adjusted"}
[FINSEPA_PROVIDER_TRACE] EODHD fetchEodhdEodDaily {"symbol":"META.US","closeMode":"adjusted"}
[FINSEPA_PROVIDER_TRACE] EODHD fetchEodhdEodDaily {"symbol":"NFLX.US","closeMode":"adjusted"}
[FINSEPA_PROVIDER_TRACE] EODHD fetchEodhdEodDaily {"symbol":"PYPL.US","closeMode":"adjusted"}
[FINSEPA_PROVIDER_TRACE] EODHD fetchEodhdEodDaily {"symbol":"ADBE.US","closeMode":"adjusted"}
[FINSEPA_PROVIDER_TRACE] EODHD fetchEodhdEodDaily {"symbol":"V.US","closeMode":"adjusted"}
[FINSEPA_PROVIDER_TRACE] EODHD fetchEodhdEodDaily {"symbol":"NKE.US","closeMode":"adjusted"}
[FINSEPA_PROVIDER_TRACE] EODHD fetchEodhdEodDaily {"symbol":"DPZ.US","closeMode":"adjusted"}
[FINSEPA_PROVIDER_TRACE] EODHD fetchEodhdEodDaily {"symbol":"SBUX.US","closeMode":"adjusted"}
[FINSEPA_PROVIDER_TRACE] EODHD fetchEodhdEodDaily {"symbol":"PEP.US","closeMode":"adjusted"}
[FINSEPA_PROVIDER_TRACE] EODHD fetchEodhdEodDaily {"symbol":"VZ.US","closeMode":"adjusted"}
[FINSEPA_PROVIDER_TRACE] EODHD fetchEodhdEodDaily {"symbol":"DIS.US","closeMode":"adjusted"}
[FINSEPA_PROVIDER_TRACE] EODHD fetchEodhdEodDaily {"symbol":"WBD.US","closeMode":"adjusted"}
[FINSEPA_PROVIDER_TRACE] EODHD fetchEodhdEodDaily {"symbol":"MSFT.US","closeMode":"adjusted"}
[FINSEPA_PROVIDER_TRACE] EODHD fetchEodhdEodDaily {"symbol":"MCO.US","closeMode":"adjusted"}
[FINSEPA_PROVIDER_TRACE] EODHD fetchEodhdEodDaily {"symbol":"AAPL.US","closeMode":"adjusted"}
[FINSEPA_PROVIDER_TRACE] EODHD fetchEodhdEodDaily {"symbol":"RACE.US","closeMode":"adjusted"}
[FINSEPA_PROVIDER_TRACE] EODHD fetchEodhdEodDaily {"symbol":"AAL.US","closeMode":"adjusted"}
[FINSEPA_PROVIDER_TRACE] EODHD fetchEodhdEodDaily {"symbol":"WISH.US","closeMode":"adjusted"}
[FINSEPA_PROVIDER_TRACE] EODHD fetchEodhdEodDaily {"symbol":"NNOX.US","closeMode":"adjusted"}
[FINSEPA_PROVIDER_TRACE] EODHD fetchEodhdEodDaily {"symbol":"SPY.US","closeMode":"adjusted"}
[FINSEPA_PROVIDER_TRACE] EODHD fetchEodhdRealtimeSymbolsRaw {"symbolsInRequest":14}
 GET /api/stocks/NKE/header-meta 200 in 21ms (next.js: 1014µs, application-code: 20ms)
 GET /api/stocks/ADBE/header-meta 200 in 33ms (next.js: 4ms, application-code: 29ms)
 GET /api/stocks/EL/header-meta 200 in 33ms (next.js: 8ms, application-code: 25ms)
[FINSEPA_PROVIDER_TRACE] EODHD fetchEodhdEodDaily {"symbol":"META.US","closeMode":"adjusted"}
[FINSEPA_PROVIDER_TRACE] EODHD fetchEodhdEodDaily {"symbol":"NFLX.US","closeMode":"adjusted"}
[FINSEPA_PROVIDER_TRACE] EODHD fetchEodhdEodDaily {"symbol":"V.US","closeMode":"adjusted"}
[FINSEPA_PROVIDER_TRACE] EODHD fetchEodhdEodDaily {"symbol":"AAPL.US","closeMode":"adjusted"}
[FINSEPA_PROVIDER_TRACE] EODHD fetchEodhdIntraday {"symbol":"AMZN.US"}
[FINSEPA_PROVIDER_TRACE] EODHD fetchEodhdIntraday {"symbol":"EL.US"}
[FINSEPA_PROVIDER_TRACE] EODHD fetchEodhdIntraday {"symbol":"GOOGL.US"}
[FINSEPA_PROVIDER_TRACE] EODHD fetchEodhdIntraday {"symbol":"META.US"}
[FINSEPA_PROVIDER_TRACE] EODHD fetchEodhdIntraday {"symbol":"NFLX.US"}
[FINSEPA_PROVIDER_TRACE] EODHD fetchEodhdIntraday {"symbol":"PYPL.US"}
[FINSEPA_PROVIDER_TRACE] EODHD fetchEodhdIntraday {"symbol":"ADBE.US"}
[FINSEPA_PROVIDER_TRACE] EODHD fetchEodhdIntraday {"symbol":"V.US"}
[FINSEPA_PROVIDER_TRACE] EODHD fetchEodhdIntraday {"symbol":"NKE.US"}
[FINSEPA_PROVIDER_TRACE] EODHD fetchEodhdIntraday {"symbol":"DPZ.US"}
[FINSEPA_PROVIDER_TRACE] EODHD fetchEodhdIntraday {"symbol":"SBUX.US"}
[FINSEPA_PROVIDER_TRACE] EODHD fetchEodhdIntraday {"symbol":"PEP.US"}
[FINSEPA_PROVIDER_TRACE] EODHD fetchEodhdIntraday {"symbol":"VZ.US"}
[FINSEPA_PROVIDER_TRACE] EODHD fetchEodhdIntraday {"symbol":"DIS.US"}
[FINSEPA_PROVIDER_TRACE] EODHD fetchEodhdIntraday {"symbol":"WBD.US"}
[FINSEPA_PROVIDER_TRACE] EODHD fetchEodhdIntraday {"symbol":"MSFT.US"}
[FINSEPA_PROVIDER_TRACE] EODHD fetchEodhdIntraday {"symbol":"MCO.US"}
[FINSEPA_PROVIDER_TRACE] EODHD fetchEodhdIntraday {"symbol":"AAPL.US"}
[FINSEPA_PROVIDER_TRACE] EODHD fetchEodhdIntraday {"symbol":"RACE.US"}
[FINSEPA_PROVIDER_TRACE] EODHD fetchEodhdIntraday {"symbol":"AAL.US"}
[FINSEPA_PROVIDER_TRACE] EODHD fetchEodhdIntraday {"symbol":"WISH.US"}
[FINSEPA_PROVIDER_TRACE] EODHD fetchEodhdIntraday {"symbol":"NNOX.US"}
[portfolio/workspace PUT] ledger warnings {
  userId: '52373158-0eff-48de-80ba-f9206ee0e52a',
  warnings: [
    {
      code: 'SELL_WITHOUT_POSITION',
      portfolioId: '6667854d-3cea-49f6-9aac-8a7340c82cb8',
      transactionId: '484eefe6-d749-45bf-9f2d-4a9006a26b62',
      message: 'Sell of AAL with no open position.',
      legacy: true
    },
    {
      code: 'SELL_WITHOUT_POSITION',
      portfolioId: '6667854d-3cea-49f6-9aac-8a7340c82cb8',
      transactionId: '6d6780cf-80b2-4b0d-a3ef-a5b13da610d6',
      message: 'Sell of WISH with no open position.',
      legacy: true
    },
    {
      code: 'SELL_WITHOUT_POSITION',
      portfolioId: '6667854d-3cea-49f6-9aac-8a7340c82cb8',
      transactionId: 'b3c3668a-1730-4300-bd49-255067fbb9c4',
      message: 'Sell of NNOX with no open position.',
      legacy: true
    },
    {
      code: 'SELL_EXCEEDS_AVAILABLE_SHARES',
      portfolioId: '6667854d-3cea-49f6-9aac-8a7340c82cb8',
      transactionId: '4120dc1a-c777-45f4-b033-802dda8bf9e1',
      message: 'Sell 2.195119 PEP exceeds available 2.',
      legacy: true
    }
  ],
  migrateReport: {
    sequenceReports: {
      '6667854d-3cea-49f6-9aac-8a7340c82cb8': [Object],
      '27085251-e3e2-4829-81ee-14004843637d': [Object],
      '6e1c8d68-72f3-4160-9874-6473edd2f7eb': [Object],
      'd972d6f7-1f89-492b-81cf-aaf5fba709f5': [Object],
      '1c9764f9-9feb-462d-8cbe-a61ade8b293c': [Object],
      'a8524493-d06d-4997-9949-ab2bb8e7258b': [Object],
      'e1d517c3-21d5-45d0-8125-fbbb5dbd23f4': [Object]
    },
    legacyTaggedByPortfolio: {},
    changed: false
  }
}
[FINSEPA_PROVIDER_TRACE] EODHD fetchEodhdEodDaily {"symbol":"WISH.US","closeMode":"adjusted"}
 PUT /api/portfolio/workspace 200 in 297ms (next.js: 1210µs, application-code: 296ms)
[eodhd intraday] empty { sym: 'WISH.US', interval: '1h' }
 POST /api/portfolio/benchmark-compare 200 in 974ms (next.js: 3ms, application-code: 971ms)
 POST /api/portfolio/benchmark-compare 200 in 984ms (next.js: 1557µs, application-code: 983ms)
[eodhd intraday] raw provider row sample {
  sym: 'DPZ.US',
  interval: '1h',
  rowCount: 2035,
  firstRow: {
    timestamp: 1756128600,
    gmtoffset: 0,
    datetime: '2025-08-25 13:30:00',
    open: 450.600006,
    high: 459.850006,
    low: 450.600006,
    close: 459.48001,
    volume: 157927
  }
}
[eodhd intraday] raw provider row sample {
  sym: 'EL.US',
  interval: '1h',
  rowCount: 2035,
  firstRow: {
    timestamp: 1756128600,
    gmtoffset: 0,
    datetime: '2025-08-25 13:30:00',
    open: 90.529998,
    high: 91.099998,
    low: 88.400001,
    close: 88.460601,
    volume: 690037
  }
}
[eodhd intraday] raw provider row sample {
  sym: 'PEP.US',
  interval: '1h',
  rowCount: 2035,
  firstRow: {
    timestamp: 1756128600,
    gmtoffset: 0,
    datetime: '2025-08-25 13:30:00',
    open: 148.289993,
    high: 148.800003,
    low: 147.580001,
    close: 148.134994,
    volume: 1052751
  }
}
[eodhd intraday] raw provider row sample {
  sym: 'SBUX.US',
  interval: '1h',
  rowCount: 2035,
  firstRow: {
    timestamp: 1756128600,
    gmtoffset: 0,
    datetime: '2025-08-25 13:30:00',
    open: 88.230003,
    high: 88.316299,
    low: 86.410003,
    close: 87.150001,
    volume: 2776950
  }
}
[eodhd intraday] raw provider row sample {
  sym: 'PYPL.US',
  interval: '1h',
  rowCount: 2035,
  firstRow: {
    timestamp: 1756128600,
    gmtoffset: 0,
    datetime: '2025-08-25 13:30:00',
    open: 69.669998,
    high: 69.669998,
    low: 69.04,
    close: 69.339996,
    volume: 1674830
  }
}
[eodhd intraday] raw provider row sample {
  sym: 'V.US',
  interval: '1h',
  rowCount: 2035,
  firstRow: {
    timestamp: 1756128600,
    gmtoffset: 0,
    datetime: '2025-08-25 13:30:00',
    open: 349.609985,
    high: 350,
    low: 347.50241,
    close: 348.290008,
    volume: 700178
  }
}
[eodhd intraday] raw provider row sample {
  sym: 'AMZN.US',
  interval: '1h',
  rowCount: 2035,
  firstRow: {
    timestamp: 1756128600,
    gmtoffset: 0,
    datetime: '2025-08-25 13:30:00',
    open: 227.350006,
    high: 229.130004,
    low: 227.350006,
    close: 228.520004,
    volume: 5380805
  }
}
[eodhd intraday] raw provider row sample {
  sym: 'GOOGL.US',
  interval: '1h',
  rowCount: 2036,
  firstRow: {
    timestamp: 1756128600,
    gmtoffset: 0,
    datetime: '2025-08-25 13:30:00',
    open: 206.429992,
    high: 208.61,
    low: 205.283004,
    close: 208.440002,
    volume: 7333767
  }
}
[eodhd intraday] raw provider row sample {
  sym: 'NFLX.US',
  interval: '1h',
  rowCount: 2035,
  firstRow: {
    timestamp: 1756128600,
    gmtoffset: 0,
    datetime: '2025-08-25 13:30:00',
    open: 1201.400024,
    high: 1233.800048,
    low: 1199,
    close: 1229.890014,
    volume: 1106344
  }
}
[eodhd intraday] raw provider row sample {
  sym: 'WBD.US',
  interval: '1h',
  rowCount: 2035,
  firstRow: {
    timestamp: 1756128600,
    gmtoffset: 0,
    datetime: '2025-08-25 13:30:00',
    open: 12,
    high: 12.020999,
    low: 11.88,
    close: 11.946399,
    volume: 4343119
  }
}
[eodhd intraday] raw provider row sample {
  sym: 'NKE.US',
  interval: '1h',
  rowCount: 2034,
  firstRow: {
    timestamp: 1756128600,
    gmtoffset: 0,
    datetime: '2025-08-25 13:30:00',
    open: 78.470001,
    high: 79.769996,
    low: 78.389999,
    close: 79.415,
    volume: 2865069
  }
}
[eodhd intraday] raw provider row sample {
  sym: 'META.US',
  interval: '1h',
  rowCount: 2036,
  firstRow: {
    timestamp: 1756128600,
    gmtoffset: 0,
    datetime: '2025-08-25 13:30:00',
    open: 754.820007,
    high: 758.880004,
    low: 750.130004,
    close: 753.664978,
    volume: 1604098
  }
}
[eodhd intraday] raw provider row sample {
  sym: 'DIS.US',
  interval: '1h',
  rowCount: 2034,
  firstRow: {
    timestamp: 1756128600,
    gmtoffset: 0,
    datetime: '2025-08-25 13:30:00',
    open: 118.629997,
    high: 118.730003,
    low: 117.970001,
    close: 118.614997,
    volume: 1144051
  }
}
[eodhd intraday] raw provider row sample {
  sym: 'VZ.US',
  interval: '1h',
  rowCount: 2035,
  firstRow: {
    timestamp: 1756128600,
    gmtoffset: 0,
    datetime: '2025-08-25 13:30:00',
    open: 44.439998,
    high: 44.479999,
    low: 43.990001,
    close: 44.014999,
    volume: 4031058
  }
}
[eodhd intraday] raw provider row sample {
  sym: 'AAPL.US',
  interval: '1h',
  rowCount: 2035,
  firstRow: {
    timestamp: 1756128600,
    gmtoffset: 0,
    datetime: '2025-08-25 13:30:00',
    open: 226.404998,
    high: 229.119995,
    low: 226.240005,
    close: 228.809997,
    volume: 8000835
  }
}
[eodhd intraday] raw provider row sample {
  sym: 'RACE.US',
  interval: '1h',
  rowCount: 2034,
  firstRow: {
    timestamp: 1756128600,
    gmtoffset: 0,
    datetime: '2025-08-25 13:30:00',
    open: 471.220001,
    high: 473.065002,
    low: 470.799987,
    close: 471.809997,
    volume: 38980
  }
}
[FINSEPA_PROVIDER_TRACE] EODHD fetchEodhdCryptoDailyBars {"symbol":"BTC-USD.CC"}
[FINSEPA_PROVIDER_TRACE] EODHD fetchEodhdCryptoDailyBars {"symbol":"ETH-USD.CC"}
[FINSEPA_PROVIDER_TRACE] EODHD fetchEodhdCryptoDailyBars {"symbol":"BTC-USD.CC"}
[FINSEPA_PROVIDER_TRACE] EODHD fetchEodhdCryptoDailyBars {"symbol":"ETH-USD.CC"}
[eodhd intraday] raw provider row sample {
  sym: 'MSFT.US',
  interval: '1h',
  rowCount: 2036,
  firstRow: {
    timestamp: 1756128600,
    gmtoffset: 0,
    datetime: '2025-08-25 13:30:00',
    open: 506.630004,
    high: 508.179901,
    low: 504.589996,
    close: 507.209991,
    volume: 4359778
  }
}
[eodhd intraday] raw provider row sample {
  sym: 'NNOX.US',
  interval: '1h',
  rowCount: 2035,
  firstRow: {
    timestamp: 1756128600,
    gmtoffset: 0,
    datetime: '2025-08-25 13:30:00',
    open: 4.039999,
    high: 4.059999,
    low: 3.974999,
    close: 4.019999,
    volume: 212750
  }
}
[eodhd intraday] raw provider row sample {
  sym: 'MCO.US',
  interval: '1h',
  rowCount: 2035,
  firstRow: {
    timestamp: 1756128600,
    gmtoffset: 0,
    datetime: '2025-08-25 13:30:00',
    open: 516.109985,
    high: 517.369995,
    low: 511.950012,
    close: 512.570007,
    volume: 43452
  }
}
[eodhd intraday] raw provider row sample {
  sym: 'AAL.US',
  interval: '1h',
  rowCount: 2035,
  firstRow: {
    timestamp: 1756128600,
    gmtoffset: 0,
    datetime: '2025-08-25 13:30:00',
    open: 13.265,
    high: 13.319899,
    low: 13.13,
    close: 13.1801,
    volume: 12501145
  }
}
[eodhd intraday] raw provider row sample {
  sym: 'ADBE.US',
  interval: '1h',
  rowCount: 2035,
  firstRow: {
    timestamp: 1756128600,
    gmtoffset: 0,
    datetime: '2025-08-25 13:30:00',
    open: 362.459991,
    high: 364.649993,
    low: 361.399993,
    close: 363.170013,
    volume: 523192
  }
}
 POST /api/portfolio/value-history 200 in 1791ms (next.js: 1536µs, application-code: 1789ms)
 POST /api/portfolio/live-quotes 200 in 2.6s (next.js: 1512µs, application-code: 2.6s)
 POST /api/portfolio/live-quotes 200 in 1966ms (next.js: 1149µs, application-code: 1965ms)
 PUT /api/portfolios/listings 200 in 128ms (next.js: 3ms, application-code: 125ms)
 PUT /api/portfolios/listings 200 in 147ms (next.js: 1608µs, application-code: 145ms)
[FINSEPA_PROVIDER_TRACE] EODHD fetchEodhdScreenerUncached {"offset":0,"limit":100}
[FINSEPA_PROVIDER_TRACE] EODHD fetchEodhdScreenerUncached {"offset":100,"limit":100}
[FINSEPA_PROVIDER_TRACE] EODHD fetchEodhdScreenerUncached {"offset":200,"limit":100}
[FINSEPA_PROVIDER_TRACE] EODHD fetchEodhdScreenerUncached {"offset":300,"limit":100}
[FINSEPA_PROVIDER_TRACE] EODHD fetchEodhdScreenerUncached {"offset":400,"limit":100}
[FINSEPA_PROVIDER_TRACE] EODHD fetchEodhdRealtimeSymbolsRaw {"symbolsInRequest":10}
[FINSEPA_PROVIDER_TRACE] EODHD fetchEodhdEodDailyBothCloses {"symbol":"AAL.US"}
[FINSEPA_PROVIDER_TRACE] EODHD fetchEodhdEodDailyBothCloses {"symbol":"AAPL.US"}
[FINSEPA_PROVIDER_TRACE] EODHD fetchEodhdEodDailyBothCloses {"symbol":"ADBE.US"}
[FINSEPA_PROVIDER_TRACE] EODHD fetchEodhdEodDailyBothCloses {"symbol":"AMZN.US"}
[FINSEPA_PROVIDER_TRACE] EODHD fetchEodhdEodDailyBothCloses {"symbol":"DIS.US"}
[FINSEPA_PROVIDER_TRACE] EODHD fetchEodhdEodDailyBothCloses {"symbol":"DPZ.US"}
[FINSEPA_PROVIDER_TRACE] EODHD fetchEodhdEodDailyBothCloses {"symbol":"EL.US"}
[FINSEPA_PROVIDER_TRACE] EODHD fetchEodhdEodDailyBothCloses {"symbol":"GOOGL.US"}
[FINSEPA_PROVIDER_TRACE] EODHD fetchEodhdEodDailyBothCloses {"symbol":"MCO.US"}
[FINSEPA_PROVIDER_TRACE] EODHD fetchEodhdEodDailyBothCloses {"symbol":"META.US"}
[FINSEPA_PROVIDER_TRACE] EODHD fetchEodhdEodDailyBothCloses {"symbol":"MSFT.US"}
[FINSEPA_PROVIDER_TRACE] EODHD fetchEodhdEodDailyBothCloses {"symbol":"NFLX.US"}
[FINSEPA_PROVIDER_TRACE] EODHD fetchEodhdEodDailyBothCloses {"symbol":"NKE.US"}
[FINSEPA_PROVIDER_TRACE] EODHD fetchEodhdEodDailyBothCloses {"symbol":"NNOX.US"}
[FINSEPA_PROVIDER_TRACE] EODHD fetchEodhdEodDailyBothCloses {"symbol":"PEP.US"}
[FINSEPA_PROVIDER_TRACE] EODHD fetchEodhdEodDailyBothCloses {"symbol":"PYPL.US"}
[FINSEPA_PROVIDER_TRACE] EODHD fetchEodhdEodDailyBothCloses {"symbol":"RACE.US"}
[FINSEPA_PROVIDER_TRACE] EODHD fetchEodhdEodDailyBothCloses {"symbol":"SBUX.US"}
[FINSEPA_PROVIDER_TRACE] EODHD fetchEodhdEodDailyBothCloses {"symbol":"V.US"}
[FINSEPA_PROVIDER_TRACE] EODHD fetchEodhdEodDailyBothCloses {"symbol":"VZ.US"}
[FINSEPA_PROVIDER_TRACE] EODHD fetchEodhdEodDailyBothCloses {"symbol":"WBD.US"}
[FINSEPA_PROVIDER_TRACE] EODHD fetchEodhdEodDailyBothCloses {"symbol":"WISH.US"}
 GET /api/notifications?count=1 200 in 95ms (next.js: 3ms, application-code: 92ms)
[FINSEPA_PROVIDER_TRACE] EODHD fetchEodhdEodDailyBothCloses {"symbol":"AAPL.US"}
[FINSEPA_PROVIDER_TRACE] EODHD fetchEodhdEodDailyBothCloses {"symbol":"ADBE.US"}
[FINSEPA_PROVIDER_TRACE] EODHD fetchEodhdEodDailyBothCloses {"symbol":"AMZN.US"}
[FINSEPA_PROVIDER_TRACE] EODHD fetchEodhdEodDailyBothCloses {"symbol":"GLXY.US"}
[FINSEPA_PROVIDER_TRACE] EODHD fetchEodhdEodDailyBothCloses {"symbol":"GOOGL.US"}
[FINSEPA_PROVIDER_TRACE] EODHD fetchEodhdEodDailyBothCloses {"symbol":"HOOD.US"}
[FINSEPA_PROVIDER_TRACE] EODHD fetchEodhdEodDailyBothCloses {"symbol":"IDXX.US"}
[FINSEPA_PROVIDER_TRACE] EODHD fetchEodhdEodDailyBothCloses {"symbol":"MAR.US"}
[FINSEPA_PROVIDER_TRACE] EODHD fetchEodhdEodDailyBothCloses {"symbol":"META.US"}
[FINSEPA_PROVIDER_TRACE] EODHD fetchEodhdEodDailyBothCloses {"symbol":"NFLX.US"}
[FINSEPA_PROVIDER_TRACE] EODHD fetchEodhdEodDailyBothCloses {"symbol":"PYPL.US"}
[FINSEPA_PROVIDER_TRACE] EODHD fetchEodhdEodDailyBothCloses {"symbol":"RACE.US"}
[FINSEPA_PROVIDER_TRACE] EODHD fetchEodhdEodDailyBothCloses {"symbol":"SPGI.US"}
[FINSEPA_PROVIDER_TRACE] EODHD fetchEodhdEodDailyBothCloses {"symbol":"SPOT.US"}
[FINSEPA_PROVIDER_TRACE] EODHD fetchEodhdEodDailyBothCloses {"symbol":"SYK.US"}
[FINSEPA_PROVIDER_TRACE] EODHD fetchEodhdEodDailyBothCloses {"symbol":"V.US"}
 GET /api/portfolio/workspace 200 in 126ms (next.js: 6ms, application-code: 120ms)
[FINSEPA_PROVIDER_TRACE] EODHD fetchEodhdRealtimeSymbolsRaw {"symbolsInRequest":7}
 GET /api/account/plan 200 in 146ms (next.js: 8ms, application-code: 138ms)
[FINSEPA_PROVIDER_TRACE] EODHD fetchEodhdEodDailyBothCloses {"symbol":"AAPL.US"}
[FINSEPA_PROVIDER_TRACE] EODHD fetchEodhdEodDailyBothCloses {"symbol":"COST.US"}
[FINSEPA_PROVIDER_TRACE] EODHD fetchEodhdEodDailyBothCloses {"symbol":"KO.US"}
[FINSEPA_PROVIDER_TRACE] EODHD fetchEodhdEodDailyBothCloses {"symbol":"META.US"}
[FINSEPA_PROVIDER_TRACE] EODHD fetchEodhdEodDailyBothCloses {"symbol":"NFLX.US"}
[FINSEPA_PROVIDER_TRACE] EODHD fetchEodhdEodDailyBothCloses {"symbol":"QQQ.US"}
[FINSEPA_PROVIDER_TRACE] EODHD fetchEodhdEodDailyBothCloses {"symbol":"SPGI.US"}
[FINSEPA_PROVIDER_TRACE] EODHD fetchEodhdEodDailyBothCloses {"symbol":"TSLA.US"}
[FINSEPA_PROVIDER_TRACE] EODHD fetchEodhdEodDailyBothCloses {"symbol":"UBER.US"}
[FINSEPA_PROVIDER_TRACE] EODHD fetchEodhdEodDailyBothCloses {"symbol":"V.US"}
[FINSEPA_PROVIDER_TRACE] EODHD fetchEodhdScreenerUncached {"offset":500,"limit":100}
[FINSEPA_PROVIDER_TRACE] EODHD fetchEodhdScreenerUncached {"offset":600,"limit":100}
[FINSEPA_PROVIDER_TRACE] EODHD fetchEodhdScreenerUncached {"offset":700,"limit":100}
[FINSEPA_PROVIDER_TRACE] EODHD fetchEodhdScreenerUncached {"offset":800,"limit":100}
[FINSEPA_PROVIDER_TRACE] EODHD fetchEodhdScreenerUncached {"offset":900,"limit":100}
 POST /api/portfolio/stock-splits 200 in 965ms (next.js: 1369µs, application-code: 964ms)
[FINSEPA_PROVIDER_TRACE] EODHD fetchEodhdEodDailyBothCloses {"symbol":"AAPL.US"}
 POST /api/portfolio/stock-splits 200 in 1211ms (next.js: 1456µs, application-code: 1209ms)
 POST /api/portfolio/stock-splits 200 in 1173ms (next.js: 1081µs, application-code: 1172ms)
 GET /api/market/us-cache-epoch 200 in 5ms (next.js: 1507µs, application-code: 3ms)
 GET /api/search/recent 200 in 104ms (next.js: 1301µs, application-code: 103ms)
 GET /api/superinvestor-follows 200 in 87ms (next.js: 1773µs, application-code: 85ms)
 GET /api/watchlist 200 in 161ms (next.js: 1423µs, application-code: 160ms)
 GET /heatmaps?bench=bench-20260908-125010&step=14-heatmaps 200 in 4.2s (next.js: 1699ms, application-code: 2.5s)
 GET /api/watchlist 200 in 538ms (next.js: 1136µs, application-code: 537ms)
 POST /api/portfolio/live-quotes 200 in 674ms (next.js: 947µs, application-code: 673ms)
 POST /api/portfolio/live-quotes 200 in 2.1s (next.js: 2ms, application-code: 2.1s)
[portfolio/workspace PUT] ledger warnings {
  userId: '52373158-0eff-48de-80ba-f9206ee0e52a',
  warnings: [
    {
      code: 'SELL_WITHOUT_POSITION',
      portfolioId: '6667854d-3cea-49f6-9aac-8a7340c82cb8',
      transactionId: '484eefe6-d749-45bf-9f2d-4a9006a26b62',
      message: 'Sell of AAL with no open position.',
      legacy: true
    },
    {
      code: 'SELL_WITHOUT_POSITION',
      portfolioId: '6667854d-3cea-49f6-9aac-8a7340c82cb8',
      transactionId: '6d6780cf-80b2-4b0d-a3ef-a5b13da610d6',
      message: 'Sell of WISH with no open position.',
      legacy: true
    },
    {
      code: 'SELL_WITHOUT_POSITION',
      portfolioId: '6667854d-3cea-49f6-9aac-8a7340c82cb8',
      transactionId: 'b3c3668a-1730-4300-bd49-255067fbb9c4',
      message: 'Sell of NNOX with no open position.',
      legacy: true
    },
    {
      code: 'SELL_EXCEEDS_AVAILABLE_SHARES',
      portfolioId: '6667854d-3cea-49f6-9aac-8a7340c82cb8',
      transactionId: '4120dc1a-c777-45f4-b033-802dda8bf9e1',
      message: 'Sell 2.195119 PEP exceeds available 2.',
      legacy: true
    }
  ],
  migrateReport: {
    sequenceReports: {
      '6667854d-3cea-49f6-9aac-8a7340c82cb8': [Object],
      '27085251-e3e2-4829-81ee-14004843637d': [Object],
      '6e1c8d68-72f3-4160-9874-6473edd2f7eb': [Object],
      'd972d6f7-1f89-492b-81cf-aaf5fba709f5': [Object],
      '1c9764f9-9feb-462d-8cbe-a61ade8b293c': [Object],
      'a8524493-d06d-4997-9949-ab2bb8e7258b': [Object],
      'e1d517c3-21d5-45d0-8125-fbbb5dbd23f4': [Object]
    },
    legacyTaggedByPortfolio: {},
    changed: false
  }
}
[portfolio/workspace PUT] ledger warnings {
  userId: '52373158-0eff-48de-80ba-f9206ee0e52a',
  warnings: [
    {
      code: 'SELL_WITHOUT_POSITION',
      portfolioId: '6667854d-3cea-49f6-9aac-8a7340c82cb8',
      transactionId: '484eefe6-d749-45bf-9f2d-4a9006a26b62',
      message: 'Sell of AAL with no open position.',
      legacy: true
    },
    {
      code: 'SELL_WITHOUT_POSITION',
      portfolioId: '6667854d-3cea-49f6-9aac-8a7340c82cb8',
      transactionId: '6d6780cf-80b2-4b0d-a3ef-a5b13da610d6',
      message: 'Sell of WISH with no open position.',
      legacy: true
    },
    {
      code: 'SELL_WITHOUT_POSITION',
      portfolioId: '6667854d-3cea-49f6-9aac-8a7340c82cb8',
      transactionId: 'b3c3668a-1730-4300-bd49-255067fbb9c4',
      message: 'Sell of NNOX with no open position.',
      legacy: true
    },
    {
      code: 'SELL_EXCEEDS_AVAILABLE_SHARES',
      portfolioId: '6667854d-3cea-49f6-9aac-8a7340c82cb8',
      transactionId: '4120dc1a-c777-45f4-b033-802dda8bf9e1',
      message: 'Sell 2.195119 PEP exceeds available 2.',
      legacy: true
    }
  ],
  migrateReport: {
    sequenceReports: {
      '6667854d-3cea-49f6-9aac-8a7340c82cb8': [Object],
      '27085251-e3e2-4829-81ee-14004843637d': [Object],
      '6e1c8d68-72f3-4160-9874-6473edd2f7eb': [Object],
      'd972d6f7-1f89-492b-81cf-aaf5fba709f5': [Object],
      '1c9764f9-9feb-462d-8cbe-a61ade8b293c': [Object],
      'a8524493-d06d-4997-9949-ab2bb8e7258b': [Object],
      'e1d517c3-21d5-45d0-8125-fbbb5dbd23f4': [Object]
    },
    legacyTaggedByPortfolio: {},
    changed: false
  }
}
 GET /api/watchlist 200 in 135ms (next.js: 1620µs, application-code: 133ms)
 POST /api/portfolio/stock-splits 200 in 1167ms (next.js: 961µs, application-code: 1166ms)
[FINSEPA_PROVIDER_TRACE] EODHD fetchEodhdRealtimeSymbolsRaw {"symbolsInRequest":12}
 PUT /api/portfolio/workspace 200 in 398ms (next.js: 1049µs, application-code: 397ms)
 GET /api/watchlist 200 in 160ms (next.js: 1149µs, application-code: 158ms)
 GET /api/search/recent 200 in 71ms (next.js: 1238µs, application-code: 69ms)
 PUT /api/portfolio/workspace 200 in 422ms (next.js: 1505µs, application-code: 420ms)
 GET /__bench_bench-20260908-125010_13_return_portfolio_end__ 404 in 59ms (next.js: 5ms, application-code: 55ms)
[portfolio/workspace PUT] ledger warnings {
  userId: '52373158-0eff-48de-80ba-f9206ee0e52a',
  warnings: [
    {
      code: 'SELL_WITHOUT_POSITION',
      portfolioId: '6667854d-3cea-49f6-9aac-8a7340c82cb8',
      transactionId: '484eefe6-d749-45bf-9f2d-4a9006a26b62',
      message: 'Sell of AAL with no open position.',
      legacy: true
    },
    {
      code: 'SELL_WITHOUT_POSITION',
      portfolioId: '6667854d-3cea-49f6-9aac-8a7340c82cb8',
      transactionId: '6d6780cf-80b2-4b0d-a3ef-a5b13da610d6',
      message: 'Sell of WISH with no open position.',
      legacy: true
    },
    {
      code: 'SELL_WITHOUT_POSITION',
      portfolioId: '6667854d-3cea-49f6-9aac-8a7340c82cb8',
      transactionId: 'b3c3668a-1730-4300-bd49-255067fbb9c4',
      message: 'Sell of NNOX with no open position.',
      legacy: true
    },
    {
      code: 'SELL_EXCEEDS_AVAILABLE_SHARES',
      portfolioId: '6667854d-3cea-49f6-9aac-8a7340c82cb8',
      transactionId: '4120dc1a-c777-45f4-b033-802dda8bf9e1',
      message: 'Sell 2.195119 PEP exceeds available 2.',
      legacy: true
    }
  ],
  migrateReport: {
    sequenceReports: {
      '6667854d-3cea-49f6-9aac-8a7340c82cb8': [Object],
      '27085251-e3e2-4829-81ee-14004843637d': [Object],
      '6e1c8d68-72f3-4160-9874-6473edd2f7eb': [Object],
      'd972d6f7-1f89-492b-81cf-aaf5fba709f5': [Object],
      '1c9764f9-9feb-462d-8cbe-a61ade8b293c': [Object],
      'a8524493-d06d-4997-9949-ab2bb8e7258b': [Object],
      'e1d517c3-21d5-45d0-8125-fbbb5dbd23f4': [Object]
    },
    legacyTaggedByPortfolio: {},
    changed: false
  }
}
 GET /__bench_bench-20260908-125010_14_hubs_start__ 404 in 27ms (next.js: 3ms, application-code: 23ms)
[FINSEPA_PROVIDER_TRACE] EODHD fetchEodhdCryptoDailyBars {"symbol":"BTC-USD.CC"}
[FINSEPA_PROVIDER_TRACE] EODHD fetchEodhdCryptoDailyBars {"symbol":"ETH-USD.CC"}
[FINSEPA_PROVIDER_TRACE] EODHD fetchEodhdCryptoDailyBars {"symbol":"SOL-USD.CC"}
[FINSEPA_PROVIDER_TRACE] EODHD fetchEodhdCryptoDailyBars {"symbol":"BTC-USD.CC"}
[FINSEPA_PROVIDER_TRACE] EODHD fetchEodhdCryptoDailyBars {"symbol":"ETH-USD.CC"}
[FINSEPA_PROVIDER_TRACE] EODHD fetchEodhdCryptoDailyBars {"symbol":"SOL-USD.CC"}
 PUT /api/portfolio/workspace 200 in 324ms (next.js: 1069µs, application-code: 323ms)
[FINSEPA_PROVIDER_TRACE] EODHD fetchEodhdCryptoDailyBars {"symbol":"BTC-USD.CC"}
[FINSEPA_PROVIDER_TRACE] EODHD fetchEodhdCryptoDailyBars {"symbol":"ETH-USD.CC"}
[FINSEPA_PROVIDER_TRACE] EODHD fetchEodhdCryptoDailyBars {"symbol":"BTC-USD.CC"}
[FINSEPA_PROVIDER_TRACE] EODHD fetchEodhdCryptoDailyBars {"symbol":"ETH-USD.CC"}
 POST /api/portfolio/live-quotes 200 in 3.8s (next.js: 973µs, application-code: 3.8s)
 POST /api/portfolio/live-quotes 200 in 1917ms (next.js: 1513µs, application-code: 1915ms)
[FINSEPA_PROVIDER_TRACE] EODHD fetchEodhdRealtimeSymbolsRaw {"symbolsInRequest":14}
[portfolio/workspace PUT] ledger warnings {
  userId: '52373158-0eff-48de-80ba-f9206ee0e52a',
  warnings: [
    {
      code: 'SELL_WITHOUT_POSITION',
      portfolioId: '6667854d-3cea-49f6-9aac-8a7340c82cb8',
      transactionId: '484eefe6-d749-45bf-9f2d-4a9006a26b62',
      message: 'Sell of AAL with no open position.',
      legacy: true
    },
    {
      code: 'SELL_WITHOUT_POSITION',
      portfolioId: '6667854d-3cea-49f6-9aac-8a7340c82cb8',
      transactionId: '6d6780cf-80b2-4b0d-a3ef-a5b13da610d6',
      message: 'Sell of WISH with no open position.',
      legacy: true
    },
    {
      code: 'SELL_WITHOUT_POSITION',
      portfolioId: '6667854d-3cea-49f6-9aac-8a7340c82cb8',
      transactionId: 'b3c3668a-1730-4300-bd49-255067fbb9c4',
      message: 'Sell of NNOX with no open position.',
      legacy: true
    },
    {
      code: 'SELL_EXCEEDS_AVAILABLE_SHARES',
      portfolioId: '6667854d-3cea-49f6-9aac-8a7340c82cb8',
      transactionId: '4120dc1a-c777-45f4-b033-802dda8bf9e1',
      message: 'Sell 2.195119 PEP exceeds available 2.',
      legacy: true
    }
  ],
  migrateReport: {
    sequenceReports: {
      '6667854d-3cea-49f6-9aac-8a7340c82cb8': [Object],
      '27085251-e3e2-4829-81ee-14004843637d': [Object],
      '6e1c8d68-72f3-4160-9874-6473edd2f7eb': [Object],
      'd972d6f7-1f89-492b-81cf-aaf5fba709f5': [Object],
      '1c9764f9-9feb-462d-8cbe-a61ade8b293c': [Object],
      'a8524493-d06d-4997-9949-ab2bb8e7258b': [Object],
      'e1d517c3-21d5-45d0-8125-fbbb5dbd23f4': [Object]
    },
    legacyTaggedByPortfolio: {},
    changed: false
  }
}
 POST /api/portfolio/live-quotes 200 in 2.5s (next.js: 1945µs, application-code: 2.5s)
 PUT /api/portfolio/workspace 200 in 297ms (next.js: 1357µs, application-code: 295ms)
 POST /api/portfolio/live-quotes 200 in 2.0s (next.js: 1665µs, application-code: 2.0s)
 PUT /api/portfolios/listings 200 in 170ms (next.js: 1343µs, application-code: 168ms)
 PUT /api/portfolios/listings 200 in 158ms (next.js: 961µs, application-code: 157ms)
[FINSEPA_PROVIDER_TRACE] EODHD fetchEodhdCryptoDailyBars {"symbol":"BTC-USD.CC"}
[FINSEPA_PROVIDER_TRACE] EODHD fetchEodhdCryptoDailyBars {"symbol":"ETH-USD.CC"}
 POST /api/portfolio/live-quotes 200 in 3.0s (next.js: 2ms, application-code: 3.0s)
 PUT /api/portfolios/listings 200 in 167ms (next.js: 4ms, application-code: 163ms)
 GET /news?bench=bench-20260908-125010&step=14-news 200 in 1576ms (next.js: 944ms, proxy.ts: 11ms, application-code: 622ms)
[FINSEPA_PROVIDER_TRACE] EODHD fetchEodhdRealtimeSymbolsRaw {"symbolsInRequest":10}
 GET /api/notifications?count=1 200 in 74ms (next.js: 5ms, application-code: 68ms)
[browser] A tree hydrated but some attributes of the server rendered HTML didn't match the client properties. This won't be patched up. This can happen if a SSR-ed Client Component used:

- A server/client branch `if (typeof window !== 'undefined')`.
- Variable input such as `Date.now()` or `Math.random()` which changes each time it's called.
- Date formatting in a user's locale which doesn't match the server.
- External changing data without sending a snapshot of it along with the HTML.
- Invalid HTML tag nesting.

It can also happen if the client has a browser extension installed which messes with the HTML before React loaded.

https://react.dev/link/hydration-mismatch

  ...
    <ProtectedAppChrome userId="52373158-0..." userInitials="VR" avatarUrl="https://lh..." ...>
      <MobileAssetTopbarProvider>
        <MobilePrimaryNavProvider>
          <MarketsTabHostProvider>
            <StockDetailTabHostProvider>
              <div id="app-shell-..." suppressHydrationWarning={true} className="mobile-doc...">
                <Suspense>
                <Suspense>
                <div suppressHydrationWarning={true} className="fixed inse..." style={{width:"72px"}}>
                  <Sidebar>
                    <aside suppressHydrationWarning={true} className="flex h-ful...">
                      <SidebarChromeHeader>
                        <div ref={{current:null}} suppressHydrationWarning={true} className="relative m...">
                          <LinkComponent href="/screener" aria-label="Finsepa ho..." className="absolute t..." ...>
                            <a
                              aria-label="Finsepa home — Screener"
                              className="absolute top-1/2 h-8 w-8 -translate-y-1/2 rounded-md text-fg outline-none foc..."
                              style={{left:20}}
                              ref={function}
                              onClick={function onClick}
                              onMouseEnter={function onMouseEnter}
                              onTouchStart={function onTouchStart}
                              href="/screener"
-                             data-cursor-ref="e0"
                            >
                      ...
                <div suppressHydrationWarning={true} className="shell-desk..." style={{...}}>
                  <div suppressHydrationWarning={true} className="shell-desk...">
                    <SidebarEdgeCollapseHandle onActiveChange={function bound dispatchSetState}>
                      <div className="pointer-ev..." onMouseEnter={function handleEnter} ...>
                        <button
                          ref={{current:null}}
                          type="button"
                          onClick={function handleClick}
                          aria-expanded={false}
                          aria-label="Expand Menu"
                          className="absolute inset-0 cursor-pointer border-0 bg-transparent p-0 outline-none focus-vi..."
-                         data-cursor-ref="e13"
                        >
                        ...
                    ...
                      <header suppressHydrationWarning={true} className="flex min-w...">
                        <div>
                        ...
                          <TopbarDelayedTooltip label="Search" enabled={true} className="flex min-w...">
                            <div ref={{current:null}} suppressHydrationWarning={true} className="relative m..." ...>
                              <div className="relative w...">
                                <div ref={{current:null}} role="search" data-open="false" className="relative f..." ...>
                                  <span>
                                  <input
                                    ref={{current:null}}
                                    data-topbar-search-input={true}
                                    type="text"
                                    inputMode="search"
                                    tabIndex={-1}
                                    readOnly={true}
                                    value=""
                                    onChange={function onChange}
                                    placeholder="Search..."
                                    className="absolute inset-0 z-[1] h-full w-full min-w-0 cursor-text bg-transparent..."
                                    style={{transitionDuration:"280ms",transitionTimingFunction:"cubic-bezi...",paddingLeft:40, ...}}
                                    autoComplete="off"
                                    autoCorrect="off"
                                    enterKeyHint="search"
                                    role="searchbox"
                                    aria-label="Search"
                                    aria-expanded={false}
                                    aria-controls="topbar-search-results"
                                    aria-autocomplete="list"
-                                   data-cursor-ref="e14"
                                  >
                                  ...
                                ...
                        ...
                          <div ref={{current:null}} suppressHydrationWarning={true} className="relative m..." ...>
                            <div suppressHydrationWarning={true} className="flex h-9 m...">
                              <LinkComponent>
                              <TransactionPortfolioField variant="compact" compactMenuAlign="trailing">
                                <div ref={{current:null}} className="relative f...">
                                  <button
                                    type="button"
                                    onClick={function onClick}
                                    aria-expanded={false}
                                    aria-haspopup="listbox"
                                    aria-label="Portfolio menu"
                                    className="flex h-9 w-9 shrink-0 cursor-pointer items-center justify-center rounde..."
-                                   data-cursor-ref="e18"
                                  >
                    ...
                ...
 
    at console.error (lib/auth/suppress-stale-auth-console-errors.ts:32:5)
  30 |   console.error = (...args: unknown[]) => {
  31 |     if (args.some(looksLikeStaleAuthConsoleArg)) return;
> 32 |     original(...args);
     |     ^
  33 |   };
  34 | }
  35 | (lib/auth/suppress-stale-auth-console-errors.ts:32:5)
[browser] A tree hydrated but some attributes of the server rendered HTML didn't match the client properties. This won't be patched up. This can happen if a SSR-ed Client Component used:

- A server/client branch `if (typeof window !== 'undefined')`.
- Variable input such as `Date.now()` or `Math.random()` which changes each time it's called.
- Date formatting in a user's locale which doesn't match the server.
- External changing data without sending a snapshot of it along with the HTML.
- Invalid HTML tag nesting.

It can also happen if the client has a browser extension installed which messes with the HTML before React loaded.

https://react.dev/link/hydration-mismatch

  ...
    <ScrollAndMaybeFocusHandler cacheNode={{rsc:{...}, ...}}>
      <InnerScrollAndFocusHandlerOld focusAndScrollRef={{scrollRef:null, ...}} cacheNode={{rsc:{...}, ...}}>
        <ErrorBoundary errorComponent={undefined} errorStyles={undefined} errorScripts={undefined}>
          <LoadingBoundary name="news/" loading={[...]}>
            <Suspense name="news/" fallback={<Fragment>}>
              <HTTPAccessFallbackBoundary notFound={undefined} forbidden={undefined} unauthorized={undefined}>
                <RedirectBoundary>
                  <RedirectErrorBoundary router={{...}}>
                    <InnerLayoutRouter url={"/news?be..."} tree={[...]} params={{}} cacheNode={{rsc:{...}, ...}} ...>
                      <SegmentViewNode type="page" pagePath="(protected...">
                        <SegmentTrieNode>
                        <News>
                          <MarketNewsPage>
                            <div className="min-w-0 px...">
                              <div className="mb-4 borde...">
                                <div className="flex min-w...">
                                  <LinkComponent>
                                    <LinkComponent href={"/news?ta..."} className={"relative..."}>
                                      <a
                                        className={"relative py-2 text-[14px] font-medium leading-6 transition-colors..."}
                                        ref={function}
                                        onClick={function onClick}
                                        onMouseEnter={function onMouseEnter}
                                        onTouchStart={function onTouchStart}
                                        href={"/news?tab=market&page=1"}
-                                       data-cursor-ref="e20"
                                      >
+                                       Market
                                  <LinkComponent>
                                    <LinkComponent href={"/news?ta..."} className="relative p...">
                                      <a
                                        className="relative py-2 text-[14px] font-medium leading-6 transition-colors d..."
                                        ref={function}
                                        onClick={function onClick}
                                        onMouseEnter={function onMouseEnter}
                                        onTouchStart={function onTouchStart}
                                        href={"/news?tab=stocks&page=1"}
-                                       data-cursor-ref="e21"
                                      >
+                                       Stocks
                                  <LinkComponent>
                                    <LinkComponent href={"/news?ta..."} className="relative p...">
                                      <a
                                        className="relative py-2 text-[14px] font-medium leading-6 transition-colors d..."
                                        ref={function}
                                        onClick={function onClick}
                                        onMouseEnter={function onMouseEnter}
                                        onTouchStart={function onTouchStart}
                                        href={"/news?tab=crypto&page=1"}
-                                       data-cursor-ref="e22"
                                      >
+                                       Crypto
                              <div className="mb-4 flex ...">
                                <h1
                                  className="min-w-0 shrink-0 text-[22px] font-semibold leading-8 tracking-tight text-fg"
-                                 data-cursor-ref="e52"
                                >
+                                 Market
                                <form className="min-w-0 w-..." action="/news">
                                  <input>
                                  <input>
                                  <div className="relative b...">
                                    <svg>
                                    <input
                                      type="search"
                                      name="q"
                                      defaultValue=""
                                      placeholder="Search..."
                                      className="box-border h-9 min-h-9 max-h-9 shrink-0 border border-field-stroke bg..."
                                      aria-label="Search news"
-                                     data-cursor-ref="e23"
                                    >
                              ...
                                <div ref={{current:null}} className="w-full min...">
                                  <div className="w-full max..." style={undefined}>
                                    <div>
                                    <a
                                      href="https://finance.yahoo.com/healthcare/articles/assessment-rheumatoid-arthri..."
                                      target="_blank"
                                      rel="noopener noreferrer"
                                      className={"screener-data-row group/row relative bg-surface max-md:hover:bg-tab..."}
                                      aria-label="Open article: Assessment of the Rheumatoid Arthritis Market 2026-203..."
-                                     data-cursor-ref="e24"
                                    >
                                    <a
                                      href="https://finance.yahoo.com/markets/live/stock-market-today-tuesday-septembe..."
                                      target="_blank"
                                      rel="noopener noreferrer"
                                      className={"screener-data-row group/row relative bg-surface max-md:hover:bg-tab..."}
                                      aria-label={"Open article: Stock market today: Dow, S&amp;P 500, Nasdaq futures..."}
-                                     data-cursor-ref="e25"
                                    >
                                    <a
                                      href="https://finance.yahoo.com/healthcare/articles/commercial-assessment-diabet..."
                                      target="_blank"
                                      rel="noopener noreferrer"
                                      className={"screener-data-row group/row relative bg-surface max-md:hover:bg-tab..."}
                                      aria-label="Open article: Commercial Assessment of the Diabetic Nephropathy Mark..."
-                                     data-cursor-ref="e26"
                                    >
                                    <a
                                      href={"https://seekingalpha.com/news/4640632-oura-ipo-robinhood-first-underwrit..."}
                                      target="_blank"
                                      rel="noopener noreferrer"
                                      className={"screener-data-row group/row relative bg-surface max-md:hover:bg-tab..."}
                                      aria-label="Open article: Oura IPO: Robinhood scores its first underwriting gig"
-                                     data-cursor-ref="e27"
                                    >
                                    <a
                                      href={"https://seekingalpha.com/news/4640626-canada-tariffs-take-effect-us-sect..."}
                                      target="_blank"
                                      rel="noopener noreferrer"
                                      className={"screener-data-row group/row relative bg-surface max-md:hover:bg-tab..."}
                                      aria-label="Open article: Canada tariffs take effect: U.S. sectors and stocks to..."
-                                     data-cursor-ref="e28"
                                    >
                                    <a
                                      href="https://finance.yahoo.com/technology/ai/articles/french-ai-firm-mistral-va..."
                                      target="_blank"
                                      rel="noopener noreferrer"
                                      className={"screener-data-row group/row relative bg-surface max-md:hover:bg-tab..."}
                                      aria-label="Open article: French AI firm Mistral valued at 21 bn euros after lat..."
-                                     data-cursor-ref="e29"
                                    >
                                    <a
                                      href="https://finance.yahoo.com/technology/articles/hashgraph-group-merck-suppor..."
                                      target="_blank"
                                      rel="noopener noreferrer"
                                      className={"screener-data-row group/row relative bg-surface max-md:hover:bg-tab..."}
                                      aria-label="Open article: The Hashgraph Group and Merck with support from PwC Ge..."
-                                     data-cursor-ref="e30"
                                    >
                                    <a
                                      href={"https://seekingalpha.com/news/4640630-samsung-nvidia-and-blackrock-back-..."}
                                      target="_blank"
                                      rel="noopener noreferrer"
                                      className={"screener-data-row group/row relative bg-surface max-md:hover:bg-tab..."}
                                      aria-label="Open article: Samsung, Nvidia, and BlackRock back Mistral AI in reco..."
-                                     data-cursor-ref="e31"
                                    >
                                    <a
                                      href={"https://seekingalpha.com/news/4640627-totalenergies-to-trim-papua-lng-st..."}
                                      target="_blank"
                                      rel="noopener noreferrer"
                                      className={"screener-data-row group/row relative bg-surface max-md:hover:bg-tab..."}
                                      aria-label="Open article: TotalEnergies to trim Papua LNG stake, hand operatorsh..."
-                                     data-cursor-ref="e32"
                                    >
                                    <a
                                      href="https://finance.yahoo.com/technology/ai/articles/asml-wins-over-tsmc-samsu..."
                                      target="_blank"
                                      rel="noopener noreferrer"
                                      className={"screener-data-row group/row relative bg-surface max-md:hover:bg-tab..."}
                                      aria-label="Open article: ASML Wins Over TSMC, Samsung for New EUV Machines as A..."
-                                     data-cursor-ref="e33"
                                    >
                                    <a
                                      href="https://finance.yahoo.com/technology/articles/asml-tsmc-announce-initiativ..."
                                      target="_blank"
                                      rel="noopener noreferrer"
                                      className={"screener-data-row group/row relative bg-surface max-md:hover:bg-tab..."}
                                      aria-label="Open article: ASML and TSMC Announce Initiative to Pioneer Industry ..."
-                                     data-cursor-ref="e34"
                                    >
                                    <a
                                      href="https://finance.yahoo.com/technology/articles/intel-foundry-asml-collabora..."
                                      target="_blank"
                                      rel="noopener noreferrer"
                                      className={"screener-data-row group/row relative bg-surface max-md:hover:bg-tab..."}
                                      aria-label="Open article: Intel Foundry and ASML Collaborate to Accelerate Indus..."
-                                     data-cursor-ref="e35"
                                    >
                                    <a
                                      href="https://finance.yahoo.com/markets/world-indices/articles/asian-shares-us-f..."
                                      target="_blank"
                                      rel="noopener noreferrer"
                                      className={"screener-data-row group/row relative bg-surface max-md:hover:bg-tab..."}
                                      aria-label="Open article: Asian shares and US futures are mixed, while oil price..."
-                                     data-cursor-ref="e36"
                                    >
                                    <a
                                      href="https://finance.yahoo.com/video/mistral-ai-raises-3-billion-050520556.html"
                                      target="_blank"
                                      rel="noopener noreferrer"
                                      className={"screener-data-row group/row relative bg-surface max-md:hover:bg-tab..."}
                                      aria-label="Open article: Mistral AI Raises 3 Billion With Samsung Leading the R..."
-                                     data-cursor-ref="e37"
                                    >
                                    <a
                                      href="https://finance.yahoo.com/healthcare/articles/novartis-provides-delpacibar..."
                                      target="_blank"
                                      rel="noopener noreferrer"
                                      className={"screener-data-row group/row relative bg-surface max-md:hover:bg-tab..."}
                                      aria-label="Open article: Novartis provides update on delpacibart etedesiran (de..."
-                                     data-cursor-ref="e38"
                                    >
                              <div className="pb-[calc(1...">
                                <ScreenerPaginationLinks>
                                  <nav
                                    className="relative mt-4 w-full min-w-0"
                                    aria-label="News pages"
-                                   data-cursor-ref="e53"
                                  >
                                    <div className="flex min-h...">
                                      <div className="pointer-ev...">
                                        <LinkComponent>
                                          <LinkComponent href={"/news?ta..."} aria-disabled={true} tabIndex={-1} ...>
                                            <a
                                              aria-disabled={true}
                                              tabIndex={-1}
                                              className="no-underline hover:no-underline pointer-events-none opacity-60"
                                              aria-label="Previous page"
                                              ref={function}
                                              onClick={function onClick}
                                              onMouseEnter={function onMouseEnter}
                                              onTouchStart={function onTouchStart}
                                              href={"/news?tab=market&page=1"}
-                                             data-cursor-ref="e39"
                                            >
                                      <div className="pointer-ev...">
                                        <LinkComponent>
                                          <LinkComponent href={"/news?ta..."} aria-disabled={false} tabIndex={0} ...>
                                            <a
                                              aria-disabled={false}
                                              tabIndex={0}
                                              className="pointer-events-auto no-underline hover:no-underline"
                                              aria-label="Next page"
                                              ref={function}
                                              onClick={function onClick}
                                              onMouseEnter={function onMouseEnter}
                                              onTouchStart={function onTouchStart}
                                              href={"/news?tab=market&page=2"}
-                                             data-cursor-ref="e40"
                                            >
                                    <div className="absolute i...">
                                      <div className="flex max-w...">
                                        <span>
                                        <LinkComponent>
                                          <LinkComponent href={"/news?ta..."} className="tabular-nu..." ...>
                                            <a
                                              className="tabular-nums inline-flex h-9 min-w-9 max-w-12 shrink-0 items-..."
                                              aria-label="Page 2"
                                              ref={function}
                                              onClick={function onClick}
                                              onMouseEnter={function onMouseEnter}
                                              onTouchStart={function onTouchStart}
                                              href={"/news?tab=market&page=2"}
-                                             data-cursor-ref="e41"
                                            >
+                                             2
                                        <span>
                                        <LinkComponent>
                                          <LinkComponent href={"/news?ta..."} className="tabular-nu..." ...>
                                            <a
                                              className="tabular-nums inline-flex h-9 min-w-9 max-w-12 shrink-0 items-..."
                                              aria-label="Page 27"
                                              ref={function}
                                              onClick={function onClick}
                                              onMouseEnter={function onMouseEnter}
                                              onTouchStart={function onTouchStart}
                                              href={"/news?tab=market&page=27"}
-                                             data-cursor-ref="e42"
                                            >
+                                             27
                      ...
                    ...
        ...
 
    at console.error (lib/auth/suppress-stale-auth-console-errors.ts:32:5)
  30 |   console.error = (...args: unknown[]) => {
  31 |     if (args.some(looksLikeStaleAuthConsoleArg)) return;
> 32 |     original(...args);
     |     ^
  33 |   };
  34 | }
  35 | (lib/auth/suppress-stale-auth-console-errors.ts:32:5)
[browser] A tree hydrated but some attributes of the server rendered HTML didn't match the client properties. This won't be patched up. This can happen if a SSR-ed Client Component used:

- A server/client branch `if (typeof window !== 'undefined')`.
- Variable input such as `Date.now()` or `Math.random()` which changes each time it's called.
- Date formatting in a user's locale which doesn't match the server.
- External changing data without sending a snapshot of it along with the HTML.
- Invalid HTML tag nesting.

It can also happen if the client has a browser extension installed which messes with the HTML before React loaded.

https://react.dev/link/hydration-mismatch

  ...
    <div id="app-shell-..." suppressHydrationWarning={true} className="mobile-doc...">
      <Suspense>
      <Suspense>
      <div>
      <div suppressHydrationWarning={true} className="shell-desk..." style={{...}}>
        <div suppressHydrationWarning={true} className="shell-desk...">
          <SidebarEdgeCollapseHandle>
          <div>
          <div suppressHydrationWarning={true} className="shell-desk...">
            <main>
            <Suspense fallback={null}>
              <WatchlistRail>
                <div suppressHydrationWarning={true} className="hidden h-f..." style={{width:"300px"}} ...>
                  <div suppressHydrationWarning={true} className="flex h-ful..." style={{width:"300px"}}>
                    <div className="flex shrin...">
                      <WatchlistRailTitleSkeleton>
                      <WatchlistRailFullPageLink>
                        <TopbarDelayedTooltip label="Open full ..." placement="left">
                          <div ref={{current:null}} suppressHydrationWarning={true} className="relative i..." ...>
                            <LinkComponent href="/watchlist" prefetch={false} aria-label="Open full ..." ...>
                              <a
                                aria-label="Open full watchlist"
                                className="flex h-9 w-9 shrink-0 items-center justify-center rounded-[10px] text-fg tr..."
                                ref={function}
                                onClick={function onClick}
                                onMouseEnter={function onMouseEnter}
                                onTouchStart={function onTouchStart}
                                href="/watchlist"
-                               data-cursor-ref="e43"
                              >
                      <WatchlistRailToggle expanded={true} ...>
                        <TopbarDelayedTooltip label="Collapse w..." placement="left">
                          <div ref={{current:null}} suppressHydrationWarning={true} className="relative i..." ...>
                            <button
                              type="button"
                              onClick={function WatchlistRailLayoutProvider.useCallback[toggleCollapsed]}
                              aria-expanded={true}
                              aria-label="Collapse watchlist"
                              className="flex h-9 w-9 shrink-0 items-center justify-center rounded-[10px] text-fg tran..."
-                             data-cursor-ref="e44"
                            >
                    ...
      ...
 
    at console.error (lib/auth/suppress-stale-auth-console-errors.ts:32:5)
  30 |   console.error = (...args: unknown[]) => {
  31 |     if (args.some(looksLikeStaleAuthConsoleArg)) return;
> 32 |     original(...args);
     |     ^
  33 |   };
  34 | }
  35 | (lib/auth/suppress-stale-auth-console-errors.ts:32:5)
 GET /api/portfolio/workspace 200 in 171ms (next.js: 1133µs, application-code: 170ms)
 GET /api/media/logo?kind=stock&t=CAT&theme=light 200 in 393ms (next.js: 3ms, application-code: 390ms)
 GET /api/media/logo?kind=stock&t=TSM&theme=light 200 in 408ms (next.js: 7ms, application-code: 401ms)
 GET /api/media/logo?kind=stock&t=NVS&theme=light 200 in 398ms (next.js: 1280µs, application-code: 397ms)
 GET /api/media/logo?kind=stock&t=LLY&theme=light 200 in 384ms (next.js: 1022µs, application-code: 383ms)
[FINSEPA_PROVIDER_TRACE] EODHD fetchEodhdEodDailyBothCloses {"symbol":"AAL.US"}
[FINSEPA_PROVIDER_TRACE] EODHD fetchEodhdEodDailyBothCloses {"symbol":"AAPL.US"}
[FINSEPA_PROVIDER_TRACE] EODHD fetchEodhdEodDailyBothCloses {"symbol":"ADBE.US"}
[FINSEPA_PROVIDER_TRACE] EODHD fetchEodhdEodDailyBothCloses {"symbol":"AMZN.US"}
[FINSEPA_PROVIDER_TRACE] EODHD fetchEodhdEodDailyBothCloses {"symbol":"DIS.US"}
[FINSEPA_PROVIDER_TRACE] EODHD fetchEodhdEodDailyBothCloses {"symbol":"DPZ.US"}
[FINSEPA_PROVIDER_TRACE] EODHD fetchEodhdEodDailyBothCloses {"symbol":"EL.US"}
[FINSEPA_PROVIDER_TRACE] EODHD fetchEodhdEodDailyBothCloses {"symbol":"GOOGL.US"}
[FINSEPA_PROVIDER_TRACE] EODHD fetchEodhdEodDailyBothCloses {"symbol":"MCO.US"}
[FINSEPA_PROVIDER_TRACE] EODHD fetchEodhdEodDailyBothCloses {"symbol":"META.US"}
[FINSEPA_PROVIDER_TRACE] EODHD fetchEodhdEodDailyBothCloses {"symbol":"MSFT.US"}
[FINSEPA_PROVIDER_TRACE] EODHD fetchEodhdEodDailyBothCloses {"symbol":"NFLX.US"}
[FINSEPA_PROVIDER_TRACE] EODHD fetchEodhdEodDailyBothCloses {"symbol":"NKE.US"}
[FINSEPA_PROVIDER_TRACE] EODHD fetchEodhdEodDailyBothCloses {"symbol":"NNOX.US"}
[FINSEPA_PROVIDER_TRACE] EODHD fetchEodhdEodDailyBothCloses {"symbol":"PEP.US"}
[FINSEPA_PROVIDER_TRACE] EODHD fetchEodhdEodDailyBothCloses {"symbol":"PYPL.US"}
[FINSEPA_PROVIDER_TRACE] EODHD fetchEodhdEodDailyBothCloses {"symbol":"RACE.US"}
[FINSEPA_PROVIDER_TRACE] EODHD fetchEodhdEodDailyBothCloses {"symbol":"SBUX.US"}
[FINSEPA_PROVIDER_TRACE] EODHD fetchEodhdEodDailyBothCloses {"symbol":"V.US"}
[FINSEPA_PROVIDER_TRACE] EODHD fetchEodhdEodDailyBothCloses {"symbol":"VZ.US"}
[FINSEPA_PROVIDER_TRACE] EODHD fetchEodhdEodDailyBothCloses {"symbol":"WBD.US"}
[FINSEPA_PROVIDER_TRACE] EODHD fetchEodhdEodDailyBothCloses {"symbol":"WISH.US"}
[FINSEPA_PROVIDER_TRACE] EODHD fetchEodhdEodDailyBothCloses {"symbol":"AAPL.US"}
[FINSEPA_PROVIDER_TRACE] EODHD fetchEodhdEodDailyBothCloses {"symbol":"ADBE.US"}
[FINSEPA_PROVIDER_TRACE] EODHD fetchEodhdEodDailyBothCloses {"symbol":"AMZN.US"}
[FINSEPA_PROVIDER_TRACE] EODHD fetchEodhdEodDailyBothCloses {"symbol":"GLXY.US"}
[FINSEPA_PROVIDER_TRACE] EODHD fetchEodhdEodDailyBothCloses {"symbol":"GOOGL.US"}
[FINSEPA_PROVIDER_TRACE] EODHD fetchEodhdEodDailyBothCloses {"symbol":"HOOD.US"}
[FINSEPA_PROVIDER_TRACE] EODHD fetchEodhdEodDailyBothCloses {"symbol":"IDXX.US"}
[FINSEPA_PROVIDER_TRACE] EODHD fetchEodhdEodDailyBothCloses {"symbol":"MAR.US"}
[FINSEPA_PROVIDER_TRACE] EODHD fetchEodhdEodDailyBothCloses {"symbol":"META.US"}
[FINSEPA_PROVIDER_TRACE] EODHD fetchEodhdEodDailyBothCloses {"symbol":"NFLX.US"}
[FINSEPA_PROVIDER_TRACE] EODHD fetchEodhdEodDailyBothCloses {"symbol":"PYPL.US"}
[FINSEPA_PROVIDER_TRACE] EODHD fetchEodhdEodDailyBothCloses {"symbol":"RACE.US"}
[FINSEPA_PROVIDER_TRACE] EODHD fetchEodhdEodDailyBothCloses {"symbol":"SPGI.US"}
[FINSEPA_PROVIDER_TRACE] EODHD fetchEodhdEodDailyBothCloses {"symbol":"SPOT.US"}
[FINSEPA_PROVIDER_TRACE] EODHD fetchEodhdEodDailyBothCloses {"symbol":"SYK.US"}
[FINSEPA_PROVIDER_TRACE] EODHD fetchEodhdEodDailyBothCloses {"symbol":"V.US"}
[FINSEPA_PROVIDER_TRACE] EODHD fetchEodhdRealtimeSymbolsRaw {"symbolsInRequest":7}
[FINSEPA_PROVIDER_TRACE] EODHD fetchEodhdEodDailyBothCloses {"symbol":"AAPL.US"}
[FINSEPA_PROVIDER_TRACE] EODHD fetchEodhdEodDailyBothCloses {"symbol":"COST.US"}
[FINSEPA_PROVIDER_TRACE] EODHD fetchEodhdEodDailyBothCloses {"symbol":"KO.US"}
[FINSEPA_PROVIDER_TRACE] EODHD fetchEodhdEodDailyBothCloses {"symbol":"META.US"}
[FINSEPA_PROVIDER_TRACE] EODHD fetchEodhdEodDailyBothCloses {"symbol":"NFLX.US"}
[FINSEPA_PROVIDER_TRACE] EODHD fetchEodhdEodDailyBothCloses {"symbol":"QQQ.US"}
[FINSEPA_PROVIDER_TRACE] EODHD fetchEodhdEodDailyBothCloses {"symbol":"SPGI.US"}
[FINSEPA_PROVIDER_TRACE] EODHD fetchEodhdEodDailyBothCloses {"symbol":"TSLA.US"}
[FINSEPA_PROVIDER_TRACE] EODHD fetchEodhdEodDailyBothCloses {"symbol":"UBER.US"}
[FINSEPA_PROVIDER_TRACE] EODHD fetchEodhdEodDailyBothCloses {"symbol":"V.US"}
 GET /api/account/plan 200 in 87ms (next.js: 1522µs, application-code: 85ms)
[FINSEPA_PROVIDER_TRACE] EODHD fetchEodhdEodDailyBothCloses {"symbol":"AAPL.US"}
 GET /__bench_bench-20260908-125010_14_heatmaps_done__ 404 in 71ms (next.js: 3ms, application-code: 68ms)
 GET /__bench_bench-20260908-125010_14_news_start__ 404 in 23ms (next.js: 1770µs, application-code: 21ms)
 POST /api/portfolio/stock-splits 200 in 895ms (next.js: 971µs, application-code: 894ms)
 POST /api/portfolio/stock-splits 200 in 1008ms (next.js: 1325µs, application-code: 1007ms)
 GET /api/market/us-cache-epoch 200 in 5ms (next.js: 1523µs, application-code: 3ms)
 GET /api/search/recent 200 in 90ms (next.js: 1468µs, application-code: 89ms)
 GET /api/superinvestor-follows 200 in 85ms (next.js: 1184µs, application-code: 84ms)
 GET /api/watchlist 200 in 126ms (next.js: 1428µs, application-code: 125ms)
 POST /api/portfolio/stock-splits 200 in 1261ms (next.js: 5ms, application-code: 1256ms)
 GET /api/watchlist 200 in 143ms (next.js: 1022µs, application-code: 142ms)
 POST /api/portfolio/stock-splits 200 in 1268ms (next.js: 6ms, application-code: 1262ms)
[portfolio/workspace PUT] ledger warnings {
  userId: '52373158-0eff-48de-80ba-f9206ee0e52a',
  warnings: [
    {
      code: 'SELL_WITHOUT_POSITION',
      portfolioId: '6667854d-3cea-49f6-9aac-8a7340c82cb8',
      transactionId: '484eefe6-d749-45bf-9f2d-4a9006a26b62',
      message: 'Sell of AAL with no open position.',
      legacy: true
    },
    {
      code: 'SELL_WITHOUT_POSITION',
      portfolioId: '6667854d-3cea-49f6-9aac-8a7340c82cb8',
      transactionId: '6d6780cf-80b2-4b0d-a3ef-a5b13da610d6',
      message: 'Sell of WISH with no open position.',
      legacy: true
    },
    {
      code: 'SELL_WITHOUT_POSITION',
      portfolioId: '6667854d-3cea-49f6-9aac-8a7340c82cb8',
      transactionId: 'b3c3668a-1730-4300-bd49-255067fbb9c4',
      message: 'Sell of NNOX with no open position.',
      legacy: true
    },
    {
      code: 'SELL_EXCEEDS_AVAILABLE_SHARES',
      portfolioId: '6667854d-3cea-49f6-9aac-8a7340c82cb8',
      transactionId: '4120dc1a-c777-45f4-b033-802dda8bf9e1',
      message: 'Sell 2.195119 PEP exceeds available 2.',
      legacy: true
    }
  ],
  migrateReport: {
    sequenceReports: {
      '6667854d-3cea-49f6-9aac-8a7340c82cb8': [Object],
      '27085251-e3e2-4829-81ee-14004843637d': [Object],
      '6e1c8d68-72f3-4160-9874-6473edd2f7eb': [Object],
      'd972d6f7-1f89-492b-81cf-aaf5fba709f5': [Object],
      '1c9764f9-9feb-462d-8cbe-a61ade8b293c': [Object],
      'a8524493-d06d-4997-9949-ab2bb8e7258b': [Object],
      'e1d517c3-21d5-45d0-8125-fbbb5dbd23f4': [Object]
    },
    legacyTaggedByPortfolio: {},
    changed: false
  }
}
 GET /api/watchlist 200 in 136ms (next.js: 978µs, application-code: 135ms)
 PUT /api/portfolio/workspace 200 in 307ms (next.js: 1281µs, application-code: 306ms)
 GET /api/watchlist 200 in 120ms (next.js: 1152µs, application-code: 119ms)
 POST /api/portfolio/live-quotes 200 in 482ms (next.js: 1076µs, application-code: 481ms)
 POST /api/portfolio/live-quotes 200 in 1965ms (next.js: 1922µs, application-code: 1963ms)
 GET /api/media/logo?kind=stock&t=NVS&theme=dark 200 in 323ms (next.js: 1305µs, application-code: 322ms)
 GET /api/search/recent 200 in 64ms (next.js: 1116µs, application-code: 63ms)
[FINSEPA_PROVIDER_TRACE] EODHD fetchEodhdRealtimeSymbolsRaw {"symbolsInRequest":12}
 GET /api/media/logo?kind=stock&t=TSM&theme=dark 200 in 352ms (next.js: 910µs, application-code: 351ms)
 GET /api/media/logo?kind=stock&t=LLY&theme=dark 200 in 366ms (next.js: 1085µs, application-code: 365ms)
[FINSEPA_PROVIDER_TRACE] EODHD fetchEodhdCryptoDailyBars {"symbol":"BTC-USD.CC"}
[FINSEPA_PROVIDER_TRACE] EODHD fetchEodhdCryptoDailyBars {"symbol":"ETH-USD.CC"}
[FINSEPA_PROVIDER_TRACE] EODHD fetchEodhdCryptoDailyBars {"symbol":"SOL-USD.CC"}
[FINSEPA_PROVIDER_TRACE] EODHD fetchEodhdCryptoDailyBars {"symbol":"BTC-USD.CC"}
[FINSEPA_PROVIDER_TRACE] EODHD fetchEodhdCryptoDailyBars {"symbol":"ETH-USD.CC"}
[FINSEPA_PROVIDER_TRACE] EODHD fetchEodhdCryptoDailyBars {"symbol":"SOL-USD.CC"}
[portfolio/workspace PUT] ledger warnings {
  userId: '52373158-0eff-48de-80ba-f9206ee0e52a',
  warnings: [
    {
      code: 'SELL_WITHOUT_POSITION',
      portfolioId: '6667854d-3cea-49f6-9aac-8a7340c82cb8',
      transactionId: '484eefe6-d749-45bf-9f2d-4a9006a26b62',
      message: 'Sell of AAL with no open position.',
      legacy: true
    },
    {
      code: 'SELL_WITHOUT_POSITION',
      portfolioId: '6667854d-3cea-49f6-9aac-8a7340c82cb8',
      transactionId: '6d6780cf-80b2-4b0d-a3ef-a5b13da610d6',
      message: 'Sell of WISH with no open position.',
      legacy: true
    },
    {
      code: 'SELL_WITHOUT_POSITION',
      portfolioId: '6667854d-3cea-49f6-9aac-8a7340c82cb8',
      transactionId: 'b3c3668a-1730-4300-bd49-255067fbb9c4',
      message: 'Sell of NNOX with no open position.',
      legacy: true
    },
    {
      code: 'SELL_EXCEEDS_AVAILABLE_SHARES',
      portfolioId: '6667854d-3cea-49f6-9aac-8a7340c82cb8',
      transactionId: '4120dc1a-c777-45f4-b033-802dda8bf9e1',
      message: 'Sell 2.195119 PEP exceeds available 2.',
      legacy: true
    }
  ],
  migrateReport: {
    sequenceReports: {
      '6667854d-3cea-49f6-9aac-8a7340c82cb8': [Object],
      '27085251-e3e2-4829-81ee-14004843637d': [Object],
      '6e1c8d68-72f3-4160-9874-6473edd2f7eb': [Object],
      'd972d6f7-1f89-492b-81cf-aaf5fba709f5': [Object],
      '1c9764f9-9feb-462d-8cbe-a61ade8b293c': [Object],
      'a8524493-d06d-4997-9949-ab2bb8e7258b': [Object],
      'e1d517c3-21d5-45d0-8125-fbbb5dbd23f4': [Object]
    },
    legacyTaggedByPortfolio: {},
    changed: false
  }
}
 PUT /api/portfolio/workspace 200 in 361ms (next.js: 1044µs, application-code: 360ms)
[FINSEPA_PROVIDER_TRACE] EODHD fetchEodhdRealtimeSymbolsRaw {"symbolsInRequest":2}
[portfolio/workspace PUT] ledger warnings {
  userId: '52373158-0eff-48de-80ba-f9206ee0e52a',
  warnings: [
    {
      code: 'SELL_WITHOUT_POSITION',
      portfolioId: '6667854d-3cea-49f6-9aac-8a7340c82cb8',
      transactionId: '484eefe6-d749-45bf-9f2d-4a9006a26b62',
      message: 'Sell of AAL with no open position.',
      legacy: true
    },
    {
      code: 'SELL_WITHOUT_POSITION',
      portfolioId: '6667854d-3cea-49f6-9aac-8a7340c82cb8',
      transactionId: '6d6780cf-80b2-4b0d-a3ef-a5b13da610d6',
      message: 'Sell of WISH with no open position.',
      legacy: true
    },
    {
      code: 'SELL_WITHOUT_POSITION',
      portfolioId: '6667854d-3cea-49f6-9aac-8a7340c82cb8',
      transactionId: 'b3c3668a-1730-4300-bd49-255067fbb9c4',
      message: 'Sell of NNOX with no open position.',
      legacy: true
    },
    {
      code: 'SELL_EXCEEDS_AVAILABLE_SHARES',
      portfolioId: '6667854d-3cea-49f6-9aac-8a7340c82cb8',
      transactionId: '4120dc1a-c777-45f4-b033-802dda8bf9e1',
      message: 'Sell 2.195119 PEP exceeds available 2.',
      legacy: true
    }
  ],
  migrateReport: {
    sequenceReports: {
      '6667854d-3cea-49f6-9aac-8a7340c82cb8': [Object],
      '27085251-e3e2-4829-81ee-14004843637d': [Object],
      '6e1c8d68-72f3-4160-9874-6473edd2f7eb': [Object],
      'd972d6f7-1f89-492b-81cf-aaf5fba709f5': [Object],
      '1c9764f9-9feb-462d-8cbe-a61ade8b293c': [Object],
      'a8524493-d06d-4997-9949-ab2bb8e7258b': [Object],
      'e1d517c3-21d5-45d0-8125-fbbb5dbd23f4': [Object]
    },
    legacyTaggedByPortfolio: {},
    changed: false
  }
}
 PUT /api/portfolio/workspace 200 in 294ms (next.js: 1377µs, application-code: 292ms)
 POST /api/portfolio/live-quotes 200 in 1915ms (next.js: 1215µs, application-code: 1914ms)
[FINSEPA_PROVIDER_TRACE] EODHD fetchEodhdCryptoDailyBars {"symbol":"BTC-USD.CC"}
[FINSEPA_PROVIDER_TRACE] EODHD fetchEodhdCryptoDailyBars {"symbol":"ETH-USD.CC"}
 POST /api/portfolio/live-quotes 200 in 3.3s (next.js: 3ms, application-code: 3.3s)
[FINSEPA_PROVIDER_TRACE] EODHD fetchEodhdRealtimeSymbolsRaw {"symbolsInRequest":12}
[portfolio/workspace PUT] ledger warnings {
  userId: '52373158-0eff-48de-80ba-f9206ee0e52a',
  warnings: [
    {
      code: 'SELL_WITHOUT_POSITION',
      portfolioId: '6667854d-3cea-49f6-9aac-8a7340c82cb8',
      transactionId: '484eefe6-d749-45bf-9f2d-4a9006a26b62',
      message: 'Sell of AAL with no open position.',
      legacy: true
    },
    {
      code: 'SELL_WITHOUT_POSITION',
      portfolioId: '6667854d-3cea-49f6-9aac-8a7340c82cb8',
      transactionId: '6d6780cf-80b2-4b0d-a3ef-a5b13da610d6',
      message: 'Sell of WISH with no open position.',
      legacy: true
    },
    {
      code: 'SELL_WITHOUT_POSITION',
      portfolioId: '6667854d-3cea-49f6-9aac-8a7340c82cb8',
      transactionId: 'b3c3668a-1730-4300-bd49-255067fbb9c4',
      message: 'Sell of NNOX with no open position.',
      legacy: true
    },
    {
      code: 'SELL_EXCEEDS_AVAILABLE_SHARES',
      portfolioId: '6667854d-3cea-49f6-9aac-8a7340c82cb8',
      transactionId: '4120dc1a-c777-45f4-b033-802dda8bf9e1',
      message: 'Sell 2.195119 PEP exceeds available 2.',
      legacy: true
    }
  ],
  migrateReport: {
    sequenceReports: {
      '6667854d-3cea-49f6-9aac-8a7340c82cb8': [Object],
      '27085251-e3e2-4829-81ee-14004843637d': [Object],
      '6e1c8d68-72f3-4160-9874-6473edd2f7eb': [Object],
      'd972d6f7-1f89-492b-81cf-aaf5fba709f5': [Object],
      '1c9764f9-9feb-462d-8cbe-a61ade8b293c': [Object],
      'a8524493-d06d-4997-9949-ab2bb8e7258b': [Object],
      'e1d517c3-21d5-45d0-8125-fbbb5dbd23f4': [Object]
    },
    legacyTaggedByPortfolio: {},
    changed: false
  }
}
 PUT /api/portfolio/workspace 200 in 299ms (next.js: 2ms, application-code: 297ms)
[FINSEPA_PROVIDER_TRACE] EODHD fetchEodhdCryptoDailyBars {"symbol":"BTC-USD.CC"}
[FINSEPA_PROVIDER_TRACE] EODHD fetchEodhdCryptoDailyBars {"symbol":"ETH-USD.CC"}
 POST /api/portfolio/live-quotes 200 in 2.6s (next.js: 2ms, application-code: 2.6s)
 PUT /api/portfolios/listings 200 in 126ms (next.js: 987µs, application-code: 125ms)
 POST /api/portfolio/live-quotes 200 in 2.4s (next.js: 1164µs, application-code: 2.4s)
[FINSEPA_PROVIDER_TRACE] EODHD fetchEodhdCryptoDailyBars {"symbol":"BTC-USD.CC"}
[FINSEPA_PROVIDER_TRACE] EODHD fetchEodhdCryptoDailyBars {"symbol":"ETH-USD.CC"}
 PUT /api/portfolios/listings 200 in 178ms (next.js: 1192µs, application-code: 177ms)
 POST /api/portfolio/live-quotes 200 in 2.7s (next.js: 1326µs, application-code: 2.7s)
 PUT /api/portfolios/listings 200 in 162ms (next.js: 983µs, application-code: 161ms)
[FINSEPA_PROVIDER_TRACE] EODHD fetchUst10YGbondUncached {"symbol":"US10Y.GBOND"}
[FINSEPA_PROVIDER_TRACE] EODHD fetchUstYieldYear20Y {"year":1993}
[FINSEPA_PROVIDER_TRACE] EODHD fetchUstYieldYear20Y {"year":1994}
[FINSEPA_PROVIDER_TRACE] EODHD fetchUstYieldYear20Y {"year":1995}
[FINSEPA_PROVIDER_TRACE] EODHD fetchUstYieldYear20Y {"year":1996}
 GET /__bench_bench-20260908-125010_14_news_done__ 404 in 42ms (next.js: 5ms, application-code: 38ms)
 GET /__bench_bench-20260908-125010_14_macro_start__ 404 in 56ms (next.js: 9ms, application-code: 46ms)
[FINSEPA_PROVIDER_TRACE] EODHD fetchEodhdRealtimeSymbolsRaw {"symbolsInRequest":10}
[FINSEPA_PROVIDER_TRACE] EODHD fetchEodhdEodDailyBothCloses {"symbol":"AAL.US"}
[FINSEPA_PROVIDER_TRACE] EODHD fetchEodhdEodDailyBothCloses {"symbol":"AAPL.US"}
[FINSEPA_PROVIDER_TRACE] EODHD fetchEodhdEodDailyBothCloses {"symbol":"ADBE.US"}
[FINSEPA_PROVIDER_TRACE] EODHD fetchEodhdEodDailyBothCloses {"symbol":"AMZN.US"}
[FINSEPA_PROVIDER_TRACE] EODHD fetchEodhdEodDailyBothCloses {"symbol":"DIS.US"}
[FINSEPA_PROVIDER_TRACE] EODHD fetchEodhdEodDailyBothCloses {"symbol":"DPZ.US"}
[FINSEPA_PROVIDER_TRACE] EODHD fetchEodhdEodDailyBothCloses {"symbol":"EL.US"}
[FINSEPA_PROVIDER_TRACE] EODHD fetchEodhdEodDailyBothCloses {"symbol":"GOOGL.US"}
[FINSEPA_PROVIDER_TRACE] EODHD fetchEodhdEodDailyBothCloses {"symbol":"MCO.US"}
[FINSEPA_PROVIDER_TRACE] EODHD fetchEodhdEodDailyBothCloses {"symbol":"META.US"}
[FINSEPA_PROVIDER_TRACE] EODHD fetchEodhdEodDailyBothCloses {"symbol":"MSFT.US"}
[FINSEPA_PROVIDER_TRACE] EODHD fetchEodhdEodDailyBothCloses {"symbol":"NFLX.US"}
[FINSEPA_PROVIDER_TRACE] EODHD fetchEodhdEodDailyBothCloses {"symbol":"NKE.US"}
[FINSEPA_PROVIDER_TRACE] EODHD fetchEodhdEodDailyBothCloses {"symbol":"NNOX.US"}
[FINSEPA_PROVIDER_TRACE] EODHD fetchEodhdEodDailyBothCloses {"symbol":"PEP.US"}
[FINSEPA_PROVIDER_TRACE] EODHD fetchEodhdEodDailyBothCloses {"symbol":"PYPL.US"}
[FINSEPA_PROVIDER_TRACE] EODHD fetchEodhdEodDailyBothCloses {"symbol":"RACE.US"}
[FINSEPA_PROVIDER_TRACE] EODHD fetchEodhdEodDailyBothCloses {"symbol":"SBUX.US"}
[FINSEPA_PROVIDER_TRACE] EODHD fetchEodhdEodDailyBothCloses {"symbol":"V.US"}
[FINSEPA_PROVIDER_TRACE] EODHD fetchEodhdEodDailyBothCloses {"symbol":"VZ.US"}
[FINSEPA_PROVIDER_TRACE] EODHD fetchEodhdEodDailyBothCloses {"symbol":"WBD.US"}
[FINSEPA_PROVIDER_TRACE] EODHD fetchEodhdEodDailyBothCloses {"symbol":"WISH.US"}
 GET /api/notifications?count=1 200 in 107ms (next.js: 4ms, application-code: 103ms)
[FINSEPA_PROVIDER_TRACE] EODHD fetchEodhdEodDailyBothCloses {"symbol":"AAPL.US"}
[FINSEPA_PROVIDER_TRACE] EODHD fetchEodhdEodDailyBothCloses {"symbol":"ADBE.US"}
[FINSEPA_PROVIDER_TRACE] EODHD fetchEodhdEodDailyBothCloses {"symbol":"AMZN.US"}
[FINSEPA_PROVIDER_TRACE] EODHD fetchEodhdEodDailyBothCloses {"symbol":"GLXY.US"}
[FINSEPA_PROVIDER_TRACE] EODHD fetchEodhdEodDailyBothCloses {"symbol":"GOOGL.US"}
[FINSEPA_PROVIDER_TRACE] EODHD fetchEodhdEodDailyBothCloses {"symbol":"HOOD.US"}
[FINSEPA_PROVIDER_TRACE] EODHD fetchEodhdEodDailyBothCloses {"symbol":"IDXX.US"}
[FINSEPA_PROVIDER_TRACE] EODHD fetchEodhdEodDailyBothCloses {"symbol":"MAR.US"}
[FINSEPA_PROVIDER_TRACE] EODHD fetchEodhdEodDailyBothCloses {"symbol":"META.US"}
[FINSEPA_PROVIDER_TRACE] EODHD fetchEodhdEodDailyBothCloses {"symbol":"NFLX.US"}
[FINSEPA_PROVIDER_TRACE] EODHD fetchEodhdEodDailyBothCloses {"symbol":"PYPL.US"}
[FINSEPA_PROVIDER_TRACE] EODHD fetchEodhdEodDailyBothCloses {"symbol":"RACE.US"}
[FINSEPA_PROVIDER_TRACE] EODHD fetchEodhdEodDailyBothCloses {"symbol":"SPGI.US"}
[FINSEPA_PROVIDER_TRACE] EODHD fetchEodhdEodDailyBothCloses {"symbol":"SPOT.US"}
[FINSEPA_PROVIDER_TRACE] EODHD fetchEodhdEodDailyBothCloses {"symbol":"SYK.US"}
[FINSEPA_PROVIDER_TRACE] EODHD fetchEodhdEodDailyBothCloses {"symbol":"V.US"}
 GET /api/portfolio/workspace 200 in 218ms (next.js: 8ms, application-code: 210ms)
[FINSEPA_PROVIDER_TRACE] EODHD fetchEodhdRealtimeSymbolsRaw {"symbolsInRequest":7}
 GET /api/account/plan 200 in 249ms (next.js: 11ms, application-code: 238ms)
[FINSEPA_PROVIDER_TRACE] EODHD fetchEodhdEodDailyBothCloses {"symbol":"AAPL.US"}
[FINSEPA_PROVIDER_TRACE] EODHD fetchEodhdEodDailyBothCloses {"symbol":"COST.US"}
[FINSEPA_PROVIDER_TRACE] EODHD fetchEodhdEodDailyBothCloses {"symbol":"KO.US"}
[FINSEPA_PROVIDER_TRACE] EODHD fetchEodhdEodDailyBothCloses {"symbol":"META.US"}
[FINSEPA_PROVIDER_TRACE] EODHD fetchEodhdEodDailyBothCloses {"symbol":"NFLX.US"}
[FINSEPA_PROVIDER_TRACE] EODHD fetchEodhdEodDailyBothCloses {"symbol":"QQQ.US"}
[FINSEPA_PROVIDER_TRACE] EODHD fetchEodhdEodDailyBothCloses {"symbol":"SPGI.US"}
[FINSEPA_PROVIDER_TRACE] EODHD fetchEodhdEodDailyBothCloses {"symbol":"TSLA.US"}
[FINSEPA_PROVIDER_TRACE] EODHD fetchEodhdEodDailyBothCloses {"symbol":"UBER.US"}
[FINSEPA_PROVIDER_TRACE] EODHD fetchEodhdEodDailyBothCloses {"symbol":"V.US"}
[FINSEPA_PROVIDER_TRACE] EODHD fetchUstYieldYear20Y {"year":1997}
[FINSEPA_PROVIDER_TRACE] EODHD fetchUstYieldYear20Y {"year":1998}
[FINSEPA_PROVIDER_TRACE] EODHD fetchUstYieldYear20Y {"year":1999}
[FINSEPA_PROVIDER_TRACE] EODHD fetchUstYieldYear20Y {"year":2000}
[FINSEPA_PROVIDER_TRACE] EODHD fetchSpxDailyBarsForShillerCape {"from":"2026-01-01","to":"2026-09-08"}
[FINSEPA_PROVIDER_TRACE] EODHD fetchSpxDailyBarsForShillerCape {"from":"2026-01-01","to":"2026-09-08"}
[FINSEPA_PROVIDER_TRACE] EODHD fetchSpxDailyBarsForShillerCape {"from":"2026-01-01","to":"2026-09-08"}
[FINSEPA_PROVIDER_TRACE] EODHD fetchSpxDailyBarsForShillerCape {"from":"2026-01-01","to":"2026-09-08"}
 POST /api/portfolio/stock-splits 200 in 3.2s (next.js: 1945µs, application-code: 3.2s)
 POST /api/portfolio/stock-splits 200 in 3.4s (next.js: 6ms, application-code: 3.3s)
 POST /api/portfolio/stock-splits 200 in 3.1s (next.js: 1216µs, application-code: 3.1s)
[FINSEPA_PROVIDER_TRACE] EODHD fetchUstYieldYear20Y {"year":2001}
[FINSEPA_PROVIDER_TRACE] EODHD fetchUstYieldYear20Y {"year":2002}
[FINSEPA_PROVIDER_TRACE] EODHD fetchUstYieldYear20Y {"year":2003}
[FINSEPA_PROVIDER_TRACE] EODHD fetchUstYieldYear20Y {"year":2004}
[FINSEPA_PROVIDER_TRACE] EODHD fetchEodhdEodDailyBothCloses {"symbol":"AAPL.US"}
 GET /api/market/us-cache-epoch 200 in 16ms (next.js: 11ms, application-code: 5ms)
[FINSEPA_PROVIDER_TRACE] EODHD fetchEodhdCryptoDailyBars {"symbol":"BTC-USD.CC"}
[FINSEPA_PROVIDER_TRACE] EODHD fetchEodhdCryptoDailyBars {"symbol":"ETH-USD.CC"}
[FINSEPA_PROVIDER_TRACE] EODHD fetchEodhdCryptoDailyBars {"symbol":"SOL-USD.CC"}
 POST /api/portfolio/live-quotes 200 in 3.5s (next.js: 1778µs, application-code: 3.5s)
 GET /api/search/recent 200 in 124ms (next.js: 4ms, application-code: 121ms)
 GET /api/superinvestor-follows 200 in 67ms (next.js: 3ms, application-code: 64ms)
[FINSEPA_PROVIDER_TRACE] EODHD fetchEodhdRealtimeSymbolsRaw {"symbolsInRequest":10}
 GET /api/watchlist 200 in 160ms (next.js: 3ms, application-code: 157ms)
 GET /api/notifications?count=1 200 in 163ms (next.js: 3ms, application-code: 160ms)
 POST /api/portfolio/stock-splits 200 in 449ms (next.js: 41ms, application-code: 408ms)
[FINSEPA_PROVIDER_TRACE] EODHD fetchUstYieldYear20Y {"year":2005}
[FINSEPA_PROVIDER_TRACE] EODHD fetchUstYieldYear20Y {"year":2006}
[FINSEPA_PROVIDER_TRACE] EODHD fetchUstYieldYear20Y {"year":2007}
[FINSEPA_PROVIDER_TRACE] EODHD fetchUstYieldYear20Y {"year":2008}
[FINSEPA_PROVIDER_TRACE] EODHD fetchEodhdRealtimeSymbolsRaw {"symbolsInRequest":7}
 GET /api/watchlist 200 in 414ms (next.js: 3ms, application-code: 411ms)
[portfolio/workspace PUT] ledger warnings {
  userId: '52373158-0eff-48de-80ba-f9206ee0e52a',
  warnings: [
    {
      code: 'SELL_WITHOUT_POSITION',
      portfolioId: '6667854d-3cea-49f6-9aac-8a7340c82cb8',
      transactionId: '484eefe6-d749-45bf-9f2d-4a9006a26b62',
      message: 'Sell of AAL with no open position.',
      legacy: true
    },
    {
      code: 'SELL_WITHOUT_POSITION',
      portfolioId: '6667854d-3cea-49f6-9aac-8a7340c82cb8',
      transactionId: '6d6780cf-80b2-4b0d-a3ef-a5b13da610d6',
      message: 'Sell of WISH with no open position.',
      legacy: true
    },
    {
      code: 'SELL_WITHOUT_POSITION',
      portfolioId: '6667854d-3cea-49f6-9aac-8a7340c82cb8',
      transactionId: 'b3c3668a-1730-4300-bd49-255067fbb9c4',
      message: 'Sell of NNOX with no open position.',
      legacy: true
    },
    {
      code: 'SELL_EXCEEDS_AVAILABLE_SHARES',
      portfolioId: '6667854d-3cea-49f6-9aac-8a7340c82cb8',
      transactionId: '4120dc1a-c777-45f4-b033-802dda8bf9e1',
      message: 'Sell 2.195119 PEP exceeds available 2.',
      legacy: true
    }
  ],
  migrateReport: {
    sequenceReports: {
      '6667854d-3cea-49f6-9aac-8a7340c82cb8': [Object],
      '27085251-e3e2-4829-81ee-14004843637d': [Object],
      '6e1c8d68-72f3-4160-9874-6473edd2f7eb': [Object],
      'd972d6f7-1f89-492b-81cf-aaf5fba709f5': [Object],
      '1c9764f9-9feb-462d-8cbe-a61ade8b293c': [Object],
      'a8524493-d06d-4997-9949-ab2bb8e7258b': [Object],
      'e1d517c3-21d5-45d0-8125-fbbb5dbd23f4': [Object]
    },
    legacyTaggedByPortfolio: {},
    changed: false
  }
}
[portfolio/workspace PUT] ledger warnings {
  userId: '52373158-0eff-48de-80ba-f9206ee0e52a',
  warnings: [
    {
      code: 'SELL_WITHOUT_POSITION',
      portfolioId: '6667854d-3cea-49f6-9aac-8a7340c82cb8',
      transactionId: '484eefe6-d749-45bf-9f2d-4a9006a26b62',
      message: 'Sell of AAL with no open position.',
      legacy: true
    },
    {
      code: 'SELL_WITHOUT_POSITION',
      portfolioId: '6667854d-3cea-49f6-9aac-8a7340c82cb8',
      transactionId: '6d6780cf-80b2-4b0d-a3ef-a5b13da610d6',
      message: 'Sell of WISH with no open position.',
      legacy: true
    },
    {
      code: 'SELL_WITHOUT_POSITION',
      portfolioId: '6667854d-3cea-49f6-9aac-8a7340c82cb8',
      transactionId: 'b3c3668a-1730-4300-bd49-255067fbb9c4',
      message: 'Sell of NNOX with no open position.',
      legacy: true
    },
    {
      code: 'SELL_EXCEEDS_AVAILABLE_SHARES',
      portfolioId: '6667854d-3cea-49f6-9aac-8a7340c82cb8',
      transactionId: '4120dc1a-c777-45f4-b033-802dda8bf9e1',
      message: 'Sell 2.195119 PEP exceeds available 2.',
      legacy: true
    }
  ],
  migrateReport: {
    sequenceReports: {
      '6667854d-3cea-49f6-9aac-8a7340c82cb8': [Object],
      '27085251-e3e2-4829-81ee-14004843637d': [Object],
      '6e1c8d68-72f3-4160-9874-6473edd2f7eb': [Object],
      'd972d6f7-1f89-492b-81cf-aaf5fba709f5': [Object],
      '1c9764f9-9feb-462d-8cbe-a61ade8b293c': [Object],
      'a8524493-d06d-4997-9949-ab2bb8e7258b': [Object],
      'e1d517c3-21d5-45d0-8125-fbbb5dbd23f4': [Object]
    },
    legacyTaggedByPortfolio: {},
    changed: false
  }
}
[FINSEPA_PROVIDER_TRACE] EODHD fetchUstYieldYear20Y {"year":2009}
[FINSEPA_PROVIDER_TRACE] EODHD fetchUstYieldYear20Y {"year":2010}
[FINSEPA_PROVIDER_TRACE] EODHD fetchUstYieldYear20Y {"year":2011}
[FINSEPA_PROVIDER_TRACE] EODHD fetchUstYieldYear20Y {"year":2012}
 PUT /api/portfolio/workspace 200 in 525ms (next.js: 3ms, application-code: 522ms)
 PUT /api/portfolio/workspace 200 in 396ms (next.js: 968µs, application-code: 395ms)
 GET /api/search/recent 200 in 70ms (next.js: 1639µs, application-code: 68ms)
 GET /api/watchlist 200 in 138ms (next.js: 5ms, application-code: 133ms)
[FINSEPA_PROVIDER_TRACE] EODHD fetchUstYieldYear20Y {"year":2013}
[FINSEPA_PROVIDER_TRACE] EODHD fetchUstYieldYear20Y {"year":2014}
[FINSEPA_PROVIDER_TRACE] EODHD fetchUstYieldYear20Y {"year":2015}
[portfolio/workspace PUT] ledger warnings {
  userId: '52373158-0eff-48de-80ba-f9206ee0e52a',
  warnings: [
    {
      code: 'SELL_WITHOUT_POSITION',
      portfolioId: '6667854d-3cea-49f6-9aac-8a7340c82cb8',
      transactionId: '484eefe6-d749-45bf-9f2d-4a9006a26b62',
      message: 'Sell of AAL with no open position.',
      legacy: true
    },
    {
      code: 'SELL_WITHOUT_POSITION',
      portfolioId: '6667854d-3cea-49f6-9aac-8a7340c82cb8',
      transactionId: '6d6780cf-80b2-4b0d-a3ef-a5b13da610d6',
      message: 'Sell of WISH with no open position.',
      legacy: true
    },
    {
      code: 'SELL_WITHOUT_POSITION',
      portfolioId: '6667854d-3cea-49f6-9aac-8a7340c82cb8',
      transactionId: 'b3c3668a-1730-4300-bd49-255067fbb9c4',
      message: 'Sell of NNOX with no open position.',
      legacy: true
    },
    {
      code: 'SELL_EXCEEDS_AVAILABLE_SHARES',
      portfolioId: '6667854d-3cea-49f6-9aac-8a7340c82cb8',
      transactionId: '4120dc1a-c777-45f4-b033-802dda8bf9e1',
      message: 'Sell 2.195119 PEP exceeds available 2.',
      legacy: true
    }
  ],
  migrateReport: {
    sequenceReports: {
      '6667854d-3cea-49f6-9aac-8a7340c82cb8': [Object],
      '27085251-e3e2-4829-81ee-14004843637d': [Object],
      '6e1c8d68-72f3-4160-9874-6473edd2f7eb': [Object],
      'd972d6f7-1f89-492b-81cf-aaf5fba709f5': [Object],
      '1c9764f9-9feb-462d-8cbe-a61ade8b293c': [Object],
      'a8524493-d06d-4997-9949-ab2bb8e7258b': [Object],
      'e1d517c3-21d5-45d0-8125-fbbb5dbd23f4': [Object]
    },
    legacyTaggedByPortfolio: {},
    changed: false
  }
}
[FINSEPA_PROVIDER_TRACE] EODHD fetchUstYieldYear20Y {"year":2016}
 POST /api/portfolio/live-quotes 200 in 4.4s (next.js: 1156µs, application-code: 4.4s)
 GET /api/watchlist 200 in 148ms (next.js: 1133µs, application-code: 147ms)
 PUT /api/portfolio/workspace 200 in 310ms (next.js: 1147µs, application-code: 309ms)
[FINSEPA_PROVIDER_TRACE] EODHD fetchUstYieldYear20Y {"year":2017}
[FINSEPA_PROVIDER_TRACE] EODHD fetchUstYieldYear20Y {"year":2018}
[FINSEPA_PROVIDER_TRACE] EODHD fetchUstYieldYear20Y {"year":2019}
[FINSEPA_PROVIDER_TRACE] EODHD fetchUstYieldYear20Y {"year":2020}
 POST /api/portfolio/live-quotes 200 in 1511ms (next.js: 3ms, application-code: 1508ms)
[FINSEPA_PROVIDER_TRACE] EODHD fetchEodhdRealtimeSymbolsRaw {"symbolsInRequest":12}
[FINSEPA_PROVIDER_TRACE] EODHD fetchUstYieldYear20Y {"year":2021}
[FINSEPA_PROVIDER_TRACE] EODHD fetchUstYieldYear20Y {"year":2022}
[FINSEPA_PROVIDER_TRACE] EODHD fetchUstYieldYear20Y {"year":2023}
[FINSEPA_PROVIDER_TRACE] EODHD fetchUstYieldYear20Y {"year":2024}
[FINSEPA_PROVIDER_TRACE] EODHD fetchEodhdCryptoDailyBars {"symbol":"BTC-USD.CC"}
[FINSEPA_PROVIDER_TRACE] EODHD fetchEodhdCryptoDailyBars {"symbol":"ETH-USD.CC"}
[FINSEPA_PROVIDER_TRACE] EODHD fetchEodhdCryptoDailyBars {"symbol":"SOL-USD.CC"}
[FINSEPA_PROVIDER_TRACE] EODHD fetchUstYieldYear20Y {"year":2025}
[FINSEPA_PROVIDER_TRACE] EODHD fetchUstYieldYear20Y {"year":2026}
[FINSEPA_PROVIDER_TRACE] EODHD fetchEodhdRealtimeSymbolsRaw {"symbolsInRequest":2}
[portfolio/workspace PUT] ledger warnings {
  userId: '52373158-0eff-48de-80ba-f9206ee0e52a',
  warnings: [
    {
      code: 'SELL_WITHOUT_POSITION',
      portfolioId: '6667854d-3cea-49f6-9aac-8a7340c82cb8',
      transactionId: '484eefe6-d749-45bf-9f2d-4a9006a26b62',
      message: 'Sell of AAL with no open position.',
      legacy: true
    },
    {
      code: 'SELL_WITHOUT_POSITION',
      portfolioId: '6667854d-3cea-49f6-9aac-8a7340c82cb8',
      transactionId: '6d6780cf-80b2-4b0d-a3ef-a5b13da610d6',
      message: 'Sell of WISH with no open position.',
      legacy: true
    },
    {
      code: 'SELL_WITHOUT_POSITION',
      portfolioId: '6667854d-3cea-49f6-9aac-8a7340c82cb8',
      transactionId: 'b3c3668a-1730-4300-bd49-255067fbb9c4',
      message: 'Sell of NNOX with no open position.',
      legacy: true
    },
    {
      code: 'SELL_EXCEEDS_AVAILABLE_SHARES',
      portfolioId: '6667854d-3cea-49f6-9aac-8a7340c82cb8',
      transactionId: '4120dc1a-c777-45f4-b033-802dda8bf9e1',
      message: 'Sell 2.195119 PEP exceeds available 2.',
      legacy: true
    }
  ],
  migrateReport: {
    sequenceReports: {
      '6667854d-3cea-49f6-9aac-8a7340c82cb8': [Object],
      '27085251-e3e2-4829-81ee-14004843637d': [Object],
      '6e1c8d68-72f3-4160-9874-6473edd2f7eb': [Object],
      'd972d6f7-1f89-492b-81cf-aaf5fba709f5': [Object],
      '1c9764f9-9feb-462d-8cbe-a61ade8b293c': [Object],
      'a8524493-d06d-4997-9949-ab2bb8e7258b': [Object],
      'e1d517c3-21d5-45d0-8125-fbbb5dbd23f4': [Object]
    },
    legacyTaggedByPortfolio: {},
    changed: false
  }
}
 PUT /api/portfolio/workspace 200 in 285ms (next.js: 3ms, application-code: 283ms)
[FINSEPA_PROVIDER_TRACE] EODHD fetchEodhdCryptoDailyBars {"symbol":"BTC-USD.CC"}
[FINSEPA_PROVIDER_TRACE] EODHD fetchEodhdCryptoDailyBars {"symbol":"ETH-USD.CC"}
 GET /macro?bench=bench-20260908-125010&step=14-macro 200 in 8.0s (next.js: 985ms, proxy.ts: 11ms, application-code: 7.0s)
 POST /api/portfolio/live-quotes 200 in 2.7s (next.js: 5ms, application-code: 2.6s)
[FINSEPA_PROVIDER_TRACE] EODHD fetchEodhdCryptoDailyBars {"symbol":"BTC-USD.CC"}
[FINSEPA_PROVIDER_TRACE] EODHD fetchEodhdCryptoDailyBars {"symbol":"ETH-USD.CC"}
[portfolio/workspace PUT] ledger warnings {
  userId: '52373158-0eff-48de-80ba-f9206ee0e52a',
  warnings: [
    {
      code: 'SELL_WITHOUT_POSITION',
      portfolioId: '6667854d-3cea-49f6-9aac-8a7340c82cb8',
      transactionId: '484eefe6-d749-45bf-9f2d-4a9006a26b62',
      message: 'Sell of AAL with no open position.',
      legacy: true
    },
    {
      code: 'SELL_WITHOUT_POSITION',
      portfolioId: '6667854d-3cea-49f6-9aac-8a7340c82cb8',
      transactionId: '6d6780cf-80b2-4b0d-a3ef-a5b13da610d6',
      message: 'Sell of WISH with no open position.',
      legacy: true
    },
    {
      code: 'SELL_WITHOUT_POSITION',
      portfolioId: '6667854d-3cea-49f6-9aac-8a7340c82cb8',
      transactionId: 'b3c3668a-1730-4300-bd49-255067fbb9c4',
      message: 'Sell of NNOX with no open position.',
      legacy: true
    },
    {
      code: 'SELL_EXCEEDS_AVAILABLE_SHARES',
      portfolioId: '6667854d-3cea-49f6-9aac-8a7340c82cb8',
      transactionId: '4120dc1a-c777-45f4-b033-802dda8bf9e1',
      message: 'Sell 2.195119 PEP exceeds available 2.',
      legacy: true
    }
  ],
  migrateReport: {
    sequenceReports: {
      '6667854d-3cea-49f6-9aac-8a7340c82cb8': [Object],
      '27085251-e3e2-4829-81ee-14004843637d': [Object],
      '6e1c8d68-72f3-4160-9874-6473edd2f7eb': [Object],
      'd972d6f7-1f89-492b-81cf-aaf5fba709f5': [Object],
      '1c9764f9-9feb-462d-8cbe-a61ade8b293c': [Object],
      'a8524493-d06d-4997-9949-ab2bb8e7258b': [Object],
      'e1d517c3-21d5-45d0-8125-fbbb5dbd23f4': [Object]
    },
    legacyTaggedByPortfolio: {},
    changed: false
  }
}
[FINSEPA_PROVIDER_TRACE] EODHD fetchEodhdRealtimeSymbolsRaw {"symbolsInRequest":14}
 PUT /api/portfolio/workspace 200 in 287ms (next.js: 1809µs, application-code: 285ms)
 POST /api/portfolio/live-quotes 200 in 2.3s (next.js: 1127µs, application-code: 2.3s)
 PUT /api/portfolios/listings 200 in 147ms (next.js: 1642µs, application-code: 145ms)
 POST /api/portfolio/live-quotes 200 in 2.3s (next.js: 1342µs, application-code: 2.3s)
 PUT /api/portfolios/listings 200 in 171ms (next.js: 940µs, application-code: 170ms)
[FINSEPA_PROVIDER_TRACE] EODHD fetchEodhdCryptoDailyBars {"symbol":"BTC-USD.CC"}
[FINSEPA_PROVIDER_TRACE] EODHD fetchEodhdCryptoDailyBars {"symbol":"ETH-USD.CC"}
 POST /api/portfolio/live-quotes 200 in 2.5s (next.js: 1060µs, application-code: 2.5s)
 PUT /api/portfolios/listings 200 in 144ms (next.js: 1185µs, application-code: 143ms)
 GET /__bench_bench-20260908-125010_14_hubs_end__ 404 in 31ms (next.js: 3ms, application-code: 28ms)
 GET /__bench_bench-20260908-125010_15_crypto_start__ 404 in 25ms (next.js: 3ms, application-code: 22ms)
 GET /login?next=%2Fscreener 200 in 33ms (next.js: 3ms, proxy.ts: 1336µs, application-code: 28ms)
 GET /login?next=%2Fcrypto%2FBTC-USD 200 in 27ms (next.js: 1625µs, proxy.ts: 1279µs, application-code: 24ms)
 GET /asset/BTC-USD 404 in 53ms (next.js: 6ms, application-code: 47ms)
 GET /login?next=%2Fstock%2FBTC-USD 200 in 37ms (next.js: 3ms, proxy.ts: 1386µs, application-code: 32ms)
[FINSEPA_PROVIDER_TRACE] EODHD fetchEodhdRealtimeSymbolsRaw {"symbolsInRequest":10}
[FINSEPA_PROVIDER_TRACE] EODHD fetchEodhdEodDailyBothCloses {"symbol":"AAL.US"}
[FINSEPA_PROVIDER_TRACE] EODHD fetchEodhdEodDailyBothCloses {"symbol":"AAPL.US"}
[FINSEPA_PROVIDER_TRACE] EODHD fetchEodhdEodDailyBothCloses {"symbol":"ADBE.US"}
[FINSEPA_PROVIDER_TRACE] EODHD fetchEodhdEodDailyBothCloses {"symbol":"AMZN.US"}
[FINSEPA_PROVIDER_TRACE] EODHD fetchEodhdEodDailyBothCloses {"symbol":"DIS.US"}
[FINSEPA_PROVIDER_TRACE] EODHD fetchEodhdEodDailyBothCloses {"symbol":"DPZ.US"}
[FINSEPA_PROVIDER_TRACE] EODHD fetchEodhdEodDailyBothCloses {"symbol":"EL.US"}
[FINSEPA_PROVIDER_TRACE] EODHD fetchEodhdEodDailyBothCloses {"symbol":"GOOGL.US"}
[FINSEPA_PROVIDER_TRACE] EODHD fetchEodhdEodDailyBothCloses {"symbol":"MCO.US"}
[FINSEPA_PROVIDER_TRACE] EODHD fetchEodhdEodDailyBothCloses {"symbol":"META.US"}
[FINSEPA_PROVIDER_TRACE] EODHD fetchEodhdEodDailyBothCloses {"symbol":"MSFT.US"}
[FINSEPA_PROVIDER_TRACE] EODHD fetchEodhdEodDailyBothCloses {"symbol":"NFLX.US"}
[FINSEPA_PROVIDER_TRACE] EODHD fetchEodhdEodDailyBothCloses {"symbol":"NKE.US"}
[FINSEPA_PROVIDER_TRACE] EODHD fetchEodhdEodDailyBothCloses {"symbol":"NNOX.US"}
[FINSEPA_PROVIDER_TRACE] EODHD fetchEodhdEodDailyBothCloses {"symbol":"PEP.US"}
[FINSEPA_PROVIDER_TRACE] EODHD fetchEodhdEodDailyBothCloses {"symbol":"PYPL.US"}
[FINSEPA_PROVIDER_TRACE] EODHD fetchEodhdEodDailyBothCloses {"symbol":"RACE.US"}
[FINSEPA_PROVIDER_TRACE] EODHD fetchEodhdEodDailyBothCloses {"symbol":"SBUX.US"}
[FINSEPA_PROVIDER_TRACE] EODHD fetchEodhdEodDailyBothCloses {"symbol":"V.US"}
[FINSEPA_PROVIDER_TRACE] EODHD fetchEodhdEodDailyBothCloses {"symbol":"VZ.US"}
[FINSEPA_PROVIDER_TRACE] EODHD fetchEodhdEodDailyBothCloses {"symbol":"WBD.US"}
[FINSEPA_PROVIDER_TRACE] EODHD fetchEodhdEodDailyBothCloses {"symbol":"WISH.US"}
 GET /api/notifications?count=1 200 in 101ms (next.js: 2ms, application-code: 99ms)
[FINSEPA_PROVIDER_TRACE] EODHD fetchEodhdEodDailyBothCloses {"symbol":"AAPL.US"}
[FINSEPA_PROVIDER_TRACE] EODHD fetchEodhdEodDailyBothCloses {"symbol":"ADBE.US"}
[FINSEPA_PROVIDER_TRACE] EODHD fetchEodhdEodDailyBothCloses {"symbol":"AMZN.US"}
[FINSEPA_PROVIDER_TRACE] EODHD fetchEodhdEodDailyBothCloses {"symbol":"GLXY.US"}
[FINSEPA_PROVIDER_TRACE] EODHD fetchEodhdEodDailyBothCloses {"symbol":"GOOGL.US"}
[FINSEPA_PROVIDER_TRACE] EODHD fetchEodhdEodDailyBothCloses {"symbol":"HOOD.US"}
[FINSEPA_PROVIDER_TRACE] EODHD fetchEodhdEodDailyBothCloses {"symbol":"IDXX.US"}
[FINSEPA_PROVIDER_TRACE] EODHD fetchEodhdEodDailyBothCloses {"symbol":"MAR.US"}
[FINSEPA_PROVIDER_TRACE] EODHD fetchEodhdEodDailyBothCloses {"symbol":"META.US"}
[FINSEPA_PROVIDER_TRACE] EODHD fetchEodhdEodDailyBothCloses {"symbol":"NFLX.US"}
[FINSEPA_PROVIDER_TRACE] EODHD fetchEodhdEodDailyBothCloses {"symbol":"PYPL.US"}
[FINSEPA_PROVIDER_TRACE] EODHD fetchEodhdEodDailyBothCloses {"symbol":"RACE.US"}
[FINSEPA_PROVIDER_TRACE] EODHD fetchEodhdEodDailyBothCloses {"symbol":"SPGI.US"}
[FINSEPA_PROVIDER_TRACE] EODHD fetchEodhdEodDailyBothCloses {"symbol":"SPOT.US"}
[FINSEPA_PROVIDER_TRACE] EODHD fetchEodhdEodDailyBothCloses {"symbol":"SYK.US"}
[FINSEPA_PROVIDER_TRACE] EODHD fetchEodhdEodDailyBothCloses {"symbol":"V.US"}
 GET /api/account/plan 200 in 137ms (next.js: 7ms, application-code: 131ms)
[FINSEPA_PROVIDER_TRACE] EODHD fetchEodhdRealtimeSymbolsRaw {"symbolsInRequest":7}
 GET /api/portfolio/workspace 200 in 157ms (next.js: 4ms, application-code: 152ms)
[FINSEPA_PROVIDER_TRACE] EODHD fetchEodhdEodDailyBothCloses {"symbol":"AAPL.US"}
[FINSEPA_PROVIDER_TRACE] EODHD fetchEodhdEodDailyBothCloses {"symbol":"COST.US"}
[FINSEPA_PROVIDER_TRACE] EODHD fetchEodhdEodDailyBothCloses {"symbol":"KO.US"}
[FINSEPA_PROVIDER_TRACE] EODHD fetchEodhdEodDailyBothCloses {"symbol":"META.US"}
[FINSEPA_PROVIDER_TRACE] EODHD fetchEodhdEodDailyBothCloses {"symbol":"NFLX.US"}
[FINSEPA_PROVIDER_TRACE] EODHD fetchEodhdEodDailyBothCloses {"symbol":"QQQ.US"}
[FINSEPA_PROVIDER_TRACE] EODHD fetchEodhdEodDailyBothCloses {"symbol":"SPGI.US"}
[FINSEPA_PROVIDER_TRACE] EODHD fetchEodhdEodDailyBothCloses {"symbol":"TSLA.US"}
[FINSEPA_PROVIDER_TRACE] EODHD fetchEodhdEodDailyBothCloses {"symbol":"UBER.US"}
[FINSEPA_PROVIDER_TRACE] EODHD fetchEodhdEodDailyBothCloses {"symbol":"V.US"}
[FINSEPA_PROVIDER_TRACE] scope=/screener ssr market=crypto eodhd_http=0 byFn={}
 GET /screener?market=crypto&bench=bench-20260908-125010&step=15-crypto 200 in 1113ms (next.js: 4ms, proxy.ts: 9ms, application-code: 1100ms)
[FINSEPA_PROVIDER_TRACE] EODHD fetchEodhdEodDailyBothCloses {"symbol":"AAPL.US"}
 POST /api/portfolio/stock-splits 200 in 1023ms (next.js: 1194µs, application-code: 1021ms)
 GET /api/search/recent 200 in 100ms (next.js: 1408µs, application-code: 99ms)
 GET /api/market/us-cache-epoch 200 in 4ms (next.js: 1441µs, application-code: 3ms)
 GET /api/search/recent 200 in 73ms (next.js: 1111µs, application-code: 72ms)
 POST /api/portfolio/stock-splits 200 in 1221ms (next.js: 1473µs, application-code: 1220ms)
 POST /api/portfolio/stock-splits 200 in 1349ms (next.js: 1539µs, application-code: 1348ms)
 POST /api/portfolio/stock-splits 200 in 859ms (next.js: 973µs, application-code: 858ms)
 GET /api/superinvestor-follows 200 in 71ms (next.js: 1597µs, application-code: 70ms)
 GET /api/watchlist 200 in 126ms (next.js: 1069µs, application-code: 125ms)
 GET /api/watchlist 200 in 318ms (next.js: 1328µs, application-code: 317ms)
[portfolio/workspace PUT] ledger warnings {
  userId: '52373158-0eff-48de-80ba-f9206ee0e52a',
  warnings: [
    {
      code: 'SELL_WITHOUT_POSITION',
      portfolioId: '6667854d-3cea-49f6-9aac-8a7340c82cb8',
      transactionId: '484eefe6-d749-45bf-9f2d-4a9006a26b62',
      message: 'Sell of AAL with no open position.',
      legacy: true
    },
    {
      code: 'SELL_WITHOUT_POSITION',
      portfolioId: '6667854d-3cea-49f6-9aac-8a7340c82cb8',
      transactionId: '6d6780cf-80b2-4b0d-a3ef-a5b13da610d6',
      message: 'Sell of WISH with no open position.',
      legacy: true
    },
    {
      code: 'SELL_WITHOUT_POSITION',
      portfolioId: '6667854d-3cea-49f6-9aac-8a7340c82cb8',
      transactionId: 'b3c3668a-1730-4300-bd49-255067fbb9c4',
      message: 'Sell of NNOX with no open position.',
      legacy: true
    },
    {
      code: 'SELL_EXCEEDS_AVAILABLE_SHARES',
      portfolioId: '6667854d-3cea-49f6-9aac-8a7340c82cb8',
      transactionId: '4120dc1a-c777-45f4-b033-802dda8bf9e1',
      message: 'Sell 2.195119 PEP exceeds available 2.',
      legacy: true
    }
  ],
  migrateReport: {
    sequenceReports: {
      '6667854d-3cea-49f6-9aac-8a7340c82cb8': [Object],
      '27085251-e3e2-4829-81ee-14004843637d': [Object],
      '6e1c8d68-72f3-4160-9874-6473edd2f7eb': [Object],
      'd972d6f7-1f89-492b-81cf-aaf5fba709f5': [Object],
      '1c9764f9-9feb-462d-8cbe-a61ade8b293c': [Object],
      'a8524493-d06d-4997-9949-ab2bb8e7258b': [Object],
      'e1d517c3-21d5-45d0-8125-fbbb5dbd23f4': [Object]
    },
    legacyTaggedByPortfolio: {},
    changed: false
  }
}
 GET /api/screener/crypto-rows?page=1&pageSize=50 200 in 394ms (next.js: 233ms, application-code: 161ms)
 GET /api/screener/crypto-rows?page=1&pageSize=100 200 in 551ms (next.js: 354ms, application-code: 197ms)
 PUT /api/portfolio/workspace 200 in 293ms (next.js: 1591µs, application-code: 291ms)
[FINSEPA_PROVIDER_TRACE] EODHD fetchEodhdCryptoDailyBars {"symbol":"BTC-USD.CC"}
[FINSEPA_PROVIDER_TRACE] EODHD fetchEodhdCryptoDailyBars {"symbol":"ETH-USD.CC"}
[FINSEPA_PROVIDER_TRACE] EODHD fetchEodhdCryptoDailyBars {"symbol":"SOL-USD.CC"}
 POST /api/portfolio/live-quotes 200 in 1078ms (next.js: 992µs, application-code: 1077ms)
 POST /api/portfolio/live-quotes 200 in 2.4s (next.js: 2ms, application-code: 2.4s)
[FINSEPA_PROVIDER_TRACE] EODHD fetchEodhdRealtimeSymbolsRaw {"symbolsInRequest":10}
 GET /api/watchlist 200 in 118ms (next.js: 1095µs, application-code: 117ms)
 GET /api/media/logo?kind=domain&h=stacks.co&theme=dark 200 in 591ms (next.js: 1388µs, application-code: 590ms)
[portfolio/workspace PUT] ledger warnings {
  userId: '52373158-0eff-48de-80ba-f9206ee0e52a',
  warnings: [
    {
      code: 'SELL_WITHOUT_POSITION',
      portfolioId: '6667854d-3cea-49f6-9aac-8a7340c82cb8',
      transactionId: '484eefe6-d749-45bf-9f2d-4a9006a26b62',
      message: 'Sell of AAL with no open position.',
      legacy: true
    },
    {
      code: 'SELL_WITHOUT_POSITION',
      portfolioId: '6667854d-3cea-49f6-9aac-8a7340c82cb8',
      transactionId: '6d6780cf-80b2-4b0d-a3ef-a5b13da610d6',
      message: 'Sell of WISH with no open position.',
      legacy: true
    },
    {
      code: 'SELL_WITHOUT_POSITION',
      portfolioId: '6667854d-3cea-49f6-9aac-8a7340c82cb8',
      transactionId: 'b3c3668a-1730-4300-bd49-255067fbb9c4',
      message: 'Sell of NNOX with no open position.',
      legacy: true
    },
    {
      code: 'SELL_EXCEEDS_AVAILABLE_SHARES',
      portfolioId: '6667854d-3cea-49f6-9aac-8a7340c82cb8',
      transactionId: '4120dc1a-c777-45f4-b033-802dda8bf9e1',
      message: 'Sell 2.195119 PEP exceeds available 2.',
      legacy: true
    }
  ],
  migrateReport: {
    sequenceReports: {
      '6667854d-3cea-49f6-9aac-8a7340c82cb8': [Object],
      '27085251-e3e2-4829-81ee-14004843637d': [Object],
      '6e1c8d68-72f3-4160-9874-6473edd2f7eb': [Object],
      'd972d6f7-1f89-492b-81cf-aaf5fba709f5': [Object],
      '1c9764f9-9feb-462d-8cbe-a61ade8b293c': [Object],
      'a8524493-d06d-4997-9949-ab2bb8e7258b': [Object],
      'e1d517c3-21d5-45d0-8125-fbbb5dbd23f4': [Object]
    },
    legacyTaggedByPortfolio: {},
    changed: false
  }
}
 GET /api/media/logo?kind=crypto&c=ETC&theme=dark 200 in 765ms (next.js: 1131µs, application-code: 764ms)
 PUT /api/portfolio/workspace 200 in 300ms (next.js: 1177µs, application-code: 299ms)
 GET /api/media/logo?kind=crypto&c=CAKE&theme=dark 200 in 331ms (next.js: 1407µs, application-code: 329ms)
 GET /api/media/logo?kind=crypto&c=ICP&theme=dark 200 in 906ms (next.js: 1113µs, application-code: 904ms)
[FINSEPA_PROVIDER_TRACE] EODHD fetchEodhdRealtimeSymbolsRaw {"symbolsInRequest":9}
[portfolio/workspace PUT] ledger warnings {
  userId: '52373158-0eff-48de-80ba-f9206ee0e52a',
  warnings: [
    {
      code: 'SELL_WITHOUT_POSITION',
      portfolioId: '6667854d-3cea-49f6-9aac-8a7340c82cb8',
      transactionId: '484eefe6-d749-45bf-9f2d-4a9006a26b62',
      message: 'Sell of AAL with no open position.',
      legacy: true
    },
    {
      code: 'SELL_WITHOUT_POSITION',
      portfolioId: '6667854d-3cea-49f6-9aac-8a7340c82cb8',
      transactionId: '6d6780cf-80b2-4b0d-a3ef-a5b13da610d6',
      message: 'Sell of WISH with no open position.',
      legacy: true
    },
    {
      code: 'SELL_WITHOUT_POSITION',
      portfolioId: '6667854d-3cea-49f6-9aac-8a7340c82cb8',
      transactionId: 'b3c3668a-1730-4300-bd49-255067fbb9c4',
      message: 'Sell of NNOX with no open position.',
      legacy: true
    },
    {
      code: 'SELL_EXCEEDS_AVAILABLE_SHARES',
      portfolioId: '6667854d-3cea-49f6-9aac-8a7340c82cb8',
      transactionId: '4120dc1a-c777-45f4-b033-802dda8bf9e1',
      message: 'Sell 2.195119 PEP exceeds available 2.',
      legacy: true
    }
  ],
  migrateReport: {
    sequenceReports: {
      '6667854d-3cea-49f6-9aac-8a7340c82cb8': [Object],
      '27085251-e3e2-4829-81ee-14004843637d': [Object],
      '6e1c8d68-72f3-4160-9874-6473edd2f7eb': [Object],
      'd972d6f7-1f89-492b-81cf-aaf5fba709f5': [Object],
      '1c9764f9-9feb-462d-8cbe-a61ade8b293c': [Object],
      'a8524493-d06d-4997-9949-ab2bb8e7258b': [Object],
      'e1d517c3-21d5-45d0-8125-fbbb5dbd23f4': [Object]
    },
    legacyTaggedByPortfolio: {},
    changed: false
  }
}
 GET /api/media/logo?kind=crypto&c=JTO&theme=dark 200 in 318ms (next.js: 1177µs, application-code: 317ms)
 PUT /api/portfolio/workspace 200 in 271ms (next.js: 1108µs, application-code: 270ms)
 GET /api/watchlist 200 in 117ms (next.js: 1136µs, application-code: 116ms)
 GET /api/media/logo?kind=crypto&c=KAS&theme=dark 200 in 438ms (next.js: 1125µs, application-code: 437ms)
[portfolio/workspace PUT] ledger warnings {
  userId: '52373158-0eff-48de-80ba-f9206ee0e52a',
  warnings: [
    {
      code: 'SELL_WITHOUT_POSITION',
      portfolioId: '6667854d-3cea-49f6-9aac-8a7340c82cb8',
      transactionId: '484eefe6-d749-45bf-9f2d-4a9006a26b62',
      message: 'Sell of AAL with no open position.',
      legacy: true
    },
    {
      code: 'SELL_WITHOUT_POSITION',
      portfolioId: '6667854d-3cea-49f6-9aac-8a7340c82cb8',
      transactionId: '6d6780cf-80b2-4b0d-a3ef-a5b13da610d6',
      message: 'Sell of WISH with no open position.',
      legacy: true
    },
    {
      code: 'SELL_WITHOUT_POSITION',
      portfolioId: '6667854d-3cea-49f6-9aac-8a7340c82cb8',
      transactionId: 'b3c3668a-1730-4300-bd49-255067fbb9c4',
      message: 'Sell of NNOX with no open position.',
      legacy: true
    },
    {
      code: 'SELL_EXCEEDS_AVAILABLE_SHARES',
      portfolioId: '6667854d-3cea-49f6-9aac-8a7340c82cb8',
      transactionId: '4120dc1a-c777-45f4-b033-802dda8bf9e1',
      message: 'Sell 2.195119 PEP exceeds available 2.',
      legacy: true
    }
  ],
  migrateReport: {
    sequenceReports: {
      '6667854d-3cea-49f6-9aac-8a7340c82cb8': [Object],
      '27085251-e3e2-4829-81ee-14004843637d': [Object],
      '6e1c8d68-72f3-4160-9874-6473edd2f7eb': [Object],
      'd972d6f7-1f89-492b-81cf-aaf5fba709f5': [Object],
      '1c9764f9-9feb-462d-8cbe-a61ade8b293c': [Object],
      'a8524493-d06d-4997-9949-ab2bb8e7258b': [Object],
      'e1d517c3-21d5-45d0-8125-fbbb5dbd23f4': [Object]
    },
    legacyTaggedByPortfolio: {},
    changed: false
  }
}
 GET /api/screener/crypto-rows?page=1&pageSize=50 200 in 142ms (next.js: 1224µs, application-code: 140ms)
 PUT /api/portfolio/workspace 200 in 271ms (next.js: 1052µs, application-code: 270ms)
 POST /api/portfolio/live-quotes 200 in 3.3s (next.js: 1427µs, application-code: 3.3s)
 GET /api/screener/crypto-rows?page=1&pageSize=100 200 in 155ms (next.js: 1244µs, application-code: 153ms)
[FINSEPA_PROVIDER_TRACE] EODHD fetchEodhdCryptoDailyBars {"symbol":"BTC-USD.CC"}
[FINSEPA_PROVIDER_TRACE] EODHD fetchEodhdCryptoDailyBars {"symbol":"ETH-USD.CC"}
[FINSEPA_PROVIDER_TRACE] EODHD fetchEodhdCryptoDailyBars {"symbol":"SOL-USD.CC"}
[FINSEPA_PROVIDER_TRACE] EODHD fetchEodhdCryptoDailyBars {"symbol":"BTC-USD.CC"}
[FINSEPA_PROVIDER_TRACE] EODHD fetchEodhdCryptoDailyBars {"symbol":"ETH-USD.CC"}
[FINSEPA_PROVIDER_TRACE] EODHD fetchEodhdCryptoDailyBars {"symbol":"BTC-USD.CC"}
[FINSEPA_PROVIDER_TRACE] EODHD fetchEodhdCryptoDailyBars {"symbol":"ETH-USD.CC"}
 POST /api/portfolio/live-quotes 200 in 2.2s (next.js: 2ms, application-code: 2.2s)
[FINSEPA_PROVIDER_TRACE] EODHD fetchEodhdRealtimeSymbolsRaw {"symbolsInRequest":14}
[portfolio/workspace PUT] ledger warnings {
  userId: '52373158-0eff-48de-80ba-f9206ee0e52a',
  warnings: [
    {
      code: 'SELL_WITHOUT_POSITION',
      portfolioId: '6667854d-3cea-49f6-9aac-8a7340c82cb8',
      transactionId: '484eefe6-d749-45bf-9f2d-4a9006a26b62',
      message: 'Sell of AAL with no open position.',
      legacy: true
    },
    {
      code: 'SELL_WITHOUT_POSITION',
      portfolioId: '6667854d-3cea-49f6-9aac-8a7340c82cb8',
      transactionId: '6d6780cf-80b2-4b0d-a3ef-a5b13da610d6',
      message: 'Sell of WISH with no open position.',
      legacy: true
    },
    {
      code: 'SELL_WITHOUT_POSITION',
      portfolioId: '6667854d-3cea-49f6-9aac-8a7340c82cb8',
      transactionId: 'b3c3668a-1730-4300-bd49-255067fbb9c4',
      message: 'Sell of NNOX with no open position.',
      legacy: true
    },
    {
      code: 'SELL_EXCEEDS_AVAILABLE_SHARES',
      portfolioId: '6667854d-3cea-49f6-9aac-8a7340c82cb8',
      transactionId: '4120dc1a-c777-45f4-b033-802dda8bf9e1',
      message: 'Sell 2.195119 PEP exceeds available 2.',
      legacy: true
    }
  ],
  migrateReport: {
    sequenceReports: {
      '6667854d-3cea-49f6-9aac-8a7340c82cb8': [Object],
      '27085251-e3e2-4829-81ee-14004843637d': [Object],
      '6e1c8d68-72f3-4160-9874-6473edd2f7eb': [Object],
      'd972d6f7-1f89-492b-81cf-aaf5fba709f5': [Object],
      '1c9764f9-9feb-462d-8cbe-a61ade8b293c': [Object],
      'a8524493-d06d-4997-9949-ab2bb8e7258b': [Object],
      'e1d517c3-21d5-45d0-8125-fbbb5dbd23f4': [Object]
    },
    legacyTaggedByPortfolio: {},
    changed: false
  }
}
 POST /api/portfolio/live-quotes 200 in 2.2s (next.js: 1238µs, application-code: 2.2s)
 POST /api/portfolio/live-quotes 200 in 2.5s (next.js: 1024µs, application-code: 2.5s)
 PUT /api/portfolio/workspace 200 in 275ms (next.js: 1144µs, application-code: 274ms)
 PUT /api/portfolios/listings 200 in 128ms (next.js: 1456µs, application-code: 127ms)
 PUT /api/portfolios/listings 200 in 122ms (next.js: 1082µs, application-code: 121ms)
[FINSEPA_PROVIDER_TRACE] EODHD fetchEodhdCryptoDailyBars {"symbol":"BTC-USD.CC"}
[FINSEPA_PROVIDER_TRACE] EODHD fetchEodhdCryptoDailyBars {"symbol":"ETH-USD.CC"}
 POST /api/portfolio/live-quotes 200 in 3.3s (next.js: 2ms, application-code: 3.3s)
 PUT /api/portfolios/listings 200 in 133ms (next.js: 1224µs, application-code: 132ms)
 GET /__bench_bench-20260908-125010_15_crypto_asset_start__ 404 in 27ms (next.js: 2ms, application-code: 24ms)
 GET /crypto/BTC-USD?bench=bench-20260908-125010&step=15-btc 200 in 3.7s (next.js: 3.4s, proxy.ts: 8ms, application-code: 316ms)
[FINSEPA_PROVIDER_TRACE] EODHD fetchEodhdRealtimeSymbolsRaw {"symbolsInRequest":15}
[FINSEPA_PROVIDER_TRACE] EODHD fetchEodhdEodDailyBothCloses {"symbol":"AAL.US"}
[FINSEPA_PROVIDER_TRACE] EODHD fetchEodhdEodDailyBothCloses {"symbol":"AAPL.US"}
[FINSEPA_PROVIDER_TRACE] EODHD fetchEodhdEodDailyBothCloses {"symbol":"ADBE.US"}
[FINSEPA_PROVIDER_TRACE] EODHD fetchEodhdEodDailyBothCloses {"symbol":"AMZN.US"}
[FINSEPA_PROVIDER_TRACE] EODHD fetchEodhdEodDailyBothCloses {"symbol":"DIS.US"}
[FINSEPA_PROVIDER_TRACE] EODHD fetchEodhdEodDailyBothCloses {"symbol":"DPZ.US"}
[FINSEPA_PROVIDER_TRACE] EODHD fetchEodhdEodDailyBothCloses {"symbol":"EL.US"}
[FINSEPA_PROVIDER_TRACE] EODHD fetchEodhdEodDailyBothCloses {"symbol":"GOOGL.US"}
[FINSEPA_PROVIDER_TRACE] EODHD fetchEodhdEodDailyBothCloses {"symbol":"MCO.US"}
[FINSEPA_PROVIDER_TRACE] EODHD fetchEodhdEodDailyBothCloses {"symbol":"META.US"}
[FINSEPA_PROVIDER_TRACE] EODHD fetchEodhdEodDailyBothCloses {"symbol":"MSFT.US"}
[FINSEPA_PROVIDER_TRACE] EODHD fetchEodhdEodDailyBothCloses {"symbol":"NFLX.US"}
[FINSEPA_PROVIDER_TRACE] EODHD fetchEodhdEodDailyBothCloses {"symbol":"NKE.US"}
[FINSEPA_PROVIDER_TRACE] EODHD fetchEodhdEodDailyBothCloses {"symbol":"NNOX.US"}
[FINSEPA_PROVIDER_TRACE] EODHD fetchEodhdEodDailyBothCloses {"symbol":"PEP.US"}
[FINSEPA_PROVIDER_TRACE] EODHD fetchEodhdEodDailyBothCloses {"symbol":"PYPL.US"}
[FINSEPA_PROVIDER_TRACE] EODHD fetchEodhdEodDailyBothCloses {"symbol":"RACE.US"}
[FINSEPA_PROVIDER_TRACE] EODHD fetchEodhdEodDailyBothCloses {"symbol":"SBUX.US"}
[FINSEPA_PROVIDER_TRACE] EODHD fetchEodhdEodDailyBothCloses {"symbol":"V.US"}
[FINSEPA_PROVIDER_TRACE] EODHD fetchEodhdEodDailyBothCloses {"symbol":"VZ.US"}
[FINSEPA_PROVIDER_TRACE] EODHD fetchEodhdEodDailyBothCloses {"symbol":"WBD.US"}
[FINSEPA_PROVIDER_TRACE] EODHD fetchEodhdEodDailyBothCloses {"symbol":"WISH.US"}
[FINSEPA_PROVIDER_TRACE] EODHD fetchEodhdEodDailyBothCloses {"symbol":"AAPL.US"}
[FINSEPA_PROVIDER_TRACE] EODHD fetchEodhdEodDailyBothCloses {"symbol":"ADBE.US"}
[FINSEPA_PROVIDER_TRACE] EODHD fetchEodhdEodDailyBothCloses {"symbol":"AMZN.US"}
[FINSEPA_PROVIDER_TRACE] EODHD fetchEodhdEodDailyBothCloses {"symbol":"GLXY.US"}
[FINSEPA_PROVIDER_TRACE] EODHD fetchEodhdEodDailyBothCloses {"symbol":"GOOGL.US"}
[FINSEPA_PROVIDER_TRACE] EODHD fetchEodhdEodDailyBothCloses {"symbol":"HOOD.US"}
[FINSEPA_PROVIDER_TRACE] EODHD fetchEodhdEodDailyBothCloses {"symbol":"IDXX.US"}
[FINSEPA_PROVIDER_TRACE] EODHD fetchEodhdEodDailyBothCloses {"symbol":"MAR.US"}
[FINSEPA_PROVIDER_TRACE] EODHD fetchEodhdEodDailyBothCloses {"symbol":"META.US"}
[FINSEPA_PROVIDER_TRACE] EODHD fetchEodhdEodDailyBothCloses {"symbol":"NFLX.US"}
[FINSEPA_PROVIDER_TRACE] EODHD fetchEodhdEodDailyBothCloses {"symbol":"PYPL.US"}
[FINSEPA_PROVIDER_TRACE] EODHD fetchEodhdEodDailyBothCloses {"symbol":"RACE.US"}
[FINSEPA_PROVIDER_TRACE] EODHD fetchEodhdEodDailyBothCloses {"symbol":"SPGI.US"}
[FINSEPA_PROVIDER_TRACE] EODHD fetchEodhdEodDailyBothCloses {"symbol":"SPOT.US"}
[FINSEPA_PROVIDER_TRACE] EODHD fetchEodhdEodDailyBothCloses {"symbol":"SYK.US"}
[FINSEPA_PROVIDER_TRACE] EODHD fetchEodhdEodDailyBothCloses {"symbol":"V.US"}
[browser] A tree hydrated but some attributes of the server rendered HTML didn't match the client properties. This won't be patched up. This can happen if a SSR-ed Client Component used:

- A server/client branch `if (typeof window !== 'undefined')`.
- Variable input such as `Date.now()` or `Math.random()` which changes each time it's called.
- Date formatting in a user's locale which doesn't match the server.
- External changing data without sending a snapshot of it along with the HTML.
- Invalid HTML tag nesting.

It can also happen if the client has a browser extension installed which messes with the HTML before React loaded.

https://react.dev/link/hydration-mismatch

  ...
    <div id="app-shell-..." suppressHydrationWarning={true} className="mobile-doc...">
      <Suspense>
      <Suspense>
      <div>
      <div suppressHydrationWarning={true} className="shell-desk..." style={{...}}>
        <div suppressHydrationWarning={true} className="shell-desk...">
          <SidebarEdgeCollapseHandle>
          <div suppressHydrationWarning={true} className="shell-desk...">
            <div>
            <div className="relative z...">
              <Topbar userId="52373158-0..." userInitials="VR" avatarUrl="https://lh..." userDisplayName="Vladimir R..." ...>
                <div className="flex w-ful...">
                  <header suppressHydrationWarning={true} className="flex min-w...">
                    <div className="flex min-w...">
                      <MobileAssetTopbarChrome>
                        <div className="relative f...">
                          <button>
                          <div className="pointer-ev...">
                            <MobileAssetTopbarTitle line1="BTC-USD" line2={null} line2Exchange={null} ...>
                              <div className="mx-auto mi...">
                                <p
                                  className="truncate text-[14px] font-semibold leading-5 text-fg"
-                                 data-cursor-ref="e28"
                                >
+                                 BTC-USD
                          ...
                    <div className="hidden h-9...">
                      <div className="min-w-0 w-...">
                        <TopbarSearch>
                          <TopbarDelayedTooltip label="Search" enabled={true} className="flex min-w...">
                            <div ref={{current:null}} suppressHydrationWarning={true} className="relative m..." ...>
                              <div className="relative w...">
                                <div ref={{current:null}} role="search" data-open="false" className="relative f..." ...>
                                  <span>
                                  <input
                                    ref={{current:null}}
                                    data-topbar-search-input={true}
                                    type="text"
                                    inputMode="search"
                                    tabIndex={-1}
                                    readOnly={true}
                                    value=""
                                    onChange={function onChange}
                                    placeholder="Search..."
                                    className="absolute inset-0 z-[1] h-full w-full min-w-0 cursor-text bg-transparent..."
                                    style={{transitionDuration:"280ms",transitionTimingFunction:"cubic-bezi...",paddingLeft:40, ...}}
                                    autoComplete="off"
                                    autoCorrect="off"
                                    enterKeyHint="search"
                                    role="searchbox"
                                    aria-label="Search"
                                    aria-expanded={false}
                                    aria-controls="topbar-search-results"
                                    aria-autocomplete="list"
-                                   data-cursor-ref="e14"
                                  >
                                  ...
                                ...
                    ...
                      <TopbarPortfolioBlock>
                        <TopbarDelayedTooltip label="My Portfolio" className="inline-fle...">
                          <div ref={{current:null}} suppressHydrationWarning={true} className="relative m..." ...>
                            <div suppressHydrationWarning={true} className="flex h-9 m...">
                              <LinkComponent>
                              <TransactionPortfolioField variant="compact" compactMenuAlign="trailing">
                                <div ref={{current:null}} className="relative f...">
                                  <button
                                    type="button"
                                    onClick={function onClick}
                                    aria-expanded={false}
                                    aria-haspopup="listbox"
                                    aria-label="Portfolio menu"
                                    className="flex h-9 w-9 shrink-0 cursor-pointer items-center justify-center rounde..."
-                                   data-cursor-ref="e18"
                                  >
                ...
          ...
      ...
 
    at console.error (lib/auth/suppress-stale-auth-console-errors.ts:32:5)
  30 |   console.error = (...args: unknown[]) => {
  31 |     if (args.some(looksLikeStaleAuthConsoleArg)) return;
> 32 |     original(...args);
     |     ^
  33 |   };
  34 | }
  35 | (lib/auth/suppress-stale-auth-console-errors.ts:32:5)
[browser] A tree hydrated but some attributes of the server rendered HTML didn't match the client properties. This won't be patched up. This can happen if a SSR-ed Client Component used:

- A server/client branch `if (typeof window !== 'undefined')`.
- Variable input such as `Date.now()` or `Math.random()` which changes each time it's called.
- Date formatting in a user's locale which doesn't match the server.
- External changing data without sending a snapshot of it along with the HTML.
- Invalid HTML tag nesting.

It can also happen if the client has a browser extension installed which messes with the HTML before React loaded.

https://react.dev/link/hydration-mismatch

  ...
    <div id="app-shell-..." suppressHydrationWarning={true} className="mobile-doc...">
      <Suspense>
      <Suspense>
      <div>
      <div suppressHydrationWarning={true} className="shell-desk..." style={{...}}>
        <div suppressHydrationWarning={true} className="shell-desk...">
          <SidebarEdgeCollapseHandle>
          <div>
          <div suppressHydrationWarning={true} className="shell-desk...">
            <main>
            <Suspense fallback={null}>
              <WatchlistRail>
                <div suppressHydrationWarning={true} className="hidden h-f..." style={{width:"300px"}} ...>
                  <div suppressHydrationWarning={true} className="flex h-ful..." style={{width:"300px"}}>
                    <div className="flex shrin...">
                      <WatchlistRailTitleSkeleton>
                      <WatchlistRailFullPageLink>
                        <TopbarDelayedTooltip label="Open full ..." placement="left">
                          <div ref={{current:null}} suppressHydrationWarning={true} className="relative i..." ...>
                            <LinkComponent href="/watchlist" prefetch={false} aria-label="Open full ..." ...>
                              <a
                                aria-label="Open full watchlist"
                                className="flex h-9 w-9 shrink-0 items-center justify-center rounded-[10px] text-fg tr..."
                                ref={function}
                                onClick={function onClick}
                                onMouseEnter={function onMouseEnter}
                                onTouchStart={function onTouchStart}
                                href="/watchlist"
-                               data-cursor-ref="e20"
                              >
                      <WatchlistRailToggle expanded={true} ...>
                        <TopbarDelayedTooltip label="Collapse w..." placement="left">
                          <div ref={{current:null}} suppressHydrationWarning={true} className="relative i..." ...>
                            <button
                              type="button"
                              onClick={function WatchlistRailLayoutProvider.useCallback[toggleCollapsed]}
                              aria-expanded={true}
                              aria-label="Collapse watchlist"
                              className="flex h-9 w-9 shrink-0 items-center justify-center rounded-[10px] text-fg tran..."
-                             data-cursor-ref="e21"
                            >
                    ...
      ...
 
    at console.error (lib/auth/suppress-stale-auth-console-errors.ts:32:5)
  30 |   console.error = (...args: unknown[]) => {
  31 |     if (args.some(looksLikeStaleAuthConsoleArg)) return;
> 32 |     original(...args);
     |     ^
  33 |   };
  34 | }
  35 | (lib/auth/suppress-stale-auth-console-errors.ts:32:5)
 GET /api/notifications?count=1 200 in 86ms (next.js: 5ms, application-code: 82ms)
 GET /api/account/plan 200 in 174ms (next.js: 7ms, application-code: 168ms)
 GET /api/portfolio/workspace 200 in 189ms (next.js: 5ms, application-code: 184ms)
[FINSEPA_PROVIDER_TRACE] EODHD fetchEodhdEodDailyBothCloses {"symbol":"AAPL.US"}
[FINSEPA_PROVIDER_TRACE] EODHD fetchEodhdEodDailyBothCloses {"symbol":"COST.US"}
[FINSEPA_PROVIDER_TRACE] EODHD fetchEodhdEodDailyBothCloses {"symbol":"KO.US"}
[FINSEPA_PROVIDER_TRACE] EODHD fetchEodhdEodDailyBothCloses {"symbol":"META.US"}
[FINSEPA_PROVIDER_TRACE] EODHD fetchEodhdEodDailyBothCloses {"symbol":"NFLX.US"}
[FINSEPA_PROVIDER_TRACE] EODHD fetchEodhdEodDailyBothCloses {"symbol":"QQQ.US"}
[FINSEPA_PROVIDER_TRACE] EODHD fetchEodhdEodDailyBothCloses {"symbol":"SPGI.US"}
[FINSEPA_PROVIDER_TRACE] EODHD fetchEodhdEodDailyBothCloses {"symbol":"TSLA.US"}
[FINSEPA_PROVIDER_TRACE] EODHD fetchEodhdEodDailyBothCloses {"symbol":"UBER.US"}
[FINSEPA_PROVIDER_TRACE] EODHD fetchEodhdEodDailyBothCloses {"symbol":"V.US"}
 POST /api/portfolio/live-quotes 200 in 381ms (next.js: 2ms, application-code: 378ms)
 POST /api/portfolio/stock-splits 200 in 343ms (next.js: 1834µs, application-code: 341ms)
 POST /api/portfolio/live-quotes 200 in 197ms (next.js: 1490µs, application-code: 196ms)
 POST /api/portfolio/stock-splits 200 in 182ms (next.js: 3ms, application-code: 179ms)
 POST /api/portfolio/stock-splits 200 in 343ms (next.js: 4ms, application-code: 339ms)
[FINSEPA_PROVIDER_TRACE] EODHD fetchEodhdCryptoDailyBars {"symbol":"BTC-USD.CC"}
[FINSEPA_PROVIDER_TRACE] EODHD fetchEodhdIntraday {"symbol":"BTC-USD.CC"}
[FINSEPA_PROVIDER_TRACE] EODHD fetchEodhdIntraday {"symbol":"BTC-USD.CC"}
[FINSEPA_PROVIDER_TRACE] EODHD loadCryptoNewsUncached {"symbol":"BTC-USD.CC"}
[FINSEPA_PROVIDER_TRACE] EODHD fetchEodhdIntraday {"symbol":"BTC-USD.CC"}
 GET /api/watchlist 200 in 164ms (next.js: 3ms, application-code: 161ms)
[FINSEPA_PROVIDER_TRACE] EODHD fetchEodhdEodDailyBothCloses {"symbol":"AAL.US"}
[FINSEPA_PROVIDER_TRACE] EODHD fetchEodhdEodDailyBothCloses {"symbol":"AAPL.US"}
[FINSEPA_PROVIDER_TRACE] EODHD fetchEodhdEodDailyBothCloses {"symbol":"ADBE.US"}
[FINSEPA_PROVIDER_TRACE] EODHD fetchEodhdEodDailyBothCloses {"symbol":"AMZN.US"}
[FINSEPA_PROVIDER_TRACE] EODHD fetchEodhdEodDailyBothCloses {"symbol":"DIS.US"}
[FINSEPA_PROVIDER_TRACE] EODHD fetchEodhdEodDailyBothCloses {"symbol":"DPZ.US"}
[FINSEPA_PROVIDER_TRACE] EODHD fetchEodhdEodDailyBothCloses {"symbol":"EL.US"}
[FINSEPA_PROVIDER_TRACE] EODHD fetchEodhdEodDailyBothCloses {"symbol":"GOOGL.US"}
[FINSEPA_PROVIDER_TRACE] EODHD fetchEodhdEodDailyBothCloses {"symbol":"MCO.US"}
[FINSEPA_PROVIDER_TRACE] EODHD fetchEodhdEodDailyBothCloses {"symbol":"META.US"}
[FINSEPA_PROVIDER_TRACE] EODHD fetchEodhdEodDailyBothCloses {"symbol":"MSFT.US"}
[FINSEPA_PROVIDER_TRACE] EODHD fetchEodhdEodDailyBothCloses {"symbol":"NFLX.US"}
[FINSEPA_PROVIDER_TRACE] EODHD fetchEodhdEodDailyBothCloses {"symbol":"NKE.US"}
[FINSEPA_PROVIDER_TRACE] EODHD fetchEodhdEodDailyBothCloses {"symbol":"NNOX.US"}
[FINSEPA_PROVIDER_TRACE] EODHD fetchEodhdEodDailyBothCloses {"symbol":"PEP.US"}
[FINSEPA_PROVIDER_TRACE] EODHD fetchEodhdEodDailyBothCloses {"symbol":"PYPL.US"}
[FINSEPA_PROVIDER_TRACE] EODHD fetchEodhdEodDailyBothCloses {"symbol":"RACE.US"}
[FINSEPA_PROVIDER_TRACE] EODHD fetchEodhdEodDailyBothCloses {"symbol":"SBUX.US"}
[FINSEPA_PROVIDER_TRACE] EODHD fetchEodhdEodDailyBothCloses {"symbol":"V.US"}
[FINSEPA_PROVIDER_TRACE] EODHD fetchEodhdEodDailyBothCloses {"symbol":"VZ.US"}
[FINSEPA_PROVIDER_TRACE] EODHD fetchEodhdEodDailyBothCloses {"symbol":"WBD.US"}
[FINSEPA_PROVIDER_TRACE] EODHD fetchEodhdEodDailyBothCloses {"symbol":"WISH.US"}
 GET /api/notifications?count=1 200 in 77ms (next.js: 6ms, application-code: 72ms)
[FINSEPA_PROVIDER_TRACE] EODHD fetchEodhdEodDailyBothCloses {"symbol":"AAPL.US"}
[FINSEPA_PROVIDER_TRACE] EODHD fetchEodhdEodDailyBothCloses {"symbol":"ADBE.US"}
[FINSEPA_PROVIDER_TRACE] EODHD fetchEodhdEodDailyBothCloses {"symbol":"AMZN.US"}
[FINSEPA_PROVIDER_TRACE] EODHD fetchEodhdEodDailyBothCloses {"symbol":"GLXY.US"}
[FINSEPA_PROVIDER_TRACE] EODHD fetchEodhdEodDailyBothCloses {"symbol":"GOOGL.US"}
[FINSEPA_PROVIDER_TRACE] EODHD fetchEodhdEodDailyBothCloses {"symbol":"HOOD.US"}
[FINSEPA_PROVIDER_TRACE] EODHD fetchEodhdEodDailyBothCloses {"symbol":"IDXX.US"}
[FINSEPA_PROVIDER_TRACE] EODHD fetchEodhdEodDailyBothCloses {"symbol":"MAR.US"}
[FINSEPA_PROVIDER_TRACE] EODHD fetchEodhdEodDailyBothCloses {"symbol":"META.US"}
[FINSEPA_PROVIDER_TRACE] EODHD fetchEodhdEodDailyBothCloses {"symbol":"NFLX.US"}
[FINSEPA_PROVIDER_TRACE] EODHD fetchEodhdEodDailyBothCloses {"symbol":"PYPL.US"}
[FINSEPA_PROVIDER_TRACE] EODHD fetchEodhdEodDailyBothCloses {"symbol":"RACE.US"}
[FINSEPA_PROVIDER_TRACE] EODHD fetchEodhdEodDailyBothCloses {"symbol":"SPGI.US"}
[FINSEPA_PROVIDER_TRACE] EODHD fetchEodhdEodDailyBothCloses {"symbol":"SPOT.US"}
[FINSEPA_PROVIDER_TRACE] EODHD fetchEodhdEodDailyBothCloses {"symbol":"SYK.US"}
[FINSEPA_PROVIDER_TRACE] EODHD fetchEodhdEodDailyBothCloses {"symbol":"V.US"}
 GET /api/portfolio/workspace 200 in 163ms (next.js: 6ms, application-code: 156ms)
 GET /api/account/plan 200 in 179ms (next.js: 8ms, application-code: 171ms)
[FINSEPA_PROVIDER_TRACE] EODHD fetchEodhdEodDailyBothCloses {"symbol":"AAPL.US"}
[FINSEPA_PROVIDER_TRACE] EODHD fetchEodhdEodDailyBothCloses {"symbol":"COST.US"}
[FINSEPA_PROVIDER_TRACE] EODHD fetchEodhdEodDailyBothCloses {"symbol":"KO.US"}
[FINSEPA_PROVIDER_TRACE] EODHD fetchEodhdEodDailyBothCloses {"symbol":"META.US"}
[FINSEPA_PROVIDER_TRACE] EODHD fetchEodhdEodDailyBothCloses {"symbol":"NFLX.US"}
[FINSEPA_PROVIDER_TRACE] EODHD fetchEodhdEodDailyBothCloses {"symbol":"QQQ.US"}
[FINSEPA_PROVIDER_TRACE] EODHD fetchEodhdEodDailyBothCloses {"symbol":"SPGI.US"}
[FINSEPA_PROVIDER_TRACE] EODHD fetchEodhdEodDailyBothCloses {"symbol":"TSLA.US"}
[FINSEPA_PROVIDER_TRACE] EODHD fetchEodhdEodDailyBothCloses {"symbol":"UBER.US"}
[FINSEPA_PROVIDER_TRACE] EODHD fetchEodhdEodDailyBothCloses {"symbol":"V.US"}
[eodhd intraday] raw provider row sample {
  sym: 'BTC-USD.CC',
  interval: '5m',
  rowCount: 223,
  firstRow: {
    timestamp: 1788771600,
    gmtoffset: 0,
    datetime: '2026-09-07 09:00:00',
    open: 79426.578125,
    high: 79457.882812,
    low: 79417.84375,
    close: 79430.539062,
    volume: 37830656
  }
}
[eodhd intraday] empty { sym: 'BTC-USD.CC', interval: '1m' }
[FINSEPA_PROVIDER_TRACE] EODHD fetchEodhdIntraday {"symbol":"BTC-USDT.CC"}
 POST /api/portfolio/stock-splits 200 in 1005ms (next.js: 1605µs, application-code: 1004ms)
[FINSEPA_PROVIDER_TRACE] EODHD fetchEodhdEodDailyBothCloses {"symbol":"AAPL.US"}
[eodhd intraday] non-OK { sym: 'BTC-USDT.CC', interval: '1m', status: 404 }
[crypto-1d-ws] BTC {
  restBarCount: 223,
  wsBarCount: 1441,
  wsOverlayUsed: true,
  mergedPointCount: 1441,
  outputBucketSec: 120,
  pointCount: 721,
  realCount: 721,
  syntheticCount: 0,
  maxGapSeconds: 120,
  lastRealBar: '2026-09-08T08:58:00.000Z',
  lastSyntheticBar: null,
  firstPointTime: '2026-09-07T08:58:00.000Z',
  lastPointTime: '2026-09-08T08:58:00.000Z'
}
 POST /api/portfolio/stock-splits 200 in 1203ms (next.js: 3ms, application-code: 1200ms)
 POST /api/portfolio/stock-splits 200 in 1187ms (next.js: 1414µs, application-code: 1185ms)
 GET /api/market/us-cache-epoch 200 in 5ms (next.js: 1547µs, application-code: 3ms)
 GET /api/search/recent 200 in 145ms (next.js: 1276µs, application-code: 144ms)
 POST /api/portfolio/stock-splits 200 in 309ms (next.js: 1774µs, application-code: 308ms)
 GET /api/superinvestor-follows 200 in 74ms (next.js: 1879µs, application-code: 72ms)
 GET /api/watchlist 200 in 132ms (next.js: 1847µs, application-code: 130ms)
 GET /api/watchlist 200 in 146ms (next.js: 1054µs, application-code: 145ms)
[portfolio/workspace PUT] ledger warnings {
  userId: '52373158-0eff-48de-80ba-f9206ee0e52a',
  warnings: [
    {
      code: 'SELL_WITHOUT_POSITION',
      portfolioId: '6667854d-3cea-49f6-9aac-8a7340c82cb8',
      transactionId: '484eefe6-d749-45bf-9f2d-4a9006a26b62',
      message: 'Sell of AAL with no open position.',
      legacy: true
    },
    {
      code: 'SELL_WITHOUT_POSITION',
      portfolioId: '6667854d-3cea-49f6-9aac-8a7340c82cb8',
      transactionId: '6d6780cf-80b2-4b0d-a3ef-a5b13da610d6',
      message: 'Sell of WISH with no open position.',
      legacy: true
    },
    {
      code: 'SELL_WITHOUT_POSITION',
      portfolioId: '6667854d-3cea-49f6-9aac-8a7340c82cb8',
      transactionId: 'b3c3668a-1730-4300-bd49-255067fbb9c4',
      message: 'Sell of NNOX with no open position.',
      legacy: true
    },
    {
      code: 'SELL_EXCEEDS_AVAILABLE_SHARES',
      portfolioId: '6667854d-3cea-49f6-9aac-8a7340c82cb8',
      transactionId: '4120dc1a-c777-45f4-b033-802dda8bf9e1',
      message: 'Sell 2.195119 PEP exceeds available 2.',
      legacy: true
    }
  ],
  migrateReport: {
    sequenceReports: {
      '6667854d-3cea-49f6-9aac-8a7340c82cb8': [Object],
      '27085251-e3e2-4829-81ee-14004843637d': [Object],
      '6e1c8d68-72f3-4160-9874-6473edd2f7eb': [Object],
      'd972d6f7-1f89-492b-81cf-aaf5fba709f5': [Object],
      '1c9764f9-9feb-462d-8cbe-a61ade8b293c': [Object],
      'a8524493-d06d-4997-9949-ab2bb8e7258b': [Object],
      'e1d517c3-21d5-45d0-8125-fbbb5dbd23f4': [Object]
    },
    legacyTaggedByPortfolio: {},
    changed: false
  }
}
[FINSEPA_PROVIDER_TRACE] EODHD fetchEodhdRealtimeSymbolsRaw {"symbolsInRequest":7}
 GET /api/watchlist 200 in 140ms (next.js: 983µs, application-code: 139ms)
 PUT /api/portfolio/workspace 200 in 300ms (next.js: 1010µs, application-code: 299ms)
 GET /api/search/recent 200 in 81ms (next.js: 1018µs, application-code: 80ms)
 GET /api/watchlist 200 in 118ms (next.js: 1017µs, application-code: 117ms)
[portfolio/workspace PUT] ledger warnings {
  userId: '52373158-0eff-48de-80ba-f9206ee0e52a',
  warnings: [
    {
      code: 'SELL_WITHOUT_POSITION',
      portfolioId: '6667854d-3cea-49f6-9aac-8a7340c82cb8',
      transactionId: '484eefe6-d749-45bf-9f2d-4a9006a26b62',
      message: 'Sell of AAL with no open position.',
      legacy: true
    },
    {
      code: 'SELL_WITHOUT_POSITION',
      portfolioId: '6667854d-3cea-49f6-9aac-8a7340c82cb8',
      transactionId: '6d6780cf-80b2-4b0d-a3ef-a5b13da610d6',
      message: 'Sell of WISH with no open position.',
      legacy: true
    },
    {
      code: 'SELL_WITHOUT_POSITION',
      portfolioId: '6667854d-3cea-49f6-9aac-8a7340c82cb8',
      transactionId: 'b3c3668a-1730-4300-bd49-255067fbb9c4',
      message: 'Sell of NNOX with no open position.',
      legacy: true
    },
    {
      code: 'SELL_EXCEEDS_AVAILABLE_SHARES',
      portfolioId: '6667854d-3cea-49f6-9aac-8a7340c82cb8',
      transactionId: '4120dc1a-c777-45f4-b033-802dda8bf9e1',
      message: 'Sell 2.195119 PEP exceeds available 2.',
      legacy: true
    }
  ],
  migrateReport: {
    sequenceReports: {
      '6667854d-3cea-49f6-9aac-8a7340c82cb8': [Object],
      '27085251-e3e2-4829-81ee-14004843637d': [Object],
      '6e1c8d68-72f3-4160-9874-6473edd2f7eb': [Object],
      'd972d6f7-1f89-492b-81cf-aaf5fba709f5': [Object],
      '1c9764f9-9feb-462d-8cbe-a61ade8b293c': [Object],
      'a8524493-d06d-4997-9949-ab2bb8e7258b': [Object],
      'e1d517c3-21d5-45d0-8125-fbbb5dbd23f4': [Object]
    },
    legacyTaggedByPortfolio: {},
    changed: false
  }
}
 PUT /api/portfolio/workspace 200 in 282ms (next.js: 1201µs, application-code: 281ms)
[eodhd intraday] raw provider row sample {
  sym: 'BTC-USD.CC',
  interval: '1h',
  rowCount: 8983,
  firstRow: {
    timestamp: 1756112400,
    gmtoffset: 0,
    datetime: '2025-08-25 09:00:00',
    open: 111449.40625,
    high: 111786.054687,
    low: 111240.710937,
    close: 111786.054687,
    volume: 2041970688
  }
}
[stock chart] 1Y intraday attempt {
  ticker: 'BTC-USD.CC',
  interval: '1h',
  barCount: 8872,
  disableUsSessionFilters: true
}
[FINSEPA_PROVIDER_TRACE] EODHD fetchEodhdCryptoFundamentalsMeta {"symbol":"BTC-USD.CC"}
[FINSEPA_PROVIDER_TRACE] EODHD fetchEodhdCryptoDailyBars {"symbol":"BTC-USD.CC"}
[FINSEPA_PROVIDER_TRACE] EODHD fetchEodhdCryptoDailyBars {"symbol":"ETH-USD.CC"}
[FINSEPA_PROVIDER_TRACE] EODHD fetchEodhdCryptoDailyBars {"symbol":"BTC-USD.CC"}
[FINSEPA_PROVIDER_TRACE] EODHD fetchEodhdCryptoDailyBars {"symbol":"ETH-USD.CC"}
[FINSEPA_PROVIDER_TRACE] EODHD fetchEodhdCryptoDailyBars {"symbol":"BTC-USD.CC"}
[FINSEPA_PROVIDER_TRACE] EODHD fetchEodhdCryptoDailyBars {"symbol":"ETH-USD.CC"}
[FINSEPA_PROVIDER_TRACE] EODHD fetchEodhdCryptoDailyBars {"symbol":"SOL-USD.CC"}
[FINSEPA_PROVIDER_TRACE] EODHD fetchEodhdCryptoDailyBars {"symbol":"BTC-USD.CC"}
[FINSEPA_PROVIDER_TRACE] EODHD fetchEodhdCryptoDailyBars {"symbol":"ETH-USD.CC"}
[FINSEPA_PROVIDER_TRACE] EODHD fetchEodhdCryptoDailyBars {"symbol":"SOL-USD.CC"}
[FINSEPA_PROVIDER_TRACE] EODHD fetchEodhdCryptoDailyBars {"symbol":"BTC-USD.CC"}
[FINSEPA_PROVIDER_TRACE] EODHD fetchEodhdCryptoDailyBars {"symbol":"ETH-USD.CC"}
[FINSEPA_PROVIDER_TRACE] EODHD fetchEodhdCryptoDailyBars {"symbol":"BTC-USD.CC"}
[FINSEPA_PROVIDER_TRACE] EODHD fetchEodhdCryptoDailyBars {"symbol":"ETH-USD.CC"}
[FINSEPA_PROVIDER_TRACE] EODHD fetchEodhdCryptoDailyBars {"symbol":"SOL-USD.CC"}
[FINSEPA_PROVIDER_TRACE] EODHD fetchEodhdCryptoDailyBars {"symbol":"BTC-USD.CC"}
[FINSEPA_PROVIDER_TRACE] EODHD fetchEodhdCryptoDailyBars {"symbol":"ETH-USD.CC"}
[FINSEPA_PROVIDER_TRACE] EODHD fetchEodhdCryptoDailyBars {"symbol":"SOL-USD.CC"}
[FINSEPA_PROVIDER_TRACE] EODHD fetchEodhdCryptoDailyBars {"symbol":"BTC-USD.CC"}
[FINSEPA_PROVIDER_TRACE] EODHD fetchEodhdCryptoDailyBars {"symbol":"ETH-USD.CC"}
[FINSEPA_PROVIDER_TRACE] EODHD fetchEodhdCryptoDailyBars {"symbol":"SOL-USD.CC"}
[portfolio/workspace PUT] ledger warnings {
  userId: '52373158-0eff-48de-80ba-f9206ee0e52a',
  warnings: [
    {
      code: 'SELL_WITHOUT_POSITION',
      portfolioId: '6667854d-3cea-49f6-9aac-8a7340c82cb8',
      transactionId: '484eefe6-d749-45bf-9f2d-4a9006a26b62',
      message: 'Sell of AAL with no open position.',
      legacy: true
    },
    {
      code: 'SELL_WITHOUT_POSITION',
      portfolioId: '6667854d-3cea-49f6-9aac-8a7340c82cb8',
      transactionId: '6d6780cf-80b2-4b0d-a3ef-a5b13da610d6',
      message: 'Sell of WISH with no open position.',
      legacy: true
    },
    {
      code: 'SELL_WITHOUT_POSITION',
      portfolioId: '6667854d-3cea-49f6-9aac-8a7340c82cb8',
      transactionId: 'b3c3668a-1730-4300-bd49-255067fbb9c4',
      message: 'Sell of NNOX with no open position.',
      legacy: true
    },
    {
      code: 'SELL_EXCEEDS_AVAILABLE_SHARES',
      portfolioId: '6667854d-3cea-49f6-9aac-8a7340c82cb8',
      transactionId: '4120dc1a-c777-45f4-b033-802dda8bf9e1',
      message: 'Sell 2.195119 PEP exceeds available 2.',
      legacy: true
    }
  ],
  migrateReport: {
    sequenceReports: {
      '6667854d-3cea-49f6-9aac-8a7340c82cb8': [Object],
      '27085251-e3e2-4829-81ee-14004843637d': [Object],
      '6e1c8d68-72f3-4160-9874-6473edd2f7eb': [Object],
      'd972d6f7-1f89-492b-81cf-aaf5fba709f5': [Object],
      '1c9764f9-9feb-462d-8cbe-a61ade8b293c': [Object],
      'a8524493-d06d-4997-9949-ab2bb8e7258b': [Object],
      'e1d517c3-21d5-45d0-8125-fbbb5dbd23f4': [Object]
    },
    legacyTaggedByPortfolio: {},
    changed: false
  }
}
 PUT /api/portfolio/workspace 200 in 355ms (next.js: 10ms, application-code: 345ms)
[FINSEPA_PROVIDER_TRACE] EODHD fetchEodhdRealtimeSymbolsRaw {"symbolsInRequest":14}
[FINSEPA_PROVIDER_TRACE] EODHD fetchEodhdCryptoDailyBars {"symbol":"BTC-USD.CC"}
[FINSEPA_PROVIDER_TRACE] EODHD fetchEodhdCryptoDailyBars {"symbol":"ETH-USD.CC"}
 GET /crypto/BTC 200 in 5.3s (next.js: 5ms, proxy.ts: 8ms, application-code: 5.3s)
 POST /api/portfolio/live-quotes 200 in 3.5s (next.js: 1149µs, application-code: 3.5s)
 POST /api/portfolio/live-quotes 200 in 4.8s (next.js: 1603µs, application-code: 4.8s)
 POST /api/portfolio/live-quotes 200 in 3.2s (next.js: 1005µs, application-code: 3.2s)
 POST /api/portfolio/live-quotes 200 in 5.0s (next.js: 3ms, application-code: 5.0s)
 PUT /api/portfolios/listings 200 in 160ms (next.js: 4ms, application-code: 156ms)
 GET /api/search/recent 200 in 114ms (next.js: 1851µs, application-code: 112ms)
 GET /api/search/recent 200 in 67ms (next.js: 1191µs, application-code: 66ms)
[portfolio/workspace PUT] ledger warnings {
  userId: '52373158-0eff-48de-80ba-f9206ee0e52a',
  warnings: [
    {
      code: 'SELL_WITHOUT_POSITION',
      portfolioId: '6667854d-3cea-49f6-9aac-8a7340c82cb8',
      transactionId: '484eefe6-d749-45bf-9f2d-4a9006a26b62',
      message: 'Sell of AAL with no open position.',
      legacy: true
    },
    {
      code: 'SELL_WITHOUT_POSITION',
      portfolioId: '6667854d-3cea-49f6-9aac-8a7340c82cb8',
      transactionId: '6d6780cf-80b2-4b0d-a3ef-a5b13da610d6',
      message: 'Sell of WISH with no open position.',
      legacy: true
    },
    {
      code: 'SELL_WITHOUT_POSITION',
      portfolioId: '6667854d-3cea-49f6-9aac-8a7340c82cb8',
      transactionId: 'b3c3668a-1730-4300-bd49-255067fbb9c4',
      message: 'Sell of NNOX with no open position.',
      legacy: true
    },
    {
      code: 'SELL_EXCEEDS_AVAILABLE_SHARES',
      portfolioId: '6667854d-3cea-49f6-9aac-8a7340c82cb8',
      transactionId: '4120dc1a-c777-45f4-b033-802dda8bf9e1',
      message: 'Sell 2.195119 PEP exceeds available 2.',
      legacy: true
    }
  ],
  migrateReport: {
    sequenceReports: {
      '6667854d-3cea-49f6-9aac-8a7340c82cb8': [Object],
      '27085251-e3e2-4829-81ee-14004843637d': [Object],
      '6e1c8d68-72f3-4160-9874-6473edd2f7eb': [Object],
      'd972d6f7-1f89-492b-81cf-aaf5fba709f5': [Object],
      '1c9764f9-9feb-462d-8cbe-a61ade8b293c': [Object],
      'a8524493-d06d-4997-9949-ab2bb8e7258b': [Object],
      'e1d517c3-21d5-45d0-8125-fbbb5dbd23f4': [Object]
    },
    legacyTaggedByPortfolio: {},
    changed: false
  }
}
 PUT /api/portfolio/workspace 200 in 290ms (next.js: 5ms, application-code: 285ms)
[FINSEPA_PROVIDER_TRACE] EODHD fetchEodhdRealtimeSymbolsRaw {"symbolsInRequest":14}
[FINSEPA_PROVIDER_TRACE] EODHD fetchEodhdIntraday {"symbol":"BTC-USD.CC"}
[FINSEPA_PROVIDER_TRACE] EODHD fetchEodhdIntraday {"symbol":"BTC-USD.CC"}
[FINSEPA_PROVIDER_TRACE] EODHD fetchEodhdIntraday {"symbol":"BTC-USD.CC"}
[FINSEPA_PROVIDER_TRACE] EODHD fetchEodhdIntraday {"symbol":"BTC-USD.CC"}
 POST /api/portfolio/live-quotes 200 in 2.7s (next.js: 1035µs, application-code: 2.7s)
[crypto-live-price api] BTC {
  source: 'ws',
  price: 78380.61,
  quotedAtSec: 1788857880,
  quotedAt: '2026-09-08T08:58:00.000Z',
  cacheControl: 'private, no-store'
}
 GET /api/crypto/BTC/live-price 200 in 1094ms (next.js: 943ms, application-code: 151ms)
[crypto-live-price api] BTC {
  source: 'ws',
  price: 78380.61,
  quotedAtSec: 1788857880,
  quotedAt: '2026-09-08T08:58:00.000Z',
  cacheControl: 'private, no-store'
}
 GET /api/crypto/BTC/live-price 200 in 1161ms (next.js: 942ms, application-code: 219ms)
 PUT /api/portfolios/listings 200 in 228ms (next.js: 1351µs, application-code: 227ms)
[eodhd intraday] empty { sym: 'BTC-USD.CC', interval: '1m' }
[FINSEPA_PROVIDER_TRACE] EODHD fetchEodhdIntraday {"symbol":"BTC-USDT.CC"}
[eodhd intraday] empty { sym: 'BTC-USD.CC', interval: '1m' }
[FINSEPA_PROVIDER_TRACE] EODHD fetchEodhdIntraday {"symbol":"BTC-USDT.CC"}
[eodhd intraday] raw provider row sample {
  sym: 'BTC-USD.CC',
  interval: '5m',
  rowCount: 223,
  firstRow: {
    timestamp: 1788771600,
    gmtoffset: 0,
    datetime: '2026-09-07 09:00:00',
    open: 79426.578125,
    high: 79457.882812,
    low: 79417.84375,
    close: 79430.539062,
    volume: 37830656
  }
}
[eodhd intraday] raw provider row sample {
  sym: 'BTC-USD.CC',
  interval: '5m',
  rowCount: 223,
  firstRow: {
    timestamp: 1788771600,
    gmtoffset: 0,
    datetime: '2026-09-07 09:00:00',
    open: 79426.578125,
    high: 79457.882812,
    low: 79417.84375,
    close: 79430.539062,
    volume: 37830656
  }
}
[eodhd intraday] non-OK { sym: 'BTC-USDT.CC', interval: '1m', status: 404 }
[crypto-1d-ws] BTC {
  restBarCount: 223,
  wsBarCount: 1441,
  wsOverlayUsed: true,
  mergedPointCount: 1441,
  outputBucketSec: 120,
  pointCount: 721,
  realCount: 721,
  syntheticCount: 0,
  maxGapSeconds: 120,
  lastRealBar: '2026-09-08T08:58:00.000Z',
  lastSyntheticBar: null,
  firstPointTime: '2026-09-07T08:58:00.000Z',
  lastPointTime: '2026-09-08T08:58:00.000Z'
}
[crypto-chart-api] BTC {
  range: '1D',
  series: 'price',
  pointCount: 721,
  stockPipeline: false,
  firstPointTime: '2026-09-07T08:58:00.000Z',
  lastPointTime: '2026-09-08T08:58:00.000Z'
}
[eodhd intraday] non-OK { sym: 'BTC-USDT.CC', interval: '1m', status: 404 }
[crypto-1d-ws] BTC {
  restBarCount: 223,
  wsBarCount: 1441,
  wsOverlayUsed: true,
  mergedPointCount: 1441,
  outputBucketSec: 120,
  pointCount: 721,
  realCount: 721,
  syntheticCount: 0,
  maxGapSeconds: 120,
  lastRealBar: '2026-09-08T08:58:00.000Z',
  lastSyntheticBar: null,
  firstPointTime: '2026-09-07T08:58:00.000Z',
  lastPointTime: '2026-09-08T08:58:00.000Z'
}
[crypto-chart-api] BTC {
  range: '1D',
  series: 'price',
  pointCount: 721,
  stockPipeline: false,
  firstPointTime: '2026-09-07T08:58:00.000Z',
  lastPointTime: '2026-09-08T08:58:00.000Z'
}
 GET /api/crypto/BTC/chart?range=1D&series=price 200 in 1702ms (next.js: 981ms, application-code: 722ms)
 GET /api/crypto/BTC/chart?range=1D&series=price 200 in 1706ms (next.js: 984ms, application-code: 722ms)
[FINSEPA_PROVIDER_TRACE] EODHD fetchEodhdCryptoDailyBars {"symbol":"BTC-USD.CC"}
[FINSEPA_PROVIDER_TRACE] EODHD fetchEodhdCryptoDailyBars {"symbol":"ETH-USD.CC"}
 POST /api/portfolio/live-quotes 200 in 2.7s (next.js: 1212µs, application-code: 2.7s)
 PUT /api/portfolios/listings 200 in 163ms (next.js: 10ms, application-code: 153ms)
 GET /__bench_bench-20260908-125010_15_crypto_end__ 404 in 36ms (next.js: 4ms, application-code: 32ms)
 GET /__bench_bench-20260908-125010_16_search_start__ 404 in 24ms (next.js: 3ms, application-code: 21ms)
 GET /api/notifications?count=1 200 in 110ms (next.js: 1764µs, application-code: 108ms)
[crypto-live-price api] BTC {
  source: 'ws',
  price: 78380.62,
  quotedAtSec: 1788857940,
  quotedAt: '2026-09-08T08:59:00.000Z',
  cacheControl: 'private, no-store'
}
 GET /api/crypto/BTC/live-price 200 in 241ms (next.js: 10ms, application-code: 230ms)
[FINSEPA_PROVIDER_TRACE] EODHD fetchEodhdSearch {"q":"msft","limit":120}
[FINSEPA_PROVIDER_TRACE] EODHD fetchEodhdExchangeSymbolListUncached {"exchange":"CC"}
[FINSEPA_PROVIDER_TRACE] EODHD fetchEodhdScreenerUncached {"offset":0,"limit":100}
[FINSEPA_PROVIDER_TRACE] EODHD fetchEodhdScreenerUncached {"offset":100,"limit":100}
[FINSEPA_PROVIDER_TRACE] EODHD fetchEodhdScreenerUncached {"offset":200,"limit":100}
[FINSEPA_PROVIDER_TRACE] EODHD fetchEodhdScreenerUncached {"offset":300,"limit":100}
[FINSEPA_PROVIDER_TRACE] EODHD fetchEodhdScreenerUncached {"offset":400,"limit":100}
[FINSEPA_PROVIDER_TRACE] EODHD fetchEodhdScreenerUncached {"offset":500,"limit":100}
[FINSEPA_PROVIDER_TRACE] EODHD fetchEodhdScreenerUncached {"offset":600,"limit":100}
[FINSEPA_PROVIDER_TRACE] EODHD fetchEodhdScreenerUncached {"offset":700,"limit":100}
[FINSEPA_PROVIDER_TRACE] EODHD fetchEodhdScreenerUncached {"offset":800,"limit":100}
[FINSEPA_PROVIDER_TRACE] EODHD fetchEodhdScreenerUncached {"offset":900,"limit":100}
 GET /api/search?q=MSFT 200 in 1471ms (next.js: 83ms, application-code: 1388ms)
 GET /__bench_bench-20260908-125010_16_search_end__ 404 in 37ms (next.js: 3ms, application-code: 34ms)
 GET /__bench_bench-20260908-125010_16_open_msft__ 404 in 28ms (next.js: 1944µs, application-code: 26ms)
 GET /api/notifications?count=1 200 in 100ms (next.js: 1734µs, application-code: 99ms)
[FINSEPA_PROVIDER_TRACE] EODHD fetchEodhdRealtimeSymbolsRaw {"symbolsInRequest":10}
[FINSEPA_PROVIDER_TRACE] EODHD fetchEodhdEodDailyBothCloses {"symbol":"AAL.US"}
[FINSEPA_PROVIDER_TRACE] EODHD fetchEodhdEodDailyBothCloses {"symbol":"AAPL.US"}
[FINSEPA_PROVIDER_TRACE] EODHD fetchEodhdEodDailyBothCloses {"symbol":"ADBE.US"}
[FINSEPA_PROVIDER_TRACE] EODHD fetchEodhdEodDailyBothCloses {"symbol":"AMZN.US"}
[FINSEPA_PROVIDER_TRACE] EODHD fetchEodhdEodDailyBothCloses {"symbol":"DIS.US"}
[FINSEPA_PROVIDER_TRACE] EODHD fetchEodhdEodDailyBothCloses {"symbol":"DPZ.US"}
[FINSEPA_PROVIDER_TRACE] EODHD fetchEodhdEodDailyBothCloses {"symbol":"EL.US"}
[FINSEPA_PROVIDER_TRACE] EODHD fetchEodhdEodDailyBothCloses {"symbol":"GOOGL.US"}
[FINSEPA_PROVIDER_TRACE] EODHD fetchEodhdEodDailyBothCloses {"symbol":"MCO.US"}
[FINSEPA_PROVIDER_TRACE] EODHD fetchEodhdEodDailyBothCloses {"symbol":"META.US"}
[FINSEPA_PROVIDER_TRACE] EODHD fetchEodhdEodDailyBothCloses {"symbol":"MSFT.US"}
[FINSEPA_PROVIDER_TRACE] EODHD fetchEodhdEodDailyBothCloses {"symbol":"NFLX.US"}
[FINSEPA_PROVIDER_TRACE] EODHD fetchEodhdEodDailyBothCloses {"symbol":"NKE.US"}
[FINSEPA_PROVIDER_TRACE] EODHD fetchEodhdEodDailyBothCloses {"symbol":"NNOX.US"}
[FINSEPA_PROVIDER_TRACE] EODHD fetchEodhdEodDailyBothCloses {"symbol":"PEP.US"}
[FINSEPA_PROVIDER_TRACE] EODHD fetchEodhdEodDailyBothCloses {"symbol":"PYPL.US"}
[FINSEPA_PROVIDER_TRACE] EODHD fetchEodhdEodDailyBothCloses {"symbol":"RACE.US"}
[FINSEPA_PROVIDER_TRACE] EODHD fetchEodhdEodDailyBothCloses {"symbol":"SBUX.US"}
[FINSEPA_PROVIDER_TRACE] EODHD fetchEodhdEodDailyBothCloses {"symbol":"V.US"}
[FINSEPA_PROVIDER_TRACE] EODHD fetchEodhdEodDailyBothCloses {"symbol":"VZ.US"}
[FINSEPA_PROVIDER_TRACE] EODHD fetchEodhdEodDailyBothCloses {"symbol":"WBD.US"}
[FINSEPA_PROVIDER_TRACE] EODHD fetchEodhdEodDailyBothCloses {"symbol":"WISH.US"}
 GET /stock/MSFT?bench=bench-20260908-125010&step=16-search-open 200 in 723ms (next.js: 7ms, proxy.ts: 10ms, application-code: 706ms)
 GET /api/notifications?count=1 200 in 93ms (next.js: 10ms, application-code: 84ms)
[FINSEPA_PROVIDER_TRACE] EODHD fetchEodhdEodDailyBothCloses {"symbol":"AAPL.US"}
[FINSEPA_PROVIDER_TRACE] EODHD fetchEodhdEodDailyBothCloses {"symbol":"ADBE.US"}
[FINSEPA_PROVIDER_TRACE] EODHD fetchEodhdEodDailyBothCloses {"symbol":"AMZN.US"}
[FINSEPA_PROVIDER_TRACE] EODHD fetchEodhdEodDailyBothCloses {"symbol":"GLXY.US"}
[FINSEPA_PROVIDER_TRACE] EODHD fetchEodhdEodDailyBothCloses {"symbol":"GOOGL.US"}
[FINSEPA_PROVIDER_TRACE] EODHD fetchEodhdEodDailyBothCloses {"symbol":"HOOD.US"}
[FINSEPA_PROVIDER_TRACE] EODHD fetchEodhdEodDailyBothCloses {"symbol":"IDXX.US"}
[FINSEPA_PROVIDER_TRACE] EODHD fetchEodhdEodDailyBothCloses {"symbol":"MAR.US"}
[FINSEPA_PROVIDER_TRACE] EODHD fetchEodhdEodDailyBothCloses {"symbol":"META.US"}
[FINSEPA_PROVIDER_TRACE] EODHD fetchEodhdEodDailyBothCloses {"symbol":"NFLX.US"}
[FINSEPA_PROVIDER_TRACE] EODHD fetchEodhdEodDailyBothCloses {"symbol":"PYPL.US"}
[FINSEPA_PROVIDER_TRACE] EODHD fetchEodhdEodDailyBothCloses {"symbol":"RACE.US"}
[FINSEPA_PROVIDER_TRACE] EODHD fetchEodhdEodDailyBothCloses {"symbol":"SPGI.US"}
[FINSEPA_PROVIDER_TRACE] EODHD fetchEodhdEodDailyBothCloses {"symbol":"SPOT.US"}
[FINSEPA_PROVIDER_TRACE] EODHD fetchEodhdEodDailyBothCloses {"symbol":"SYK.US"}
[FINSEPA_PROVIDER_TRACE] EODHD fetchEodhdEodDailyBothCloses {"symbol":"V.US"}
[FINSEPA_PROVIDER_TRACE] EODHD fetchEodhdRealtimeSymbolsRaw {"symbolsInRequest":7}
 GET /api/portfolio/workspace 200 in 137ms (next.js: 13ms, application-code: 124ms)
[FINSEPA_PROVIDER_TRACE] EODHD fetchEodhdEodDailyBothCloses {"symbol":"AAPL.US"}
[FINSEPA_PROVIDER_TRACE] EODHD fetchEodhdEodDailyBothCloses {"symbol":"COST.US"}
[FINSEPA_PROVIDER_TRACE] EODHD fetchEodhdEodDailyBothCloses {"symbol":"KO.US"}
[FINSEPA_PROVIDER_TRACE] EODHD fetchEodhdEodDailyBothCloses {"symbol":"META.US"}
[FINSEPA_PROVIDER_TRACE] EODHD fetchEodhdEodDailyBothCloses {"symbol":"NFLX.US"}
[FINSEPA_PROVIDER_TRACE] EODHD fetchEodhdEodDailyBothCloses {"symbol":"QQQ.US"}
[FINSEPA_PROVIDER_TRACE] EODHD fetchEodhdEodDailyBothCloses {"symbol":"SPGI.US"}
[FINSEPA_PROVIDER_TRACE] EODHD fetchEodhdEodDailyBothCloses {"symbol":"TSLA.US"}
[FINSEPA_PROVIDER_TRACE] EODHD fetchEodhdEodDailyBothCloses {"symbol":"UBER.US"}
[FINSEPA_PROVIDER_TRACE] EODHD fetchEodhdEodDailyBothCloses {"symbol":"V.US"}
 GET /api/account/plan 200 in 197ms (next.js: 15ms, application-code: 182ms)
[FINSEPA_PROVIDER_TRACE] EODHD fetchEodhdEodDailyBothCloses {"symbol":"AAPL.US"}
 POST /api/portfolio/stock-splits 200 in 1019ms (next.js: 1247µs, application-code: 1018ms)
 POST /api/portfolio/stock-splits 200 in 918ms (next.js: 1199µs, application-code: 917ms)
 GET /api/market/us-cache-epoch 200 in 5ms (next.js: 1927µs, application-code: 3ms)
[FINSEPA_PROVIDER_TRACE] EODHD fetchEodhdIntraday {"symbol":"MSFT.US"}
 GET /api/search/recent 200 in 98ms (next.js: 1285µs, application-code: 97ms)
[FINSEPA_PROVIDER_TRACE] EODHD fetchEodhdIntraday {"symbol":"MSFT.US"}
 POST /api/portfolio/stock-splits 200 in 1301ms (next.js: 7ms, application-code: 1293ms)
 POST /api/portfolio/stock-splits 200 in 1259ms (next.js: 1029µs, application-code: 1257ms)
[FINSEPA_PROVIDER_TRACE] EODHD fetchEodhdIntraday {"symbol":"MSFT.US"}
 GET /api/stocks/MSFT/key-indicators 200 in 168ms (next.js: 6ms, application-code: 162ms)
[FINSEPA_PROVIDER_TRACE] EODHD fetchEodhdEodDaily {"symbol":"MSFT.US","closeMode":"adjusted"}
[eodhd intraday] raw provider row sample {
  sym: 'MSFT.US',
  interval: '1m',
  rowCount: 391,
  firstRow: {
    timestamp: 1788528600,
    gmtoffset: 0,
    datetime: '2026-09-04 13:30:00',
    open: 510,
    high: 511,
    low: 508.5001,
    close: 509.13,
    volume: 432605
  }
}
 GET /api/stocks/MSFT/chart?range=1D&series=price 200 in 491ms (next.js: 4ms, application-code: 487ms)
[eodhd intraday] raw provider row sample {
  sym: 'MSFT.US',
  interval: '1m',
  rowCount: 391,
  firstRow: {
    timestamp: 1788528600,
    gmtoffset: 0,
    datetime: '2026-09-04 13:30:00',
    open: 510,
    high: 511,
    low: 508.5001,
    close: 509.13,
    volume: 432605
  }
}
 GET /api/stocks/MSFT/chart?range=1D&series=price 200 in 499ms (next.js: 1167µs, application-code: 497ms)
[FINSEPA_PROVIDER_TRACE] EODHD fetchEodhdIntraday {"symbol":"MSFT.US"}
[FINSEPA_PROVIDER_TRACE] EODHD fetchEodhdIntraday {"symbol":"MSFT.US"}
[eodhd intraday] raw provider row sample {
  sym: 'MSFT.US',
  interval: '1m',
  rowCount: 391,
  firstRow: {
    timestamp: 1788528600,
    gmtoffset: 0,
    datetime: '2026-09-04 13:30:00',
    open: 510,
    high: 511,
    low: 508.5001,
    close: 509.13,
    volume: 432605
  }
}
[live-price] MSFT {
  price: 499.47,
  quotedAtSec: 1788552000,
  previousClose: null,
  session: 'pre'
}
 GET /api/stocks/MSFT/live-price 200 in 539ms (next.js: 8ms, application-code: 531ms)
 GET /api/stocks/MSFT/key-indicators 200 in 133ms (next.js: 3ms, application-code: 130ms)
 POST /api/portfolio/live-quotes 200 in 2.1s (next.js: 7ms, application-code: 2.1s)
[FINSEPA_PROVIDER_TRACE] EODHD fetchEodhdIntraday {"symbol":"MSFT.US"}
[eodhd intraday] raw provider row sample {
  sym: 'MSFT.US',
  interval: '1m',
  rowCount: 391,
  firstRow: {
    timestamp: 1788528600,
    gmtoffset: 0,
    datetime: '2026-09-04 13:30:00',
    open: 510,
    high: 511,
    low: 508.5001,
    close: 509.13,
    volume: 432605
  }
}
[FINSEPA_PROVIDER_TRACE] EODHD fetchEodhdCryptoDailyBars {"symbol":"BTC-USD.CC"}
[FINSEPA_PROVIDER_TRACE] EODHD fetchEodhdCryptoDailyBars {"symbol":"ETH-USD.CC"}
[FINSEPA_PROVIDER_TRACE] EODHD fetchEodhdCryptoDailyBars {"symbol":"SOL-USD.CC"}
[eodhd intraday] raw provider row sample {
  sym: 'MSFT.US',
  interval: '1m',
  rowCount: 391,
  firstRow: {
    timestamp: 1788528600,
    gmtoffset: 0,
    datetime: '2026-09-04 13:30:00',
    open: 510,
    high: 511,
    low: 508.5001,
    close: 509.13,
    volume: 432605
  }
}
 GET /api/stocks/MSFT/chart?range=1D&series=price 200 in 644ms (next.js: 2ms, application-code: 641ms)
 GET /api/stocks/MSFT/chart?range=1D&series=price 200 in 638ms (next.js: 1425µs, application-code: 637ms)
[FINSEPA_PROVIDER_TRACE] EODHD fetchEodhdRealtimeSymbolsRaw {"symbolsInRequest":10}
 GET /api/superinvestor-follows 200 in 84ms (next.js: 3ms, application-code: 81ms)
 GET /api/watchlist 200 in 161ms (next.js: 1446µs, application-code: 160ms)
[eodhd intraday] raw provider row sample {
  sym: 'MSFT.US',
  interval: '1m',
  rowCount: 391,
  firstRow: {
    timestamp: 1788528600,
    gmtoffset: 0,
    datetime: '2026-09-04 13:30:00',
    open: 510,
    high: 511,
    low: 508.5001,
    close: 509.13,
    volume: 432605
  }
}
[live-price] MSFT {
  price: 499.47,
  quotedAtSec: 1788552000,
  previousClose: null,
  session: 'pre'
}
 GET /api/stocks/MSFT/live-price 200 in 627ms (next.js: 3ms, application-code: 624ms)
 GET /api/watchlist 200 in 157ms (next.js: 1505µs, application-code: 156ms)
[FINSEPA_PROVIDER_TRACE] EODHD fetchEodhdFundamentalsJsonUncached {"symbol":"MSFT.US"}
 GET /api/search/recent 200 in 65ms (next.js: 1188µs, application-code: 64ms)
[FINSEPA_PROVIDER_TRACE] EODHD fetchEodhdFundamentalsJsonUncached {"symbol":"MSFT.US"}
[FINSEPA_PROVIDER_TRACE] EODHD fetchEodhdUsQuoteDelayed {"symbol":"MSFT.US"}
 POST /api/portfolio/live-quotes 200 in 3.3s (next.js: 1506µs, application-code: 3.3s)
 GET /api/search/recent 200 in 75ms (next.js: 1328µs, application-code: 73ms)
 GET /api/stocks/MSFT/extended-hours?exchange=NASDAQ&country=US&close=499.7 200 in 1533ms (next.js: 3ms, application-code: 1530ms)
 GET /api/stocks/MSFT/extended-hours?exchange=NASDAQ&country=US&close=499.7 200 in 2.1s (next.js: 7ms, application-code: 2.1s)
[FINSEPA_PROVIDER_TRACE] EODHD fetchEodhdRealtimeSymbolsRaw {"symbolsInRequest":7}
[portfolio/workspace PUT] ledger warnings {
  userId: '52373158-0eff-48de-80ba-f9206ee0e52a',
  warnings: [
    {
      code: 'SELL_WITHOUT_POSITION',
      portfolioId: '6667854d-3cea-49f6-9aac-8a7340c82cb8',
      transactionId: '484eefe6-d749-45bf-9f2d-4a9006a26b62',
      message: 'Sell of AAL with no open position.',
      legacy: true
    },
    {
      code: 'SELL_WITHOUT_POSITION',
      portfolioId: '6667854d-3cea-49f6-9aac-8a7340c82cb8',
      transactionId: '6d6780cf-80b2-4b0d-a3ef-a5b13da610d6',
      message: 'Sell of WISH with no open position.',
      legacy: true
    },
    {
      code: 'SELL_WITHOUT_POSITION',
      portfolioId: '6667854d-3cea-49f6-9aac-8a7340c82cb8',
      transactionId: 'b3c3668a-1730-4300-bd49-255067fbb9c4',
      message: 'Sell of NNOX with no open position.',
      legacy: true
    },
    {
      code: 'SELL_EXCEEDS_AVAILABLE_SHARES',
      portfolioId: '6667854d-3cea-49f6-9aac-8a7340c82cb8',
      transactionId: '4120dc1a-c777-45f4-b033-802dda8bf9e1',
      message: 'Sell 2.195119 PEP exceeds available 2.',
      legacy: true
    }
  ],
  migrateReport: {
    sequenceReports: {
      '6667854d-3cea-49f6-9aac-8a7340c82cb8': [Object],
      '27085251-e3e2-4829-81ee-14004843637d': [Object],
      '6e1c8d68-72f3-4160-9874-6473edd2f7eb': [Object],
      'd972d6f7-1f89-492b-81cf-aaf5fba709f5': [Object],
      '1c9764f9-9feb-462d-8cbe-a61ade8b293c': [Object],
      'a8524493-d06d-4997-9949-ab2bb8e7258b': [Object],
      'e1d517c3-21d5-45d0-8125-fbbb5dbd23f4': [Object]
    },
    legacyTaggedByPortfolio: {},
    changed: false
  }
}
[FINSEPA_PROVIDER_TRACE] EODHD fetchEodhdFundamentalsJsonUncached {"symbol":"MSFT.US"}
[portfolio/workspace PUT] ledger warnings {
  userId: '52373158-0eff-48de-80ba-f9206ee0e52a',
  warnings: [
    {
      code: 'SELL_WITHOUT_POSITION',
      portfolioId: '6667854d-3cea-49f6-9aac-8a7340c82cb8',
      transactionId: '484eefe6-d749-45bf-9f2d-4a9006a26b62',
      message: 'Sell of AAL with no open position.',
      legacy: true
    },
    {
      code: 'SELL_WITHOUT_POSITION',
      portfolioId: '6667854d-3cea-49f6-9aac-8a7340c82cb8',
      transactionId: '6d6780cf-80b2-4b0d-a3ef-a5b13da610d6',
      message: 'Sell of WISH with no open position.',
      legacy: true
    },
    {
      code: 'SELL_WITHOUT_POSITION',
      portfolioId: '6667854d-3cea-49f6-9aac-8a7340c82cb8',
      transactionId: 'b3c3668a-1730-4300-bd49-255067fbb9c4',
      message: 'Sell of NNOX with no open position.',
      legacy: true
    },
    {
      code: 'SELL_EXCEEDS_AVAILABLE_SHARES',
      portfolioId: '6667854d-3cea-49f6-9aac-8a7340c82cb8',
      transactionId: '4120dc1a-c777-45f4-b033-802dda8bf9e1',
      message: 'Sell 2.195119 PEP exceeds available 2.',
      legacy: true
    }
  ],
  migrateReport: {
    sequenceReports: {
      '6667854d-3cea-49f6-9aac-8a7340c82cb8': [Object],
      '27085251-e3e2-4829-81ee-14004843637d': [Object],
      '6e1c8d68-72f3-4160-9874-6473edd2f7eb': [Object],
      'd972d6f7-1f89-492b-81cf-aaf5fba709f5': [Object],
      '1c9764f9-9feb-462d-8cbe-a61ade8b293c': [Object],
      'a8524493-d06d-4997-9949-ab2bb8e7258b': [Object],
      'e1d517c3-21d5-45d0-8125-fbbb5dbd23f4': [Object]
    },
    legacyTaggedByPortfolio: {},
    changed: false
  }
}
 POST /api/portfolio/live-quotes 200 in 1394ms (next.js: 1463µs, application-code: 1392ms)
 GET /api/stocks/MSFT/target-price 200 in 1095ms (next.js: 3ms, application-code: 1091ms)
 PUT /api/portfolio/workspace 200 in 408ms (next.js: 1263µs, application-code: 407ms)
[portfolio/workspace PUT] ledger warnings {
  userId: '52373158-0eff-48de-80ba-f9206ee0e52a',
  warnings: [
    {
      code: 'SELL_WITHOUT_POSITION',
      portfolioId: '6667854d-3cea-49f6-9aac-8a7340c82cb8',
      transactionId: '484eefe6-d749-45bf-9f2d-4a9006a26b62',
      message: 'Sell of AAL with no open position.',
      legacy: true
    },
    {
      code: 'SELL_WITHOUT_POSITION',
      portfolioId: '6667854d-3cea-49f6-9aac-8a7340c82cb8',
      transactionId: '6d6780cf-80b2-4b0d-a3ef-a5b13da610d6',
      message: 'Sell of WISH with no open position.',
      legacy: true
    },
    {
      code: 'SELL_WITHOUT_POSITION',
      portfolioId: '6667854d-3cea-49f6-9aac-8a7340c82cb8',
      transactionId: 'b3c3668a-1730-4300-bd49-255067fbb9c4',
      message: 'Sell of NNOX with no open position.',
      legacy: true
    },
    {
      code: 'SELL_EXCEEDS_AVAILABLE_SHARES',
      portfolioId: '6667854d-3cea-49f6-9aac-8a7340c82cb8',
      transactionId: '4120dc1a-c777-45f4-b033-802dda8bf9e1',
      message: 'Sell 2.195119 PEP exceeds available 2.',
      legacy: true
    }
  ],
  migrateReport: {
    sequenceReports: {
      '6667854d-3cea-49f6-9aac-8a7340c82cb8': [Object],
      '27085251-e3e2-4829-81ee-14004843637d': [Object],
      '6e1c8d68-72f3-4160-9874-6473edd2f7eb': [Object],
      'd972d6f7-1f89-492b-81cf-aaf5fba709f5': [Object],
      '1c9764f9-9feb-462d-8cbe-a61ade8b293c': [Object],
      'a8524493-d06d-4997-9949-ab2bb8e7258b': [Object],
      'e1d517c3-21d5-45d0-8125-fbbb5dbd23f4': [Object]
    },
    legacyTaggedByPortfolio: {},
    changed: false
  }
}
[FINSEPA_PROVIDER_TRACE] EODHD fetchEodhdRealtimeSymbolsRaw {"symbolsInRequest":12}
 PUT /api/portfolio/workspace 200 in 345ms (next.js: 1639µs, application-code: 343ms)
 GET /api/watchlist 200 in 143ms (next.js: 1066µs, application-code: 142ms)
 PUT /api/portfolio/workspace 200 in 317ms (next.js: 1018µs, application-code: 316ms)
 GET /api/search/recent 200 in 116ms (next.js: 3ms, application-code: 113ms)
 GET /api/watchlist 200 in 240ms (next.js: 1077µs, application-code: 238ms)
[portfolio/workspace PUT] ledger warnings {
  userId: '52373158-0eff-48de-80ba-f9206ee0e52a',
  warnings: [
    {
      code: 'SELL_WITHOUT_POSITION',
      portfolioId: '6667854d-3cea-49f6-9aac-8a7340c82cb8',
      transactionId: '484eefe6-d749-45bf-9f2d-4a9006a26b62',
      message: 'Sell of AAL with no open position.',
      legacy: true
    },
    {
      code: 'SELL_WITHOUT_POSITION',
      portfolioId: '6667854d-3cea-49f6-9aac-8a7340c82cb8',
      transactionId: '6d6780cf-80b2-4b0d-a3ef-a5b13da610d6',
      message: 'Sell of WISH with no open position.',
      legacy: true
    },
    {
      code: 'SELL_WITHOUT_POSITION',
      portfolioId: '6667854d-3cea-49f6-9aac-8a7340c82cb8',
      transactionId: 'b3c3668a-1730-4300-bd49-255067fbb9c4',
      message: 'Sell of NNOX with no open position.',
      legacy: true
    },
    {
      code: 'SELL_EXCEEDS_AVAILABLE_SHARES',
      portfolioId: '6667854d-3cea-49f6-9aac-8a7340c82cb8',
      transactionId: '4120dc1a-c777-45f4-b033-802dda8bf9e1',
      message: 'Sell 2.195119 PEP exceeds available 2.',
      legacy: true
    }
  ],
  migrateReport: {
    sequenceReports: {
      '6667854d-3cea-49f6-9aac-8a7340c82cb8': [Object],
      '27085251-e3e2-4829-81ee-14004843637d': [Object],
      '6e1c8d68-72f3-4160-9874-6473edd2f7eb': [Object],
      'd972d6f7-1f89-492b-81cf-aaf5fba709f5': [Object],
      '1c9764f9-9feb-462d-8cbe-a61ade8b293c': [Object],
      'a8524493-d06d-4997-9949-ab2bb8e7258b': [Object],
      'e1d517c3-21d5-45d0-8125-fbbb5dbd23f4': [Object]
    },
    legacyTaggedByPortfolio: {},
    changed: false
  }
}
[FINSEPA_PROVIDER_TRACE] EODHD fetchEodhdFundamentalsJsonUncached {"symbol":"MSFT.US"}
 PUT /api/portfolio/workspace 200 in 316ms (next.js: 1428µs, application-code: 315ms)
[FINSEPA_PROVIDER_TRACE] EODHD fetchEodhdCryptoDailyBars {"symbol":"BTC-USD.CC"}
[FINSEPA_PROVIDER_TRACE] EODHD fetchEodhdCryptoDailyBars {"symbol":"ETH-USD.CC"}
[FINSEPA_PROVIDER_TRACE] EODHD fetchEodhdCryptoDailyBars {"symbol":"SOL-USD.CC"}
[FINSEPA_PROVIDER_TRACE] EODHD fetchEodhdCryptoDailyBars {"symbol":"BTC-USD.CC"}
[FINSEPA_PROVIDER_TRACE] EODHD fetchEodhdCryptoDailyBars {"symbol":"ETH-USD.CC"}
[FINSEPA_PROVIDER_TRACE] EODHD fetchEodhdCryptoDailyBars {"symbol":"BTC-USD.CC"}
[FINSEPA_PROVIDER_TRACE] EODHD fetchEodhdCryptoDailyBars {"symbol":"ETH-USD.CC"}
[FINSEPA_PROVIDER_TRACE] EODHD fetchEodhdEodDaily {"symbol":"MSFT.US","closeMode":"adjusted"}
 POST /api/portfolio/live-quotes 200 in 3.3s (next.js: 1260µs, application-code: 3.3s)
 POST /api/portfolio/live-quotes 200 in 2.6s (next.js: 1105µs, application-code: 2.6s)
 POST /api/portfolio/live-quotes 200 in 3.0s (next.js: 996µs, application-code: 3.0s)
 PUT /api/portfolios/listings 200 in 143ms (next.js: 5ms, application-code: 138ms)
 PUT /api/portfolios/listings 200 in 161ms (next.js: 3ms, application-code: 159ms)
[FINSEPA_PROVIDER_TRACE] EODHD fetchEodhdRealtimeSymbolsRaw {"symbolsInRequest":14}
[portfolio/workspace PUT] ledger warnings {
  userId: '52373158-0eff-48de-80ba-f9206ee0e52a',
  warnings: [
    {
      code: 'SELL_WITHOUT_POSITION',
      portfolioId: '6667854d-3cea-49f6-9aac-8a7340c82cb8',
      transactionId: '484eefe6-d749-45bf-9f2d-4a9006a26b62',
      message: 'Sell of AAL with no open position.',
      legacy: true
    },
    {
      code: 'SELL_WITHOUT_POSITION',
      portfolioId: '6667854d-3cea-49f6-9aac-8a7340c82cb8',
      transactionId: '6d6780cf-80b2-4b0d-a3ef-a5b13da610d6',
      message: 'Sell of WISH with no open position.',
      legacy: true
    },
    {
      code: 'SELL_WITHOUT_POSITION',
      portfolioId: '6667854d-3cea-49f6-9aac-8a7340c82cb8',
      transactionId: 'b3c3668a-1730-4300-bd49-255067fbb9c4',
      message: 'Sell of NNOX with no open position.',
      legacy: true
    },
    {
      code: 'SELL_EXCEEDS_AVAILABLE_SHARES',
      portfolioId: '6667854d-3cea-49f6-9aac-8a7340c82cb8',
      transactionId: '4120dc1a-c777-45f4-b033-802dda8bf9e1',
      message: 'Sell 2.195119 PEP exceeds available 2.',
      legacy: true
    }
  ],
  migrateReport: {
    sequenceReports: {
      '6667854d-3cea-49f6-9aac-8a7340c82cb8': [Object],
      '27085251-e3e2-4829-81ee-14004843637d': [Object],
      '6e1c8d68-72f3-4160-9874-6473edd2f7eb': [Object],
      'd972d6f7-1f89-492b-81cf-aaf5fba709f5': [Object],
      '1c9764f9-9feb-462d-8cbe-a61ade8b293c': [Object],
      'a8524493-d06d-4997-9949-ab2bb8e7258b': [Object],
      'e1d517c3-21d5-45d0-8125-fbbb5dbd23f4': [Object]
    },
    legacyTaggedByPortfolio: {},
    changed: false
  }
}
 GET /api/stocks/MSFT/earnings?preview=1 200 in 4.9s (next.js: 4ms, application-code: 4.9s)
 PUT /api/portfolio/workspace 200 in 348ms (next.js: 1551µs, application-code: 347ms)
[FINSEPA_PROVIDER_TRACE] EODHD fetchEodhdCryptoDailyBars {"symbol":"BTC-USD.CC"}
[FINSEPA_PROVIDER_TRACE] EODHD fetchEodhdCryptoDailyBars {"symbol":"ETH-USD.CC"}
 POST /api/portfolio/live-quotes 200 in 2.6s (next.js: 1336µs, application-code: 2.6s)
 PUT /api/portfolios/listings 200 in 136ms (next.js: 1311µs, application-code: 135ms)
 GET /stock/NVDA?bench=bench-20260908-125010&step=17-revisit 200 in 517ms (next.js: 13ms, proxy.ts: 10ms, application-code: 495ms)
 GET /api/notifications?count=1 200 in 93ms (next.js: 3ms, application-code: 89ms)
[FINSEPA_PROVIDER_TRACE] EODHD fetchEodhdRealtimeSymbolsRaw {"symbolsInRequest":10}
[closed-1d api] NVDA {
  session: 'pre',
  isLiveMinuteTicker: true,
  branch: 'prior-session-cache'
}
[FINSEPA_PROVIDER_TRACE] EODHD fetchEodhdIntraday {"symbol":"NVDA.US"}
[closed-1d api] NVDA {
  session: 'pre',
  isLiveMinuteTicker: true,
  branch: 'prior-session-cache'
}
[FINSEPA_PROVIDER_TRACE] EODHD fetchEodhdIntraday {"symbol":"NVDA.US"}
 GET /api/notifications?count=1 200 in 118ms (next.js: 2ms, application-code: 116ms)
 GET /api/account/plan 200 in 176ms (next.js: 9ms, application-code: 167ms)
[FINSEPA_PROVIDER_TRACE] EODHD fetchEodhdIntraday {"symbol":"NVDA.US"}
 GET /api/stocks/NVDA/key-indicators 200 in 184ms (next.js: 4ms, application-code: 180ms)
[FINSEPA_PROVIDER_TRACE] EODHD fetchEodhdEodDaily {"symbol":"NVDA.US","closeMode":"adjusted"}
 GET /api/portfolio/workspace 200 in 391ms (next.js: 7ms, application-code: 385ms)
[FINSEPA_PROVIDER_TRACE] EODHD fetchEodhdEodDailyBothCloses {"symbol":"AAL.US"}
[FINSEPA_PROVIDER_TRACE] EODHD fetchEodhdEodDailyBothCloses {"symbol":"AAPL.US"}
[FINSEPA_PROVIDER_TRACE] EODHD fetchEodhdEodDailyBothCloses {"symbol":"ADBE.US"}
[FINSEPA_PROVIDER_TRACE] EODHD fetchEodhdEodDailyBothCloses {"symbol":"AMZN.US"}
[FINSEPA_PROVIDER_TRACE] EODHD fetchEodhdEodDailyBothCloses {"symbol":"DIS.US"}
[FINSEPA_PROVIDER_TRACE] EODHD fetchEodhdEodDailyBothCloses {"symbol":"DPZ.US"}
[FINSEPA_PROVIDER_TRACE] EODHD fetchEodhdEodDailyBothCloses {"symbol":"EL.US"}
[FINSEPA_PROVIDER_TRACE] EODHD fetchEodhdEodDailyBothCloses {"symbol":"GOOGL.US"}
[FINSEPA_PROVIDER_TRACE] EODHD fetchEodhdEodDailyBothCloses {"symbol":"MCO.US"}
[FINSEPA_PROVIDER_TRACE] EODHD fetchEodhdEodDailyBothCloses {"symbol":"META.US"}
[FINSEPA_PROVIDER_TRACE] EODHD fetchEodhdEodDailyBothCloses {"symbol":"MSFT.US"}
[FINSEPA_PROVIDER_TRACE] EODHD fetchEodhdEodDailyBothCloses {"symbol":"NFLX.US"}
[FINSEPA_PROVIDER_TRACE] EODHD fetchEodhdEodDailyBothCloses {"symbol":"NKE.US"}
[FINSEPA_PROVIDER_TRACE] EODHD fetchEodhdEodDailyBothCloses {"symbol":"NNOX.US"}
[FINSEPA_PROVIDER_TRACE] EODHD fetchEodhdEodDailyBothCloses {"symbol":"PEP.US"}
[FINSEPA_PROVIDER_TRACE] EODHD fetchEodhdEodDailyBothCloses {"symbol":"PYPL.US"}
[FINSEPA_PROVIDER_TRACE] EODHD fetchEodhdEodDailyBothCloses {"symbol":"RACE.US"}
[FINSEPA_PROVIDER_TRACE] EODHD fetchEodhdEodDailyBothCloses {"symbol":"SBUX.US"}
[FINSEPA_PROVIDER_TRACE] EODHD fetchEodhdEodDailyBothCloses {"symbol":"V.US"}
[FINSEPA_PROVIDER_TRACE] EODHD fetchEodhdEodDailyBothCloses {"symbol":"VZ.US"}
[FINSEPA_PROVIDER_TRACE] EODHD fetchEodhdEodDailyBothCloses {"symbol":"WBD.US"}
[FINSEPA_PROVIDER_TRACE] EODHD fetchEodhdEodDailyBothCloses {"symbol":"WISH.US"}
[eodhd intraday] raw provider row sample {
  sym: 'NVDA.US',
  interval: '1m',
  rowCount: 391,
  firstRow: {
    timestamp: 1788528600,
    gmtoffset: 0,
    datetime: '2026-09-04 13:30:00',
    open: 231.09,
    high: 231.2,
    low: 229.82,
    close: 230.1875,
    volume: 2676601
  }
}
[closed-1d] NVDA {
  session: 'pre',
  sessionYmd: '2026-09-04',
  source: 'eodhd-prior-session',
  interval: '1m',
  firstPointTime: '2026-09-04T13:30:00.000Z',
  lastPointTime: '2026-09-04T20:00:00.000Z',
  pointCount: 391
}
[chart-api-raw] NVDA {
  session: 'closed-or-pre',
  branch: 'prior-session-cache',
  sessionYmd: '2026-09-04',
  firstPointTime: '2026-09-04T13:30:00.000Z',
  lastPointTime: '2026-09-04T20:00:00.000Z',
  pointCount: 391,
  cacheControl: 'private, no-store',
  note: "source/interval/unstable_cache hit-miss printed server-side: a '[closed-1d]' log = cache MISS (fresh compute); only '[closed-1d api]' = cache HIT."
}
[eodhd intraday] raw provider row sample {
  sym: 'NVDA.US',
  interval: '1m',
  rowCount: 391,
  firstRow: {
    timestamp: 1788528600,
    gmtoffset: 0,
    datetime: '2026-09-04 13:30:00',
    open: 231.09,
    high: 231.2,
    low: 229.82,
    close: 230.1875,
    volume: 2676601
  }
}
[closed-1d] NVDA {
  session: 'pre',
  sessionYmd: '2026-09-04',
  source: 'eodhd-prior-session',
  interval: '1m',
  firstPointTime: '2026-09-04T13:30:00.000Z',
  lastPointTime: '2026-09-04T20:00:00.000Z',
  pointCount: 391
}
[chart-api-raw] NVDA {
  session: 'closed-or-pre',
  branch: 'prior-session-cache',
  sessionYmd: '2026-09-04',
  firstPointTime: '2026-09-04T13:30:00.000Z',
  lastPointTime: '2026-09-04T20:00:00.000Z',
  pointCount: 391,
  cacheControl: 'private, no-store',
  note: "source/interval/unstable_cache hit-miss printed server-side: a '[closed-1d]' log = cache MISS (fresh compute); only '[closed-1d api]' = cache HIT."
}
 GET /api/stocks/NVDA/chart?range=1D&series=price 200 in 1125ms (next.js: 3ms, application-code: 1122ms)
[eodhd intraday] raw provider row sample {
  sym: 'NVDA.US',
  interval: '1m',
  rowCount: 391,
  firstRow: {
    timestamp: 1788528600,
    gmtoffset: 0,
    datetime: '2026-09-04 13:30:00',
    open: 231.09,
    high: 231.2,
    low: 229.82,
    close: 230.1875,
    volume: 2676601
  }
}
[closed-1d] NVDA {
  session: 'pre',
  sessionYmd: '2026-09-04',
  source: 'eodhd-prior-session',
  interval: '1m',
  firstPointTime: '2026-09-04T13:30:00.000Z',
  lastPointTime: '2026-09-04T20:00:00.000Z',
  pointCount: 391
}
[live-price] NVDA {
  price: 229.73,
  quotedAtSec: 1788552000,
  previousClose: null,
  session: 'pre'
}
 GET /api/stocks/NVDA/chart?range=1D&series=price 200 in 1242ms (next.js: 1287µs, application-code: 1241ms)
[FINSEPA_PROVIDER_TRACE] EODHD fetchEodhdEodDailyBothCloses {"symbol":"AAPL.US"}
[FINSEPA_PROVIDER_TRACE] EODHD fetchEodhdEodDailyBothCloses {"symbol":"ADBE.US"}
[FINSEPA_PROVIDER_TRACE] EODHD fetchEodhdEodDailyBothCloses {"symbol":"AMZN.US"}
[FINSEPA_PROVIDER_TRACE] EODHD fetchEodhdEodDailyBothCloses {"symbol":"GLXY.US"}
[FINSEPA_PROVIDER_TRACE] EODHD fetchEodhdEodDailyBothCloses {"symbol":"GOOGL.US"}
[FINSEPA_PROVIDER_TRACE] EODHD fetchEodhdEodDailyBothCloses {"symbol":"HOOD.US"}
[FINSEPA_PROVIDER_TRACE] EODHD fetchEodhdEodDailyBothCloses {"symbol":"IDXX.US"}
[FINSEPA_PROVIDER_TRACE] EODHD fetchEodhdEodDailyBothCloses {"symbol":"MAR.US"}
[FINSEPA_PROVIDER_TRACE] EODHD fetchEodhdEodDailyBothCloses {"symbol":"META.US"}
[FINSEPA_PROVIDER_TRACE] EODHD fetchEodhdEodDailyBothCloses {"symbol":"NFLX.US"}
[FINSEPA_PROVIDER_TRACE] EODHD fetchEodhdEodDailyBothCloses {"symbol":"PYPL.US"}
[FINSEPA_PROVIDER_TRACE] EODHD fetchEodhdEodDailyBothCloses {"symbol":"RACE.US"}
[FINSEPA_PROVIDER_TRACE] EODHD fetchEodhdEodDailyBothCloses {"symbol":"SPGI.US"}
[FINSEPA_PROVIDER_TRACE] EODHD fetchEodhdEodDailyBothCloses {"symbol":"SPOT.US"}
[FINSEPA_PROVIDER_TRACE] EODHD fetchEodhdEodDailyBothCloses {"symbol":"SYK.US"}
[FINSEPA_PROVIDER_TRACE] EODHD fetchEodhdEodDailyBothCloses {"symbol":"V.US"}
 GET /api/stocks/NVDA/live-price 200 in 1441ms (next.js: 5ms, application-code: 1437ms)
[FINSEPA_PROVIDER_TRACE] EODHD fetchEodhdRealtimeSymbolsRaw {"symbolsInRequest":7}
[FINSEPA_PROVIDER_TRACE] EODHD fetchEodhdEodDailyBothCloses {"symbol":"AAPL.US"}
[FINSEPA_PROVIDER_TRACE] EODHD fetchEodhdEodDailyBothCloses {"symbol":"COST.US"}
[FINSEPA_PROVIDER_TRACE] EODHD fetchEodhdEodDailyBothCloses {"symbol":"KO.US"}
[FINSEPA_PROVIDER_TRACE] EODHD fetchEodhdEodDailyBothCloses {"symbol":"META.US"}
[FINSEPA_PROVIDER_TRACE] EODHD fetchEodhdEodDailyBothCloses {"symbol":"NFLX.US"}
[FINSEPA_PROVIDER_TRACE] EODHD fetchEodhdEodDailyBothCloses {"symbol":"QQQ.US"}
[FINSEPA_PROVIDER_TRACE] EODHD fetchEodhdEodDailyBothCloses {"symbol":"SPGI.US"}
[FINSEPA_PROVIDER_TRACE] EODHD fetchEodhdEodDailyBothCloses {"symbol":"TSLA.US"}
[FINSEPA_PROVIDER_TRACE] EODHD fetchEodhdEodDailyBothCloses {"symbol":"UBER.US"}
[FINSEPA_PROVIDER_TRACE] EODHD fetchEodhdEodDailyBothCloses {"symbol":"V.US"}
 POST /api/portfolio/stock-splits 200 in 1260ms (next.js: 1869µs, application-code: 1258ms)
[FINSEPA_PROVIDER_TRACE] EODHD fetchEodhdEodDailyBothCloses {"symbol":"AAPL.US"}
 POST /api/portfolio/live-quotes 200 in 1939ms (next.js: 1681µs, application-code: 1937ms)
 POST /api/portfolio/stock-splits 200 in 311ms (next.js: 1220µs, application-code: 310ms)
 GET /api/search/recent 200 in 73ms (next.js: 1347µs, application-code: 71ms)
 GET /api/search/recent 200 in 74ms (next.js: 3ms, application-code: 71ms)
 GET /api/market/us-cache-epoch 200 in 5ms (next.js: 1537µs, application-code: 3ms)
 GET /api/search/recent 200 in 65ms (next.js: 1239µs, application-code: 64ms)
 GET /api/superinvestor-follows 200 in 91ms (next.js: 1328µs, application-code: 90ms)
 GET /api/watchlist 200 in 127ms (next.js: 1337µs, application-code: 125ms)
[FINSEPA_PROVIDER_TRACE] EODHD fetchEodhdRealtimeSymbolsRaw {"symbolsInRequest":10}
 POST /api/portfolio/stock-splits 200 in 599ms (next.js: 1426µs, application-code: 598ms)
[FINSEPA_PROVIDER_TRACE] EODHD fetchEodhdUsQuoteDelayed {"symbol":"NVDA.US"}
 GET /api/watchlist 200 in 142ms (next.js: 989µs, application-code: 141ms)
 POST /api/portfolio/stock-splits 200 in 1097ms (next.js: 127ms, application-code: 970ms)
[portfolio/workspace PUT] ledger warnings {
  userId: '52373158-0eff-48de-80ba-f9206ee0e52a',
  warnings: [
    {
      code: 'SELL_WITHOUT_POSITION',
      portfolioId: '6667854d-3cea-49f6-9aac-8a7340c82cb8',
      transactionId: '484eefe6-d749-45bf-9f2d-4a9006a26b62',
      message: 'Sell of AAL with no open position.',
      legacy: true
    },
    {
      code: 'SELL_WITHOUT_POSITION',
      portfolioId: '6667854d-3cea-49f6-9aac-8a7340c82cb8',
      transactionId: '6d6780cf-80b2-4b0d-a3ef-a5b13da610d6',
      message: 'Sell of WISH with no open position.',
      legacy: true
    },
    {
      code: 'SELL_WITHOUT_POSITION',
      portfolioId: '6667854d-3cea-49f6-9aac-8a7340c82cb8',
      transactionId: 'b3c3668a-1730-4300-bd49-255067fbb9c4',
      message: 'Sell of NNOX with no open position.',
      legacy: true
    },
    {
      code: 'SELL_EXCEEDS_AVAILABLE_SHARES',
      portfolioId: '6667854d-3cea-49f6-9aac-8a7340c82cb8',
      transactionId: '4120dc1a-c777-45f4-b033-802dda8bf9e1',
      message: 'Sell 2.195119 PEP exceeds available 2.',
      legacy: true
    }
  ],
  migrateReport: {
    sequenceReports: {
      '6667854d-3cea-49f6-9aac-8a7340c82cb8': [Object],
      '27085251-e3e2-4829-81ee-14004843637d': [Object],
      '6e1c8d68-72f3-4160-9874-6473edd2f7eb': [Object],
      'd972d6f7-1f89-492b-81cf-aaf5fba709f5': [Object],
      '1c9764f9-9feb-462d-8cbe-a61ade8b293c': [Object],
      'a8524493-d06d-4997-9949-ab2bb8e7258b': [Object],
      'e1d517c3-21d5-45d0-8125-fbbb5dbd23f4': [Object]
    },
    legacyTaggedByPortfolio: {},
    changed: false
  }
}
 GET /api/watchlist 200 in 135ms (next.js: 935µs, application-code: 135ms)
 PUT /api/portfolio/workspace 200 in 295ms (next.js: 1744µs, application-code: 293ms)
 GET /api/stocks/NVDA/extended-hours?exchange=NASDAQ&country=US&close=230.36 200 in 2.3s (next.js: 5ms, application-code: 2.3s)
 GET /api/watchlist 200 in 124ms (next.js: 1155µs, application-code: 122ms)
[portfolio/workspace PUT] ledger warnings {
  userId: '52373158-0eff-48de-80ba-f9206ee0e52a',
  warnings: [
    {
      code: 'SELL_WITHOUT_POSITION',
      portfolioId: '6667854d-3cea-49f6-9aac-8a7340c82cb8',
      transactionId: '484eefe6-d749-45bf-9f2d-4a9006a26b62',
      message: 'Sell of AAL with no open position.',
      legacy: true
    },
    {
      code: 'SELL_WITHOUT_POSITION',
      portfolioId: '6667854d-3cea-49f6-9aac-8a7340c82cb8',
      transactionId: '6d6780cf-80b2-4b0d-a3ef-a5b13da610d6',
      message: 'Sell of WISH with no open position.',
      legacy: true
    },
    {
      code: 'SELL_WITHOUT_POSITION',
      portfolioId: '6667854d-3cea-49f6-9aac-8a7340c82cb8',
      transactionId: 'b3c3668a-1730-4300-bd49-255067fbb9c4',
      message: 'Sell of NNOX with no open position.',
      legacy: true
    },
    {
      code: 'SELL_EXCEEDS_AVAILABLE_SHARES',
      portfolioId: '6667854d-3cea-49f6-9aac-8a7340c82cb8',
      transactionId: '4120dc1a-c777-45f4-b033-802dda8bf9e1',
      message: 'Sell 2.195119 PEP exceeds available 2.',
      legacy: true
    }
  ],
  migrateReport: {
    sequenceReports: {
      '6667854d-3cea-49f6-9aac-8a7340c82cb8': [Object],
      '27085251-e3e2-4829-81ee-14004843637d': [Object],
      '6e1c8d68-72f3-4160-9874-6473edd2f7eb': [Object],
      'd972d6f7-1f89-492b-81cf-aaf5fba709f5': [Object],
      '1c9764f9-9feb-462d-8cbe-a61ade8b293c': [Object],
      'a8524493-d06d-4997-9949-ab2bb8e7258b': [Object],
      'e1d517c3-21d5-45d0-8125-fbbb5dbd23f4': [Object]
    },
    legacyTaggedByPortfolio: {},
    changed: false
  }
}
 PUT /api/portfolio/workspace 200 in 300ms (next.js: 1286µs, application-code: 299ms)
 GET /__bench_bench-20260908-125010_17_revisit_nvda_start__ 404 in 31ms (next.js: 6ms, application-code: 25ms)
[FINSEPA_PROVIDER_TRACE] EODHD fetchEodhdCryptoDailyBars {"symbol":"BTC-USD.CC"}
[FINSEPA_PROVIDER_TRACE] EODHD fetchEodhdCryptoDailyBars {"symbol":"ETH-USD.CC"}
[FINSEPA_PROVIDER_TRACE] EODHD fetchEodhdCryptoDailyBars {"symbol":"SOL-USD.CC"}
[portfolio/workspace PUT] ledger warnings {
  userId: '52373158-0eff-48de-80ba-f9206ee0e52a',
  warnings: [
    {
      code: 'SELL_WITHOUT_POSITION',
      portfolioId: '6667854d-3cea-49f6-9aac-8a7340c82cb8',
      transactionId: '484eefe6-d749-45bf-9f2d-4a9006a26b62',
      message: 'Sell of AAL with no open position.',
      legacy: true
    },
    {
      code: 'SELL_WITHOUT_POSITION',
      portfolioId: '6667854d-3cea-49f6-9aac-8a7340c82cb8',
      transactionId: '6d6780cf-80b2-4b0d-a3ef-a5b13da610d6',
      message: 'Sell of WISH with no open position.',
      legacy: true
    },
    {
      code: 'SELL_WITHOUT_POSITION',
      portfolioId: '6667854d-3cea-49f6-9aac-8a7340c82cb8',
      transactionId: 'b3c3668a-1730-4300-bd49-255067fbb9c4',
      message: 'Sell of NNOX with no open position.',
      legacy: true
    },
    {
      code: 'SELL_EXCEEDS_AVAILABLE_SHARES',
      portfolioId: '6667854d-3cea-49f6-9aac-8a7340c82cb8',
      transactionId: '4120dc1a-c777-45f4-b033-802dda8bf9e1',
      message: 'Sell 2.195119 PEP exceeds available 2.',
      legacy: true
    }
  ],
  migrateReport: {
    sequenceReports: {
      '6667854d-3cea-49f6-9aac-8a7340c82cb8': [Object],
      '27085251-e3e2-4829-81ee-14004843637d': [Object],
      '6e1c8d68-72f3-4160-9874-6473edd2f7eb': [Object],
      'd972d6f7-1f89-492b-81cf-aaf5fba709f5': [Object],
      '1c9764f9-9feb-462d-8cbe-a61ade8b293c': [Object],
      'a8524493-d06d-4997-9949-ab2bb8e7258b': [Object],
      'e1d517c3-21d5-45d0-8125-fbbb5dbd23f4': [Object]
    },
    legacyTaggedByPortfolio: {},
    changed: false
  }
}
 PUT /api/portfolio/workspace 200 in 288ms (next.js: 1461µs, application-code: 287ms)
[FINSEPA_PROVIDER_TRACE] EODHD fetchEodhdCryptoDailyBars {"symbol":"BTC-USD.CC"}
[FINSEPA_PROVIDER_TRACE] EODHD fetchEodhdCryptoDailyBars {"symbol":"ETH-USD.CC"}
[FINSEPA_PROVIDER_TRACE] EODHD fetchEodhdCryptoDailyBars {"symbol":"SOL-USD.CC"}
 POST /api/portfolio/live-quotes 200 in 1501ms (next.js: 1163µs, application-code: 1500ms)
 GET /api/stocks/NVDA/earnings?preview=1 200 in 7ms (next.js: 4ms, application-code: 3ms)
 GET /api/stocks/NVDA/target-price 200 in 20ms (next.js: 13ms, application-code: 7ms)
[FINSEPA_PROVIDER_TRACE] EODHD fetchEodhdRealtimeSymbolsRaw {"symbolsInRequest":14}
 GET /api/search/recent 200 in 68ms (next.js: 1048µs, application-code: 67ms)
 POST /api/portfolio/live-quotes 200 in 2.8s (next.js: 170ms, application-code: 2.6s)
[portfolio/workspace PUT] ledger warnings {
  userId: '52373158-0eff-48de-80ba-f9206ee0e52a',
  warnings: [
    {
      code: 'SELL_WITHOUT_POSITION',
      portfolioId: '6667854d-3cea-49f6-9aac-8a7340c82cb8',
      transactionId: '484eefe6-d749-45bf-9f2d-4a9006a26b62',
      message: 'Sell of AAL with no open position.',
      legacy: true
    },
    {
      code: 'SELL_WITHOUT_POSITION',
      portfolioId: '6667854d-3cea-49f6-9aac-8a7340c82cb8',
      transactionId: '6d6780cf-80b2-4b0d-a3ef-a5b13da610d6',
      message: 'Sell of WISH with no open position.',
      legacy: true
    },
    {
      code: 'SELL_WITHOUT_POSITION',
      portfolioId: '6667854d-3cea-49f6-9aac-8a7340c82cb8',
      transactionId: 'b3c3668a-1730-4300-bd49-255067fbb9c4',
      message: 'Sell of NNOX with no open position.',
      legacy: true
    },
    {
      code: 'SELL_EXCEEDS_AVAILABLE_SHARES',
      portfolioId: '6667854d-3cea-49f6-9aac-8a7340c82cb8',
      transactionId: '4120dc1a-c777-45f4-b033-802dda8bf9e1',
      message: 'Sell 2.195119 PEP exceeds available 2.',
      legacy: true
    }
  ],
  migrateReport: {
    sequenceReports: {
      '6667854d-3cea-49f6-9aac-8a7340c82cb8': [Object],
      '27085251-e3e2-4829-81ee-14004843637d': [Object],
      '6e1c8d68-72f3-4160-9874-6473edd2f7eb': [Object],
      'd972d6f7-1f89-492b-81cf-aaf5fba709f5': [Object],
      '1c9764f9-9feb-462d-8cbe-a61ade8b293c': [Object],
      'a8524493-d06d-4997-9949-ab2bb8e7258b': [Object],
      'e1d517c3-21d5-45d0-8125-fbbb5dbd23f4': [Object]
    },
    legacyTaggedByPortfolio: {},
    changed: false
  }
}
 PUT /api/portfolio/workspace 200 in 291ms (next.js: 1783µs, application-code: 289ms)
 POST /api/portfolio/live-quotes 200 in 2.5s (next.js: 1299µs, application-code: 2.5s)
[portfolio/workspace PUT] ledger warnings {
  userId: '52373158-0eff-48de-80ba-f9206ee0e52a',
  warnings: [
    {
      code: 'SELL_WITHOUT_POSITION',
      portfolioId: '6667854d-3cea-49f6-9aac-8a7340c82cb8',
      transactionId: '484eefe6-d749-45bf-9f2d-4a9006a26b62',
      message: 'Sell of AAL with no open position.',
      legacy: true
    },
    {
      code: 'SELL_WITHOUT_POSITION',
      portfolioId: '6667854d-3cea-49f6-9aac-8a7340c82cb8',
      transactionId: '6d6780cf-80b2-4b0d-a3ef-a5b13da610d6',
      message: 'Sell of WISH with no open position.',
      legacy: true
    },
    {
      code: 'SELL_WITHOUT_POSITION',
      portfolioId: '6667854d-3cea-49f6-9aac-8a7340c82cb8',
      transactionId: 'b3c3668a-1730-4300-bd49-255067fbb9c4',
      message: 'Sell of NNOX with no open position.',
      legacy: true
    },
    {
      code: 'SELL_EXCEEDS_AVAILABLE_SHARES',
      portfolioId: '6667854d-3cea-49f6-9aac-8a7340c82cb8',
      transactionId: '4120dc1a-c777-45f4-b033-802dda8bf9e1',
      message: 'Sell 2.195119 PEP exceeds available 2.',
      legacy: true
    }
  ],
  migrateReport: {
    sequenceReports: {
      '6667854d-3cea-49f6-9aac-8a7340c82cb8': [Object],
      '27085251-e3e2-4829-81ee-14004843637d': [Object],
      '6e1c8d68-72f3-4160-9874-6473edd2f7eb': [Object],
      'd972d6f7-1f89-492b-81cf-aaf5fba709f5': [Object],
      '1c9764f9-9feb-462d-8cbe-a61ade8b293c': [Object],
      'a8524493-d06d-4997-9949-ab2bb8e7258b': [Object],
      'e1d517c3-21d5-45d0-8125-fbbb5dbd23f4': [Object]
    },
    legacyTaggedByPortfolio: {},
    changed: false
  }
}
 PUT /api/portfolio/workspace 200 in 289ms (next.js: 1500µs, application-code: 287ms)
[FINSEPA_PROVIDER_TRACE] EODHD fetchEodhdCryptoDailyBars {"symbol":"BTC-USD.CC"}
[FINSEPA_PROVIDER_TRACE] EODHD fetchEodhdCryptoDailyBars {"symbol":"ETH-USD.CC"}
[FINSEPA_PROVIDER_TRACE] EODHD fetchEodhdCryptoDailyBars {"symbol":"BTC-USD.CC"}
[FINSEPA_PROVIDER_TRACE] EODHD fetchEodhdCryptoDailyBars {"symbol":"ETH-USD.CC"}
[FINSEPA_PROVIDER_TRACE] EODHD fetchEodhdCryptoDailyBars {"symbol":"BTC-USD.CC"}
[FINSEPA_PROVIDER_TRACE] EODHD fetchEodhdCryptoDailyBars {"symbol":"ETH-USD.CC"}
 POST /api/portfolio/live-quotes 200 in 1638ms (next.js: 1301µs, application-code: 1637ms)
 POST /api/portfolio/live-quotes 200 in 3.4s (next.js: 8ms, application-code: 3.3s)
 POST /api/portfolio/live-quotes 200 in 2.8s (next.js: 1355µs, application-code: 2.8s)
 PUT /api/portfolios/listings 200 in 145ms (next.js: 1550µs, application-code: 144ms)
 PUT /api/portfolios/listings 200 in 196ms (next.js: 4ms, application-code: 192ms)
 PUT /api/portfolios/listings 200 in 196ms (next.js: 1050µs, application-code: 195ms)
 GET /__bench_bench-20260908-125010_18_idle_start__ 404 in 27ms (next.js: 3ms, application-code: 24ms)
[FINSEPA_PROVIDER_TRACE] EODHD fetchEodhdIntraday {"symbol":"NVDA.US"}
[FINSEPA_PROVIDER_TRACE] EODHD fetchEodhdEodDaily {"symbol":"NVDA.US","closeMode":"adjusted"}
[eodhd intraday] raw provider row sample {
  sym: 'NVDA.US',
  interval: '1m',
  rowCount: 391,
  firstRow: {
    timestamp: 1788528600,
    gmtoffset: 0,
    datetime: '2026-09-04 13:30:00',
    open: 231.09,
    high: 231.2,
    low: 229.82,
    close: 230.1875,
    volume: 2676601
  }
}
[closed-1d] NVDA {
  session: 'pre',
  sessionYmd: '2026-09-04',
  source: 'eodhd-prior-session',
  interval: '1m',
  firstPointTime: '2026-09-04T13:30:00.000Z',
  lastPointTime: '2026-09-04T20:00:00.000Z',
  pointCount: 391
}
[live-price] NVDA {
  price: 229.73,
  quotedAtSec: 1788552000,
  previousClose: null,
  session: 'pre'
}
 GET /api/stocks/NVDA/live-price 200 in 1496ms (next.js: 4ms, application-code: 1492ms)
[FINSEPA_PROVIDER_TRACE] EODHD fetchEodhdUsQuoteDelayed {"symbol":"NVDA.US"}
 GET /api/stocks/NVDA/extended-hours?exchange=NASDAQ&country=US&close=230.36 200 in 7.5s (next.js: 8ms, application-code: 7.5s)
[FINSEPA_PROVIDER_TRACE] EODHD fetchEodhdIntraday {"symbol":"NVDA.US"}
[FINSEPA_PROVIDER_TRACE] EODHD fetchEodhdEodDaily {"symbol":"NVDA.US","closeMode":"adjusted"}
[eodhd intraday] raw provider row sample {
  sym: 'NVDA.US',
  interval: '1m',
  rowCount: 391,
  firstRow: {
    timestamp: 1788528600,
    gmtoffset: 0,
    datetime: '2026-09-04 13:30:00',
    open: 231.09,
    high: 231.2,
    low: 229.82,
    close: 230.1875,
    volume: 2676601
  }
}
[closed-1d] NVDA {
  session: 'pre',
  sessionYmd: '2026-09-04',
  source: 'eodhd-prior-session',
  interval: '1m',
  firstPointTime: '2026-09-04T13:30:00.000Z',
  lastPointTime: '2026-09-04T20:00:00.000Z',
  pointCount: 391
}
[live-price] NVDA {
  price: 229.73,
  quotedAtSec: 1788552000,
  previousClose: null,
  session: 'pre'
}
 GET /api/stocks/NVDA/live-price 200 in 1203ms (next.js: 5ms, application-code: 1198ms)
[FINSEPA_PROVIDER_TRACE] EODHD fetchEodhdUsQuoteDelayed {"symbol":"NVDA.US"}
 GET /api/stocks/NVDA/extended-hours?exchange=NASDAQ&country=US&close=230.36 200 in 5.0s (next.js: 11ms, application-code: 5.0s)
[FINSEPA_PROVIDER_TRACE] EODHD fetchEodhdIntraday {"symbol":"NVDA.US"}
[FINSEPA_PROVIDER_TRACE] EODHD fetchEodhdEodDaily {"symbol":"NVDA.US","closeMode":"adjusted"}
[eodhd intraday] raw provider row sample {
  sym: 'NVDA.US',
  interval: '1m',
  rowCount: 391,
  firstRow: {
    timestamp: 1788528600,
    gmtoffset: 0,
    datetime: '2026-09-04 13:30:00',
    open: 231.09,
    high: 231.2,
    low: 229.82,
    close: 230.1875,
    volume: 2676601
  }
}
[closed-1d] NVDA {
  session: 'pre',
  sessionYmd: '2026-09-04',
  source: 'eodhd-prior-session',
  interval: '1m',
  firstPointTime: '2026-09-04T13:30:00.000Z',
  lastPointTime: '2026-09-04T20:00:00.000Z',
  pointCount: 391
}
[live-price] NVDA {
  price: 229.73,
  quotedAtSec: 1788552000,
  previousClose: null,
  session: 'pre'
}
 GET /api/stocks/NVDA/live-price 200 in 1118ms (next.js: 4ms, application-code: 1113ms)
[FINSEPA_PROVIDER_TRACE] EODHD fetchEodhdUsQuoteDelayed {"symbol":"NVDA.US"}
 GET /api/stocks/NVDA/extended-hours?exchange=NASDAQ&country=US&close=230.36 200 in 4.4s (next.js: 10ms, application-code: 4.4s)
[FINSEPA_PROVIDER_TRACE] EODHD fetchEodhdIntraday {"symbol":"NVDA.US"}
[FINSEPA_PROVIDER_TRACE] EODHD fetchEodhdEodDaily {"symbol":"NVDA.US","closeMode":"adjusted"}
 GET /api/notifications?count=1 200 in 276ms (next.js: 3ms, application-code: 274ms)
 GET /api/notifications?count=1 200 in 89ms (next.js: 1400µs, application-code: 87ms)
[eodhd intraday] raw provider row sample {
  sym: 'NVDA.US',
  interval: '1m',
  rowCount: 391,
  firstRow: {
    timestamp: 1788528600,
    gmtoffset: 0,
    datetime: '2026-09-04 13:30:00',
    open: 231.09,
    high: 231.2,
    low: 229.82,
    close: 230.1875,
    volume: 2676601
  }
}
[closed-1d] NVDA {
  session: 'pre',
  sessionYmd: '2026-09-04',
  source: 'eodhd-prior-session',
  interval: '1m',
  firstPointTime: '2026-09-04T13:30:00.000Z',
  lastPointTime: '2026-09-04T20:00:00.000Z',
  pointCount: 391
}
[live-price] NVDA {
  price: 229.73,
  quotedAtSec: 1788552000,
  previousClose: null,
  session: 'pre'
}
 GET /api/stocks/NVDA/live-price 200 in 1205ms (next.js: 4ms, application-code: 1202ms)
[FINSEPA_PROVIDER_TRACE] EODHD fetchEodhdUsQuoteDelayed {"symbol":"NVDA.US"}
 GET /api/stocks/NVDA/extended-hours?exchange=NASDAQ&country=US&close=230.36 200 in 3.5s (next.js: 9ms, application-code: 3.5s)
[FINSEPA_PROVIDER_TRACE] EODHD fetchEodhdIntraday {"symbol":"NVDA.US"}
[FINSEPA_PROVIDER_TRACE] EODHD fetchEodhdEodDaily {"symbol":"NVDA.US","closeMode":"adjusted"}
[eodhd intraday] raw provider row sample {
  sym: 'NVDA.US',
  interval: '1m',
  rowCount: 391,
  firstRow: {
    timestamp: 1788528600,
    gmtoffset: 0,
    datetime: '2026-09-04 13:30:00',
    open: 231.09,
    high: 231.2,
    low: 229.82,
    close: 230.1875,
    volume: 2676601
  }
}
[closed-1d] NVDA {
  session: 'pre',
  sessionYmd: '2026-09-04',
  source: 'eodhd-prior-session',
  interval: '1m',
  firstPointTime: '2026-09-04T13:30:00.000Z',
  lastPointTime: '2026-09-04T20:00:00.000Z',
  pointCount: 391
}
[live-price] NVDA {
  price: 229.73,
  quotedAtSec: 1788552000,
  previousClose: null,
  session: 'pre'
}
 GET /api/stocks/NVDA/live-price 200 in 1481ms (next.js: 5ms, application-code: 1476ms)
[FINSEPA_PROVIDER_TRACE] EODHD fetchEodhdUsQuoteDelayed {"symbol":"NVDA.US"}
 GET /api/stocks/NVDA/extended-hours?exchange=NASDAQ&country=US&close=230.36 200 in 3.5s (next.js: 10ms, application-code: 3.5s)
[FINSEPA_PROVIDER_TRACE] EODHD fetchEodhdIntraday {"symbol":"NVDA.US"}
[FINSEPA_PROVIDER_TRACE] EODHD fetchEodhdEodDaily {"symbol":"NVDA.US","closeMode":"adjusted"}
[eodhd intraday] raw provider row sample {
  sym: 'NVDA.US',
  interval: '1m',
  rowCount: 391,
  firstRow: {
    timestamp: 1788528600,
    gmtoffset: 0,
    datetime: '2026-09-04 13:30:00',
    open: 231.09,
    high: 231.2,
    low: 229.82,
    close: 230.1875,
    volume: 2676601
  }
}
[closed-1d] NVDA {
  session: 'pre',
  sessionYmd: '2026-09-04',
  source: 'eodhd-prior-session',
  interval: '1m',
  firstPointTime: '2026-09-04T13:30:00.000Z',
  lastPointTime: '2026-09-04T20:00:00.000Z',
  pointCount: 391
}
[live-price] NVDA {
  price: 229.73,
  quotedAtSec: 1788552000,
  previousClose: null,
  session: 'pre'
}
 GET /api/stocks/NVDA/live-price 200 in 1408ms (next.js: 6ms, application-code: 1403ms)
[FINSEPA_PROVIDER_TRACE] EODHD fetchEodhdUsQuoteDelayed {"symbol":"NVDA.US"}
 GET /api/stocks/NVDA/extended-hours?exchange=NASDAQ&country=US&close=230.36 200 in 2.7s (next.js: 12ms, application-code: 2.7s)
[FINSEPA_PROVIDER_TRACE] EODHD fetchEodhdIntraday {"symbol":"NVDA.US"}
[FINSEPA_PROVIDER_TRACE] EODHD fetchEodhdEodDaily {"symbol":"NVDA.US","closeMode":"adjusted"}
[eodhd intraday] raw provider row sample {
  sym: 'NVDA.US',
  interval: '1m',
  rowCount: 391,
  firstRow: {
    timestamp: 1788528600,
    gmtoffset: 0,
    datetime: '2026-09-04 13:30:00',
    open: 231.09,
    high: 231.2,
    low: 229.82,
    close: 230.1875,
    volume: 2676601
  }
}
[closed-1d] NVDA {
  session: 'pre',
  sessionYmd: '2026-09-04',
  source: 'eodhd-prior-session',
  interval: '1m',
  firstPointTime: '2026-09-04T13:30:00.000Z',
  lastPointTime: '2026-09-04T20:00:00.000Z',
  pointCount: 391
}
[live-price] NVDA {
  price: 229.73,
  quotedAtSec: 1788552000,
  previousClose: null,
  session: 'pre'
}
 GET /api/stocks/NVDA/live-price 200 in 1177ms (next.js: 5ms, application-code: 1172ms)
[FINSEPA_PROVIDER_TRACE] EODHD fetchEodhdUsQuoteDelayed {"symbol":"NVDA.US"}
 GET /api/stocks/NVDA/extended-hours?exchange=NASDAQ&country=US&close=230.36 200 in 2.4s (next.js: 9ms, application-code: 2.4s)
[FINSEPA_PROVIDER_TRACE] EODHD fetchEodhdIntraday {"symbol":"NVDA.US"}
[FINSEPA_PROVIDER_TRACE] EODHD fetchEodhdEodDaily {"symbol":"NVDA.US","closeMode":"adjusted"}
 GET /api/notifications?count=1 200 in 225ms (next.js: 2ms, application-code: 223ms)
 GET /api/notifications?count=1 200 in 194ms (next.js: 1094µs, application-code: 193ms)
[eodhd intraday] raw provider row sample {
  sym: 'NVDA.US',
  interval: '1m',
  rowCount: 391,
  firstRow: {
    timestamp: 1788528600,
    gmtoffset: 0,
    datetime: '2026-09-04 13:30:00',
    open: 231.09,
    high: 231.2,
    low: 229.82,
    close: 230.1875,
    volume: 2676601
  }
}
[closed-1d] NVDA {
  session: 'pre',
  sessionYmd: '2026-09-04',
  source: 'eodhd-prior-session',
  interval: '1m',
  firstPointTime: '2026-09-04T13:30:00.000Z',
  lastPointTime: '2026-09-04T20:00:00.000Z',
  pointCount: 391
}
[live-price] NVDA {
  price: 229.73,
  quotedAtSec: 1788552000,
  previousClose: null,
  session: 'pre'
}
 GET /api/stocks/NVDA/live-price 200 in 1244ms (next.js: 3ms, application-code: 1241ms)
[FINSEPA_PROVIDER_TRACE] EODHD fetchEodhdUsQuoteDelayed {"symbol":"NVDA.US"}
 GET /api/stocks/NVDA/extended-hours?exchange=NASDAQ&country=US&close=230.36 200 in 2.6s (next.js: 8ms, application-code: 2.5s)
[FINSEPA_PROVIDER_TRACE] EODHD fetchEodhdIntraday {"symbol":"NVDA.US"}
[FINSEPA_PROVIDER_TRACE] EODHD fetchEodhdEodDaily {"symbol":"NVDA.US","closeMode":"adjusted"}
[eodhd intraday] raw provider row sample {
  sym: 'NVDA.US',
  interval: '1m',
  rowCount: 391,
  firstRow: {
    timestamp: 1788528600,
    gmtoffset: 0,
    datetime: '2026-09-04 13:30:00',
    open: 231.09,
    high: 231.2,
    low: 229.82,
    close: 230.1875,
    volume: 2676601
  }
}
[closed-1d] NVDA {
  session: 'pre',
  sessionYmd: '2026-09-04',
  source: 'eodhd-prior-session',
  interval: '1m',
  firstPointTime: '2026-09-04T13:30:00.000Z',
  lastPointTime: '2026-09-04T20:00:00.000Z',
  pointCount: 391
}
[live-price] NVDA {
  price: 229.73,
  quotedAtSec: 1788552000,
  previousClose: null,
  session: 'pre'
}
 GET /api/stocks/NVDA/live-price 200 in 1151ms (next.js: 4ms, application-code: 1147ms)
[FINSEPA_PROVIDER_TRACE] EODHD fetchEodhdUsQuoteDelayed {"symbol":"NVDA.US"}
 GET /api/stocks/NVDA/extended-hours?exchange=NASDAQ&country=US&close=230.36 200 in 2.5s (next.js: 9ms, application-code: 2.5s)
[FINSEPA_PROVIDER_TRACE] EODHD fetchEodhdIntraday {"symbol":"NVDA.US"}
[FINSEPA_PROVIDER_TRACE] EODHD fetchEodhdEodDaily {"symbol":"NVDA.US","closeMode":"adjusted"}
[eodhd intraday] raw provider row sample {
  sym: 'NVDA.US',
  interval: '1m',
  rowCount: 391,
  firstRow: {
    timestamp: 1788528600,
    gmtoffset: 0,
    datetime: '2026-09-04 13:30:00',
    open: 231.09,
    high: 231.2,
    low: 229.82,
    close: 230.1875,
    volume: 2676601
  }
}
[closed-1d] NVDA {
  session: 'pre',
  sessionYmd: '2026-09-04',
  source: 'eodhd-prior-session',
  interval: '1m',
  firstPointTime: '2026-09-04T13:30:00.000Z',
  lastPointTime: '2026-09-04T20:00:00.000Z',
  pointCount: 391
}
[live-price] NVDA {
  price: 229.73,
  quotedAtSec: 1788552000,
  previousClose: null,
  session: 'pre'
}
 GET /api/stocks/NVDA/live-price 200 in 1202ms (next.js: 5ms, application-code: 1197ms)
[FINSEPA_PROVIDER_TRACE] EODHD fetchEodhdUsQuoteDelayed {"symbol":"NVDA.US"}
 GET /api/stocks/NVDA/extended-hours?exchange=NASDAQ&country=US&close=230.36 200 in 2.4s (next.js: 11ms, application-code: 2.4s)
 GET /__bench_bench-20260908-125010_18_idle_end__ 404 in 45ms (next.js: 5ms, application-code: 41ms)
 GET /__bench_bench-20260908-125010_19_background_start__ 404 in 26ms (next.js: 2ms, application-code: 23ms)
[FINSEPA_PROVIDER_TRACE] EODHD fetchEodhdIntraday {"symbol":"NVDA.US"}
[FINSEPA_PROVIDER_TRACE] EODHD fetchEodhdEodDaily {"symbol":"NVDA.US","closeMode":"adjusted"}
[eodhd intraday] raw provider row sample {
  sym: 'NVDA.US',
  interval: '1m',
  rowCount: 391,
  firstRow: {
    timestamp: 1788528600,
    gmtoffset: 0,
    datetime: '2026-09-04 13:30:00',
    open: 231.09,
    high: 231.2,
    low: 229.82,
    close: 230.1875,
    volume: 2676601
  }
}
[closed-1d] NVDA {
  session: 'pre',
  sessionYmd: '2026-09-04',
  source: 'eodhd-prior-session',
  interval: '1m',
  firstPointTime: '2026-09-04T13:30:00.000Z',
  lastPointTime: '2026-09-04T20:00:00.000Z',
  pointCount: 391
}
[live-price] NVDA {
  price: 229.73,
  quotedAtSec: 1788552000,
  previousClose: null,
  session: 'pre'
}
 GET /api/stocks/NVDA/live-price 200 in 1229ms (next.js: 5ms, application-code: 1224ms)
[FINSEPA_PROVIDER_TRACE] EODHD fetchEodhdUsQuoteDelayed {"symbol":"NVDA.US"}
 GET /api/stocks/NVDA/extended-hours?exchange=NASDAQ&country=US&close=230.36 200 in 2.6s (next.js: 10ms, application-code: 2.6s)
 GET /api/notifications?count=1 200 in 325ms (next.js: 6ms, application-code: 319ms)
 GET /__bench_bench-20260908-125010_19_background_mid__ 404 in 33ms (next.js: 4ms, application-code: 29ms)
 GET /__bench_bench-20260908-125010_19_background_end__ 404 in 33ms (next.js: 3ms, application-code: 30ms)
 GET /__bench_bench-20260908-125010_session_end__ 404 in 43ms (next.js: 2ms, application-code: 40ms)
  Reload env: .env.local
✓ Compiled in 273ms
 GET /screener 200 in 449ms (next.js: 124ms, proxy.ts: 233ms, application-code: 92ms)
 GET /api/notifications?count=1 200 in 227ms (next.js: 59ms, application-code: 168ms)
 GET /api/notifications?count=1 200 in 118ms (next.js: 5ms, application-code: 114ms)
 GET /api/notifications?count=1 200 in 285ms (next.js: 6ms, application-code: 279ms)
 GET /api/notifications?count=1 200 in 177ms (next.js: 10ms, application-code: 166ms)
 GET /api/notifications?count=1 200 in 190ms (next.js: 2ms, application-code: 188ms)
 GET /api/notifications?count=1 200 in 202ms (next.js: 8ms, application-code: 194ms)
 GET /api/notifications?count=1 200 in 124ms (next.js: 8ms, application-code: 116ms)
 GET /api/notifications?count=1 200 in 131ms (next.js: 2ms, application-code: 129ms)
 GET /screener 200 in 1106ms (next.js: 9ms, proxy.ts: 25ms, application-code: 1071ms)
 GET /api/notifications?count=1 200 in 249ms (next.js: 72ms, application-code: 177ms)
 GET /api/account/plan 200 in 361ms (next.js: 131ms, application-code: 230ms)
 GET /api/portfolio/workspace 200 in 393ms (next.js: 161ms, application-code: 232ms)
 POST /api/portfolio/stock-splits 200 in 1065ms (next.js: 58ms, application-code: 1008ms)
 POST /api/portfolio/stock-splits 200 in 904ms (next.js: 1106µs, application-code: 903ms)
 POST /api/portfolio/stock-splits 200 in 1331ms (next.js: 46ms, application-code: 1285ms)
[portfolio/workspace PUT] ledger warnings {
  userId: '52373158-0eff-48de-80ba-f9206ee0e52a',
  warnings: [
    {
      code: 'SELL_WITHOUT_POSITION',
      portfolioId: '6667854d-3cea-49f6-9aac-8a7340c82cb8',
      transactionId: '484eefe6-d749-45bf-9f2d-4a9006a26b62',
      message: 'Sell of AAL with no open position.',
      legacy: true
    },
    {
      code: 'SELL_WITHOUT_POSITION',
      portfolioId: '6667854d-3cea-49f6-9aac-8a7340c82cb8',
      transactionId: '6d6780cf-80b2-4b0d-a3ef-a5b13da610d6',
      message: 'Sell of WISH with no open position.',
      legacy: true
    },
    {
      code: 'SELL_WITHOUT_POSITION',
      portfolioId: '6667854d-3cea-49f6-9aac-8a7340c82cb8',
      transactionId: 'b3c3668a-1730-4300-bd49-255067fbb9c4',
      message: 'Sell of NNOX with no open position.',
      legacy: true
    },
    {
      code: 'SELL_EXCEEDS_AVAILABLE_SHARES',
      portfolioId: '6667854d-3cea-49f6-9aac-8a7340c82cb8',
      transactionId: '4120dc1a-c777-45f4-b033-802dda8bf9e1',
      message: 'Sell 2.195119 PEP exceeds available 2.',
      legacy: true
    }
  ],
  migrateReport: {
    sequenceReports: {
      '6667854d-3cea-49f6-9aac-8a7340c82cb8': [Object],
      '27085251-e3e2-4829-81ee-14004843637d': [Object],
      '6e1c8d68-72f3-4160-9874-6473edd2f7eb': [Object],
      'd972d6f7-1f89-492b-81cf-aaf5fba709f5': [Object],
      '1c9764f9-9feb-462d-8cbe-a61ade8b293c': [Object],
      'a8524493-d06d-4997-9949-ab2bb8e7258b': [Object],
      'e1d517c3-21d5-45d0-8125-fbbb5dbd23f4': [Object]
    },
    legacyTaggedByPortfolio: {},
    changed: false
  }
}
 POST /api/portfolio/stock-splits 200 in 1230ms (next.js: 916µs, application-code: 1229ms)
 PUT /api/portfolio/workspace 200 in 631ms (next.js: 1272µs, application-code: 630ms)
 POST /api/portfolio/live-quotes 200 in 956ms (next.js: 1247µs, application-code: 955ms)
 POST /api/portfolio/live-quotes 200 in 2.2s (next.js: 68ms, application-code: 2.1s)
[portfolio/workspace PUT] ledger warnings {
  userId: '52373158-0eff-48de-80ba-f9206ee0e52a',
  warnings: [
    {
      code: 'SELL_WITHOUT_POSITION',
      portfolioId: '6667854d-3cea-49f6-9aac-8a7340c82cb8',
      transactionId: '484eefe6-d749-45bf-9f2d-4a9006a26b62',
      message: 'Sell of AAL with no open position.',
      legacy: true
    },
    {
      code: 'SELL_WITHOUT_POSITION',
      portfolioId: '6667854d-3cea-49f6-9aac-8a7340c82cb8',
      transactionId: '6d6780cf-80b2-4b0d-a3ef-a5b13da610d6',
      message: 'Sell of WISH with no open position.',
      legacy: true
    },
    {
      code: 'SELL_WITHOUT_POSITION',
      portfolioId: '6667854d-3cea-49f6-9aac-8a7340c82cb8',
      transactionId: 'b3c3668a-1730-4300-bd49-255067fbb9c4',
      message: 'Sell of NNOX with no open position.',
      legacy: true
    },
    {
      code: 'SELL_EXCEEDS_AVAILABLE_SHARES',
      portfolioId: '6667854d-3cea-49f6-9aac-8a7340c82cb8',
      transactionId: '4120dc1a-c777-45f4-b033-802dda8bf9e1',
      message: 'Sell 2.195119 PEP exceeds available 2.',
      legacy: true
    }
  ],
  migrateReport: {
    sequenceReports: {
      '6667854d-3cea-49f6-9aac-8a7340c82cb8': [Object],
      '27085251-e3e2-4829-81ee-14004843637d': [Object],
      '6e1c8d68-72f3-4160-9874-6473edd2f7eb': [Object],
      'd972d6f7-1f89-492b-81cf-aaf5fba709f5': [Object],
      '1c9764f9-9feb-462d-8cbe-a61ade8b293c': [Object],
      'a8524493-d06d-4997-9949-ab2bb8e7258b': [Object],
      'e1d517c3-21d5-45d0-8125-fbbb5dbd23f4': [Object]
    },
    legacyTaggedByPortfolio: {},
    changed: false
  }
}
 PUT /api/portfolio/workspace 200 in 349ms (next.js: 1616µs, application-code: 348ms)
[portfolio/workspace PUT] ledger warnings {
  userId: '52373158-0eff-48de-80ba-f9206ee0e52a',
  warnings: [
    {
      code: 'SELL_WITHOUT_POSITION',
      portfolioId: '6667854d-3cea-49f6-9aac-8a7340c82cb8',
      transactionId: '484eefe6-d749-45bf-9f2d-4a9006a26b62',
      message: 'Sell of AAL with no open position.',
      legacy: true
    },
    {
      code: 'SELL_WITHOUT_POSITION',
      portfolioId: '6667854d-3cea-49f6-9aac-8a7340c82cb8',
      transactionId: '6d6780cf-80b2-4b0d-a3ef-a5b13da610d6',
      message: 'Sell of WISH with no open position.',
      legacy: true
    },
    {
      code: 'SELL_WITHOUT_POSITION',
      portfolioId: '6667854d-3cea-49f6-9aac-8a7340c82cb8',
      transactionId: 'b3c3668a-1730-4300-bd49-255067fbb9c4',
      message: 'Sell of NNOX with no open position.',
      legacy: true
    },
    {
      code: 'SELL_EXCEEDS_AVAILABLE_SHARES',
      portfolioId: '6667854d-3cea-49f6-9aac-8a7340c82cb8',
      transactionId: '4120dc1a-c777-45f4-b033-802dda8bf9e1',
      message: 'Sell 2.195119 PEP exceeds available 2.',
      legacy: true
    }
  ],
  migrateReport: {
    sequenceReports: {
      '6667854d-3cea-49f6-9aac-8a7340c82cb8': [Object],
      '27085251-e3e2-4829-81ee-14004843637d': [Object],
      '6e1c8d68-72f3-4160-9874-6473edd2f7eb': [Object],
      'd972d6f7-1f89-492b-81cf-aaf5fba709f5': [Object],
      '1c9764f9-9feb-462d-8cbe-a61ade8b293c': [Object],
      'a8524493-d06d-4997-9949-ab2bb8e7258b': [Object],
      'e1d517c3-21d5-45d0-8125-fbbb5dbd23f4': [Object]
    },
    legacyTaggedByPortfolio: {},
    changed: false
  }
}
 PUT /api/portfolio/workspace 200 in 378ms (next.js: 1326µs, application-code: 377ms)
 POST /api/portfolio/live-quotes 200 in 3.2s (next.js: 6ms, application-code: 3.2s)
 POST /api/portfolio/live-quotes 200 in 1942ms (next.js: 1272µs, application-code: 1941ms)
[portfolio/workspace PUT] ledger warnings {
  userId: '52373158-0eff-48de-80ba-f9206ee0e52a',
  warnings: [
    {
      code: 'SELL_WITHOUT_POSITION',
      portfolioId: '6667854d-3cea-49f6-9aac-8a7340c82cb8',
      transactionId: '484eefe6-d749-45bf-9f2d-4a9006a26b62',
      message: 'Sell of AAL with no open position.',
      legacy: true
    },
    {
      code: 'SELL_WITHOUT_POSITION',
      portfolioId: '6667854d-3cea-49f6-9aac-8a7340c82cb8',
      transactionId: '6d6780cf-80b2-4b0d-a3ef-a5b13da610d6',
      message: 'Sell of WISH with no open position.',
      legacy: true
    },
    {
      code: 'SELL_WITHOUT_POSITION',
      portfolioId: '6667854d-3cea-49f6-9aac-8a7340c82cb8',
      transactionId: 'b3c3668a-1730-4300-bd49-255067fbb9c4',
      message: 'Sell of NNOX with no open position.',
      legacy: true
    },
    {
      code: 'SELL_EXCEEDS_AVAILABLE_SHARES',
      portfolioId: '6667854d-3cea-49f6-9aac-8a7340c82cb8',
      transactionId: '4120dc1a-c777-45f4-b033-802dda8bf9e1',
      message: 'Sell 2.195119 PEP exceeds available 2.',
      legacy: true
    }
  ],
  migrateReport: {
    sequenceReports: {
      '6667854d-3cea-49f6-9aac-8a7340c82cb8': [Object],
      '27085251-e3e2-4829-81ee-14004843637d': [Object],
      '6e1c8d68-72f3-4160-9874-6473edd2f7eb': [Object],
      'd972d6f7-1f89-492b-81cf-aaf5fba709f5': [Object],
      '1c9764f9-9feb-462d-8cbe-a61ade8b293c': [Object],
      'a8524493-d06d-4997-9949-ab2bb8e7258b': [Object],
      'e1d517c3-21d5-45d0-8125-fbbb5dbd23f4': [Object]
    },
    legacyTaggedByPortfolio: {},
    changed: false
  }
}
 PUT /api/portfolio/workspace 200 in 428ms (next.js: 3ms, application-code: 425ms)
 POST /api/portfolio/live-quotes 200 in 2.5s (next.js: 1214µs, application-code: 2.5s)
 PUT /api/portfolios/listings 200 in 205ms (next.js: 44ms, application-code: 162ms)
 POST /api/portfolio/live-quotes 200 in 2.2s (next.js: 1272µs, application-code: 2.2s)
[browser] @supabase/gotrue-js: Lock "lock:sb-pjwzvqvrqqvjgwuouoxy-auth-token" was not released within 5000ms. This may indicate an orphaned lock from a component unmount (e.g., React Strict Mode). Forcefully acquiring the lock to recover.
 GET /api/search/recent 200 in 201ms (next.js: 46ms, application-code: 155ms)
 GET /api/search/recent 200 in 303ms (next.js: 50ms, application-code: 253ms)
 GET /api/superinvestor-follows 200 in 227ms (next.js: 23ms, application-code: 204ms)
 GET /api/watchlist 200 in 274ms (next.js: 25ms, application-code: 249ms)
 GET /api/watchlist 200 in 184ms (next.js: 1830µs, application-code: 183ms)
 PUT /api/portfolios/listings 200 in 325ms (next.js: 1161µs, application-code: 324ms)
 GET /api/watchlist 200 in 149ms (next.js: 12ms, application-code: 138ms)
 POST /api/portfolio/live-quotes 200 in 2.6s (next.js: 1351µs, application-code: 2.6s)
 PUT /api/portfolios/listings 200 in 169ms (next.js: 1856µs, application-code: 167ms)
 GET /api/notifications?count=1 200 in 68ms (next.js: 1699µs, application-code: 67ms)
 GET /api/notifications?count=1 200 in 125ms (next.js: 4ms, application-code: 121ms)
 GET /api/notifications?count=1 200 in 105ms (next.js: 3ms, application-code: 102ms)
 GET /api/notifications?count=1 200 in 200ms (next.js: 12ms, application-code: 188ms)
 GET /api/notifications?count=1 200 in 134ms (next.js: 14ms, application-code: 120ms)
 GET /login 200 in 100ms (next.js: 22ms, proxy.ts: 4ms, application-code: 74ms)
 GET /api/notifications?count=1 200 in 453ms (next.js: 10ms, application-code: 443ms)
 GET /api/notifications?count=1 200 in 113ms (next.js: 2ms, application-code: 110ms)
 GET /api/notifications?count=1 200 in 219ms (next.js: 13ms, application-code: 205ms)
 GET /api/notifications?count=1 200 in 108ms (next.js: 4ms, application-code: 104ms)
 GET /api/notifications?count=1 200 in 261ms (next.js: 7ms, application-code: 254ms)
 GET /api/notifications?count=1 200 in 123ms (next.js: 2ms, application-code: 121ms)
 GET /api/notifications?count=1 200 in 165ms (next.js: 16ms, application-code: 150ms)
 GET /screener 200 in 880ms (next.js: 13ms, proxy.ts: 318ms, application-code: 548ms)
 GET /api/notifications?count=1 200 in 126ms (next.js: 13ms, application-code: 114ms)
 GET /api/portfolio/workspace 200 in 222ms (next.js: 15ms, application-code: 207ms)
 GET /api/account/billing/summary 200 in 225ms (next.js: 119ms, application-code: 107ms)
 GET /api/account/plan 200 in 245ms (next.js: 56ms, application-code: 189ms)
 GET /api/search/recent 200 in 82ms (next.js: 1606µs, application-code: 81ms)
 GET /api/superinvestor-follows 200 in 67ms (next.js: 1964µs, application-code: 65ms)
 GET /api/watchlist 200 in 162ms (next.js: 1662µs, application-code: 160ms)
 GET /api/search/recent 200 in 106ms (next.js: 4ms, application-code: 102ms)
 GET /api/watchlist 200 in 137ms (next.js: 1254µs, application-code: 136ms)
 POST /api/portfolio/stock-splits 200 in 894ms (next.js: 14ms, application-code: 880ms)
 PUT /api/portfolio/workspace 200 in 235ms (next.js: 1214µs, application-code: 233ms)
 POST /api/portfolio/stock-splits 200 in 1183ms (next.js: 5ms, application-code: 1178ms)
 POST /api/portfolio/live-quotes 200 in 1154ms (next.js: 3ms, application-code: 1151ms)
 POST /api/portfolio/live-quotes 200 in 1470ms (next.js: 4ms, application-code: 1466ms)
 PUT /api/portfolio/workspace 200 in 309ms (next.js: 4ms, application-code: 306ms)
 PUT /api/portfolio/workspace 200 in 228ms (next.js: 1518µs, application-code: 226ms)
 GET /api/search?q=jnj 200 in 883ms (next.js: 59ms, application-code: 824ms)
 PUT /api/search/recent 200 in 377ms (next.js: 7ms, application-code: 370ms)
 GET /stock/JNJ 200 in 536ms (next.js: 85ms, proxy.ts: 14ms, application-code: 436ms)
 GET /api/notifications?count=1 200 in 68ms (next.js: 5ms, application-code: 64ms)
 POST /api/portfolio/live-quotes 200 in 2.6s (next.js: 2ms, application-code: 2.6s)
 GET /api/account/billing/summary 200 in 104ms (next.js: 3ms, application-code: 100ms)
 POST /api/portfolio/live-quotes 200 in 3.9s (next.js: 2ms, application-code: 3.9s)
 GET /api/notifications?count=1 200 in 69ms (next.js: 2ms, application-code: 66ms)
 GET /api/portfolio/workspace 200 in 135ms (next.js: 1262µs, application-code: 134ms)
 GET /api/account/billing/summary 200 in 119ms (next.js: 1065µs, application-code: 118ms)
 GET /api/account/plan 200 in 138ms (next.js: 7ms, application-code: 131ms)
 GET /api/portfolio/workspace 200 in 112ms (next.js: 1245µs, application-code: 111ms)
 GET /api/account/plan 200 in 122ms (next.js: 1241µs, application-code: 121ms)
 GET /api/search/recent 200 in 72ms (next.js: 1363µs, application-code: 71ms)
 GET /api/superinvestor-follows 200 in 61ms (next.js: 1010µs, application-code: 60ms)
 GET /api/search/recent 200 in 106ms (next.js: 2ms, application-code: 104ms)
 GET /api/watchlist 200 in 228ms (next.js: 1966µs, application-code: 226ms)
 POST /api/portfolio/stock-splits 200 in 391ms (next.js: 1323µs, application-code: 390ms)
 POST /api/portfolio/stock-splits 200 in 603ms (next.js: 1672µs, application-code: 602ms)
[eodhd intraday] raw provider row sample {
  sym: 'JNJ.US',
  interval: '1m',
  rowCount: 389,
  firstRow: {
    timestamp: 1788528600,
    gmtoffset: 0,
    datetime: '2026-09-04 13:30:00',
    open: 275.13,
    high: 276.39,
    low: 274.75,
    close: 276.13,
    volume: 108343
  }
}
[live-price] JNJ {
  price: 275.21,
  quotedAtSec: 1788552000,
  previousClose: null,
  session: 'pre'
}
 POST /api/portfolio/live-quotes 200 in 985ms (next.js: 1181µs, application-code: 983ms)
 GET /api/stocks/JNJ/live-price 200 in 682ms (next.js: 41ms, application-code: 641ms)
 POST /api/portfolio/live-quotes 200 in 1460ms (next.js: 5ms, application-code: 1455ms)
[eodhd intraday] raw provider row sample {
  sym: 'JNJ.US',
  interval: '1m',
  rowCount: 389,
  firstRow: {
    timestamp: 1788528600,
    gmtoffset: 0,
    datetime: '2026-09-04 13:30:00',
    open: 275.13,
    high: 276.39,
    low: 274.75,
    close: 276.13,
    volume: 108343
  }
}
[live-price] JNJ {
  price: 275.21,
  quotedAtSec: 1788552000,
  previousClose: null,
  session: 'pre'
}
 GET /api/stocks/JNJ/live-price 200 in 557ms (next.js: 5ms, application-code: 552ms)
 PUT /api/portfolio/workspace 200 in 232ms (next.js: 1189µs, application-code: 231ms)
 POST /api/portfolio/live-quotes 200 in 2.5s (next.js: 1064µs, application-code: 2.5s)
 GET /api/search/recent 200 in 71ms (next.js: 1271µs, application-code: 70ms)
 GET /api/search/recent 200 in 74ms (next.js: 1471µs, application-code: 72ms)
 GET /api/stocks/JNJ/extended-hours?exchange=NYSE&country=US&close=275.23 200 in 1518ms (next.js: 3ms, application-code: 1515ms)
 GET /api/stocks/JNJ/extended-hours?exchange=NYSE&country=US&close=275.23 200 in 2.2s (next.js: 56ms, application-code: 2.1s)
 PUT /api/portfolio/workspace 200 in 247ms (next.js: 1597µs, application-code: 246ms)
 GET /api/stocks/JNJ/target-price 200 in 852ms (next.js: 35ms, application-code: 817ms)
 GET /api/stocks/JNJ/key-indicators 200 in 2.4s (next.js: 4ms, application-code: 2.4s)
 GET /api/stocks/JNJ/key-indicators 200 in 3.2s (next.js: 61ms, application-code: 3.1s)
 GET /assets/_app/immutable/assets/people_alt.0IqWdIOr.css 404 in 99ms (next.js: 22ms, application-code: 78ms)
 GET /assets/_app/immutable/assets/2.C9hFP7sG.css 404 in 100ms (next.js: 68ms, application-code: 32ms)
 GET /assets/_app/immutable/assets/AddToFollowing.oHrQzDiM.css 404 in 48ms (next.js: 4ms, application-code: 45ms)
 GET /assets/_app/immutable/assets/Tabs.B74U1F4k.css 404 in 48ms (next.js: 20ms, application-code: 28ms)
 GET /assets/_app/immutable/assets/Dialogv2.CXvAI8Yx.css 404 in 43ms (next.js: 4ms, application-code: 40ms)
 GET /assets/_app/immutable/assets/GdprBlocked.C3dnYzst.css 404 in 43ms (next.js: 20ms, application-code: 24ms)
 GET /assets/_app/immutable/assets/AddNewPortfolioButton.B4HmilUN.css 404 in 54ms (next.js: 5ms, application-code: 49ms)
 GET /assets/_app/immutable/assets/AddTickerWithHoldings.DAQnlVJU.css 404 in 59ms (next.js: 34ms, application-code: 26ms)
 GET /assets/_app/immutable/assets/Autocomplete.B6UmZEzz.css 404 in 43ms (next.js: 8ms, application-code: 35ms)
 PUT /api/portfolio/workspace 200 in 408ms (next.js: 2ms, application-code: 405ms)
 GET /assets/_app/immutable/assets/Card.7smu_tPD.css 404 in 24ms (next.js: 3ms, application-code: 22ms)
 GET /assets/_app/immutable/assets/PortfolioForm.DVSyO24a.css 404 in 78ms (next.js: 3ms, application-code: 75ms)
 GET /assets/_app/immutable/assets/loadTopAnalystRatings.DjKURJBv.css 404 in 79ms (next.js: 20ms, application-code: 59ms)
 GET /assets/_app/immutable/assets/BannerV2.BUaA8BL6.css 404 in 58ms (next.js: 34ms, application-code: 24ms)
 GET /assets/_app/immutable/assets/SwitchGroup.BRNnmGQJ.css 404 in 54ms (next.js: 4ms, application-code: 50ms)
 GET /assets/_app/immutable/assets/TextField.CgB00LnS.css 404 in 55ms (next.js: 30ms, application-code: 25ms)
 GET /assets/_app/immutable/assets/PageProgressBar.DI0pYk3c.css 404 in 26ms (next.js: 5ms, application-code: 21ms)
 GET /assets/_app/immutable/assets/Meta.BmO56adv.css 404 in 44ms (next.js: 5ms, application-code: 40ms)
 GET /assets/_app/immutable/assets/virtual_pwa-register.CI53cJZ_.css 404 in 44ms (next.js: 19ms, application-code: 24ms)
 GET /assets/_app/immutable/assets/Debug.DPMy6RHe.css 404 in 25ms (next.js: 4ms, application-code: 21ms)
 GET /assets/_app/immutable/assets/AccordionItem.DwPDDhxR.css 404 in 49ms (next.js: 4ms, application-code: 45ms)
 GET /assets/_app/immutable/assets/Switch.BDtPoIsT.css 404 in 48ms (next.js: 19ms, application-code: 30ms)
 GET /assets/_app/immutable/assets/handyman.D9f3MkzC.css 404 in 26ms (next.js: 4ms, application-code: 22ms)
 GET /assets/_app/immutable/assets/Checkbox.BOB5pb6C.css 404 in 54ms (next.js: 5ms, application-code: 49ms)
 GET /assets/_app/immutable/assets/Slider.yXRkISrd.css 404 in 53ms (next.js: 28ms, application-code: 25ms)
 GET /assets/_app/immutable/assets/Banner.BAIolu3i.css 404 in 27ms (next.js: 4ms, application-code: 24ms)
 GET /assets/_app/immutable/assets/Header.DnEvKSrq.css 404 in 46ms (next.js: 4ms, application-code: 42ms)
 GET /assets/_app/immutable/assets/AlphaSpaceWordmark.Cyz3JfC4.css 404 in 63ms (next.js: 19ms, application-code: 44ms)
 GET /assets/_app/immutable/assets/Tag.DXbPsdiY.css 404 in 27ms (next.js: 5ms, application-code: 22ms)
 GET /assets/_app/immutable/assets/NotificationPanel.Di6ZuLWG.css 404 in 44ms (next.js: 2ms, application-code: 42ms)
 GET /assets/_app/immutable/assets/SubscriptionTierTag.BjxOd-yG.css 404 in 56ms (next.js: 5ms, application-code: 51ms)
 GET /assets/_app/immutable/assets/HyperlinkInteractiveWrapper.wfHpgPVA.css 404 in 97ms (next.js: 17ms, application-code: 80ms)
 GET /assets/_app/immutable/assets/payments.DR6KIYnh.css 404 in 40ms (next.js: 3ms, application-code: 37ms)
 GET /assets/_app/immutable/assets/move_down.DOK3sxW5.css 404 in 56ms (next.js: 8ms, application-code: 48ms)
 GET /assets/_app/immutable/assets/event.tkYfSHFl.css 404 in 74ms (next.js: 20ms, application-code: 55ms)
 GET /assets/_app/immutable/assets/LiveEarningsAudioStream.DeyasBtQ.css 404 in 38ms (next.js: 15ms, application-code: 23ms)
 POST /api/portfolio/live-quotes 200 in 2.6s (next.js: 1599µs, application-code: 2.6s)
 GET /assets/_app/immutable/assets/LiveBadge.Bz7LaYll.css 404 in 49ms (next.js: 4ms, application-code: 45ms)
 GET /assets/_app/immutable/assets/SubsWelcomeModal.DwRkT9PD.css 404 in 66ms (next.js: 19ms, application-code: 47ms)
 GET /assets/_app/immutable/assets/Dock.DC-gv-7M.css 404 in 60ms (next.js: 24ms, application-code: 37ms)
 GET /assets/_app/immutable/assets/Hyperlink.ClLyprcN.css 404 in 64ms (next.js: 9ms, application-code: 55ms)
 GET /assets/_app/immutable/assets/EventCalendarPreview.Cjhb4pdW.css 404 in 59ms (next.js: 6ms, application-code: 53ms)
 GET /assets/_app/immutable/assets/MenuItem.CmNhmsM2.css 404 in 57ms (next.js: 20ms, application-code: 38ms)
 GET /assets/_app/immutable/assets/ymp-comments.CVezLcHV.css 404 in 45ms (next.js: 5ms, application-code: 40ms)
 GET /assets/_app/immutable/assets/DisclosureInfoIcon.BWZfOVHX.css 404 in 77ms (next.js: 18ms, application-code: 59ms)
 GET /assets/_app/immutable/assets/sources.vNvZi5gW.css 404 in 48ms (next.js: 6ms, application-code: 41ms)
 GET /assets/_app/immutable/assets/scoutFeedback.BUm4YDyH.css 404 in 46ms (next.js: 21ms, application-code: 25ms)
 GET /assets/_app/immutable/assets/UserFeedback.BJdeRhF4.css 404 in 51ms (next.js: 4ms, application-code: 47ms)
 GET /assets/_app/immutable/assets/loadChatResponse.pGCqGAoi.css 404 in 86ms (next.js: 20ms, application-code: 67ms)
 GET /assets/_app/immutable/assets/RemountOnRouteChange.BPW9HNmM.css 404 in 52ms (next.js: 5ms, application-code: 47ms)
 GET /assets/_app/immutable/assets/StoryStream.DjN8CIAT.css 404 in 65ms (next.js: 22ms, application-code: 43ms)
 GET /assets/_app/immutable/assets/DynamicNativeAd.CSh-HF8h.css 404 in 47ms (next.js: 6ms, application-code: 40ms)
 GET /assets/_app/immutable/assets/visibility_off.Cb_iLODS.css 404 in 67ms (next.js: 3ms, application-code: 64ms)
 GET /assets/_app/immutable/assets/PrivacyLinks.BzPh9WuE.css 404 in 53ms (next.js: 6ms, application-code: 47ms)
 GET /assets/_app/immutable/assets/SignedOutVariantB.C9lvvTNs.css 404 in 69ms (next.js: 24ms, application-code: 44ms)
 GET /assets/_app/immutable/assets/Layout.BoqcdOAF.css 404 in 56ms (next.js: 6ms, application-code: 49ms)
 GET /assets/_app/immutable/assets/FooterV2.HJ9w7v1k.css 404 in 83ms (next.js: 4ms, application-code: 79ms)
 GET /assets/_app/immutable/assets/FeatureEngagementSpotlightAlphaspaceOverlayTemplate.CKW3rKAI.css 404 in 71ms (next.js: 25ms, application-code: 47ms)
 GET /assets/_app/immutable/assets/Carousel.CxpOvWCK.css 404 in 79ms (next.js: 34ms, application-code: 45ms)
 GET /assets/_app/immutable/assets/CarouselButtons.DbPv9S4h.css 404 in 81ms (next.js: 7ms, application-code: 74ms)
 GET /assets/_app/immutable/assets/NavBar.Dte_9OX-.css 404 in 115ms (next.js: 5ms, application-code: 110ms)
 GET /assets/_app/immutable/assets/FeatureBarNeo.Ba19JwfO.css 404 in 90ms (next.js: 18ms, application-code: 72ms)
 GET /assets/_app/immutable/assets/90.DnEB2ky8.css 404 in 106ms (next.js: 33ms, application-code: 73ms)
 GET /assets/_app/immutable/assets/initializePage.DCONDKUZ.css 404 in 68ms (next.js: 9ms, application-code: 59ms)
 GET /assets/_app/immutable/assets/AlphaspaceCTA.BVa3Qul7.css 404 in 69ms (next.js: 7ms, application-code: 62ms)
 GET /assets/_app/immutable/assets/alphaSpaceChartEmbed.DjFyIlH9.css 404 in 261ms (next.js: 33ms, application-code: 228ms)
 GET /assets/_app/immutable/assets/QuoteTitle.B42-RU0-.css 404 in 255ms (next.js: 35ms, application-code: 219ms)
 GET /assets/_app/immutable/assets/TickerCarousel.DCyCp4jD.css 404 in 47ms (next.js: 7ms, application-code: 40ms)
 GET /assets/_app/immutable/assets/HeatMap.DtOpnH7o.css 404 in 62ms (next.js: 22ms, application-code: 40ms)
 GET /assets/_app/immutable/entry/start.CiX9x9XB.js 404 in 64ms (next.js: 22ms, application-code: 42ms)
 GET /assets/_app/immutable/chunks/85.CBD4LYtq.js 404 in 46ms (next.js: 6ms, application-code: 40ms)
 GET /assets/_app/immutable/chunks/iframeContainerResizer.DDAVPI6z.js 404 in 43ms (next.js: 5ms, application-code: 38ms)
 GET /assets/_app/immutable/entry/app.BTlas9fx.js 404 in 60ms (next.js: 19ms, application-code: 41ms)
 GET /assets/_app/immutable/chunks/people_alt.CKquRi3G.js 404 in 45ms (next.js: 5ms, application-code: 40ms)
 GET /assets/_app/immutable/chunks/shopping_cart.vMZ-9_UM.js 404 in 43ms (next.js: 5ms, application-code: 38ms)
 GET /assets/_app/immutable/chunks/security.Cc-H5G3O.js 404 in 62ms (next.js: 19ms, application-code: 43ms)
 GET /assets/_app/immutable/chunks/support.C9JVmVCa.js 404 in 52ms (next.js: 5ms, application-code: 47ms)
 GET /assets/_app/immutable/chunks/nimbusAppState.DtldQRip.js 404 in 50ms (next.js: 5ms, application-code: 46ms)
 GET /assets/_app/immutable/chunks/comment.BeV9SjAa.js 404 in 69ms (next.js: 26ms, application-code: 42ms)
 GET /assets/_app/immutable/chunks/partnerHubRoutes.DGPEUJpT.js 404 in 66ms (next.js: 7ms, application-code: 59ms)
 GET /assets/_app/immutable/nodes/0.dDSeqbcf.js 404 in 63ms (next.js: 5ms, application-code: 58ms)
 GET /assets/_app/immutable/nodes/2.CmTk-6Rs.js 404 in 78ms (next.js: 39ms, application-code: 40ms)
 GET /assets/_app/immutable/chunks/PageProgressBar.BP6uLIIo.js 404 in 57ms (next.js: 5ms, application-code: 52ms)
 GET /assets/_app/immutable/chunks/paywall.CrgkEqoI.js 404 in 68ms (next.js: 4ms, application-code: 64ms)
 GET /assets/_app/immutable/chunks/Meta.T0Wl2rg4.js 404 in 86ms (next.js: 34ms, application-code: 51ms)
 GET /assets/_app/immutable/chunks/virtual_pwa-register.DyEf_4Tv.js 404 in 58ms (next.js: 17ms, application-code: 41ms)
 GET /assets/_app/immutable/chunks/Banner.D7SeGNLN.js 404 in 46ms (next.js: 5ms, application-code: 41ms)
 GET /assets/_app/immutable/chunks/Header.DhVILdfb.js 404 in 64ms (next.js: 22ms, application-code: 42ms)
 GET /assets/_app/immutable/chunks/Logo.BjW2u8QZ.js 404 in 50ms (next.js: 6ms, application-code: 44ms)
 GET /assets/_app/immutable/chunks/tierFeatures.BXOQRWdI.js 404 in 55ms (next.js: 9ms, application-code: 46ms)
 GET /stock/JNJ?tab=earnings 200 in 3.4s (next.js: 7ms, proxy.ts: 10ms, application-code: 3.4s)
 GET /assets/_app/immutable/chunks/AlphaSpaceWordmark.CFlhoJAt.js 404 in 73ms (next.js: 25ms, application-code: 48ms)
 GET /assets/_app/immutable/chunks/checklistContent.kIZSDN8d.js 404 in 71ms (next.js: 12ms, application-code: 59ms)
 GET /assets/_app/immutable/chunks/numberFormatUtil.VSLNiBZb.js 404 in 128ms (next.js: 5ms, application-code: 123ms)
 GET /assets/_app/immutable/chunks/NotificationPanel.v5TlGhns.js 404 in 68ms (next.js: 17ms, application-code: 52ms)
 GET /assets/_app/immutable/chunks/HyperlinkInteractiveWrapper.kv_kdRYi.js 404 in 69ms (next.js: 6ms, application-code: 63ms)
 GET /assets/_app/immutable/chunks/Tag.DWC2acWS.js 404 in 125ms (next.js: 38ms, application-code: 87ms)
 GET /assets/_app/immutable/chunks/SubscriptionTierTag.CszjXbXC.js 404 in 99ms (next.js: 5ms, application-code: 94ms)
 GET /assets/_app/immutable/chunks/FeatureCue.1gDfT3tD.js 404 in 107ms (next.js: 24ms, application-code: 83ms)
 GET /assets/_app/immutable/chunks/List.oYLN2Vo6.js 404 in 109ms (next.js: 5ms, application-code: 104ms)
 GET /assets/_app/immutable/chunks/ThemedImage.DxuirQEV.js 404 in 94ms (next.js: 43ms, application-code: 51ms)
 GET /assets/_app/immutable/chunks/TopAnalystLazy.BdNMEIj7.js 404 in 93ms (next.js: 56ms, application-code: 38ms)
 GET /assets/_app/immutable/chunks/LiveEarningsAudioPlayer.YwtvsFvW.js 404 in 67ms (next.js: 6ms, application-code: 61ms)
 GET /assets/_app/immutable/chunks/move_down.DHsVOia_.js 404 in 90ms (next.js: 24ms, application-code: 66ms)
 GET /assets/_app/immutable/chunks/SectionHeader.C92_XNpQ.js 404 in 90ms (next.js: 25ms, application-code: 64ms)
 GET /assets/_app/immutable/chunks/loadCompany360.CY665Mi0.js 404 in 71ms (next.js: 8ms, application-code: 64ms)
 GET /assets/_app/immutable/chunks/speed.6IxN6Xmb.js 404 in 72ms (next.js: 25ms, application-code: 47ms)
 GET /assets/_app/immutable/chunks/context.C8iCSJxm.js 404 in 82ms (next.js: 6ms, application-code: 75ms)
 GET /assets/_app/immutable/chunks/zh.json.DG_ecmOy.js 404 in 84ms (next.js: 6ms, application-code: 78ms)
 GET /assets/_app/immutable/chunks/arrow_forward.Dl7DkkBE.js 404 in 107ms (next.js: 36ms, application-code: 71ms)
 GET /assets/_app/immutable/chunks/event.zCbwBa_c.js 404 in 83ms (next.js: 7ms, application-code: 75ms)
 GET /assets/_app/immutable/chunks/StockStoryLogo.BTbKjg5K.js 404 in 80ms (next.js: 26ms, application-code: 54ms)
 GET /assets/_app/immutable/chunks/CurrencyFormat.DmB6WC7W.js 404 in 72ms (next.js: 6ms, application-code: 65ms)
 GET /assets/_app/immutable/chunks/Rating.D95x7WHG.js 404 in 59ms (next.js: 6ms, application-code: 53ms)
 GET /assets/_app/immutable/chunks/Change.DMQ9JpIB.js 404 in 76ms (next.js: 23ms, application-code: 53ms)
 GET /assets/_app/immutable/chunks/quote.Dpg10Yau.js 404 in 83ms (next.js: 26ms, application-code: 57ms)
 GET /assets/_app/immutable/chunks/DateFormatCell.TYBjBg_v.js 404 in 88ms (next.js: 10ms, application-code: 78ms)
 GET /assets/_app/immutable/chunks/ColorChange.CckS2Oer.js 404 in 100ms (next.js: 23ms, application-code: 77ms)
 GET /assets/_app/immutable/chunks/SparklineCell.Dn1_25FK.js 404 in 66ms (next.js: 23ms, application-code: 42ms)
 GET /assets/_app/immutable/chunks/QuoteLink.CtGedJCD.js 404 in 70ms (next.js: 8ms, application-code: 62ms)
 GET /assets/_app/immutable/chunks/business_center.CD23sdZd.js 404 in 66ms (next.js: 22ms, application-code: 44ms)
 GET /assets/_app/immutable/chunks/Sparkline.B2Z4zYgp.js 404 in 68ms (next.js: 5ms, application-code: 63ms)
 GET /assets/_app/immutable/chunks/FeatureEngagementSlot.C1QLirZN.js 404 in 87ms (next.js: 22ms, application-code: 64ms)
 GET /assets/_app/immutable/chunks/balanceSheet_B.CpXlMBpU.js 404 in 67ms (next.js: 23ms, application-code: 44ms)
 GET /assets/_app/immutable/chunks/fab.Cg7Ca0s0.js 404 in 70ms (next.js: 6ms, application-code: 64ms)
 GET /assets/_app/immutable/chunks/9.D0AeR0BX.js 404 in 71ms (next.js: 22ms, application-code: 50ms)
 GET /assets/_app/immutable/nodes/9.BXz7jBlj.js 404 in 75ms (next.js: 8ms, application-code: 67ms)
 GET /assets/_app/immutable/chunks/Dock.BJCp0hjt.js 404 in 72ms (next.js: 30ms, application-code: 42ms)
 GET /assets/_app/immutable/chunks/initializeDock.CnMyD_NM.js 404 in 65ms (next.js: 6ms, application-code: 60ms)
 GET /assets/_app/immutable/chunks/loadMarketTime.ukk2xSj8.js 404 in 82ms (next.js: 20ms, application-code: 62ms)
 GET /assets/_app/immutable/chunks/optimisticPost.B21FvHIT.js 404 in 66ms (next.js: 24ms, application-code: 41ms)
 GET /assets/_app/immutable/chunks/fr.json.CCATqYIZ.js 404 in 68ms (next.js: 8ms, application-code: 61ms)
 GET /assets/_app/immutable/chunks/UpvoteIcon.Bn61eoIo.js 404 in 82ms (next.js: 21ms, application-code: 61ms)
 GET /assets/_app/immutable/chunks/utils.Wjs3O4Mi.js 404 in 73ms (next.js: 5ms, application-code: 68ms)
 GET /assets/_app/immutable/chunks/event.BTuX6HPi.js 404 in 90ms (next.js: 21ms, application-code: 69ms)
 GET /assets/_app/immutable/chunks/researchHubUtils.BoSjz6tT.js 404 in 75ms (next.js: 7ms, application-code: 68ms)
 GET /assets/_app/immutable/chunks/MenuItem.CqjqtCWg.js 404 in 74ms (next.js: 31ms, application-code: 43ms)
 GET /assets/_app/immutable/chunks/ymp-comments.es-US.Dh77axzs.js 404 in 64ms (next.js: 6ms, application-code: 57ms)
 GET /assets/_app/immutable/chunks/arrow_upward.BEO1xOo-.js 404 in 67ms (next.js: 6ms, application-code: 61ms)
 GET /assets/_app/immutable/chunks/feedback.Do15PkwP.js 404 in 83ms (next.js: 21ms, application-code: 62ms)
 GET /assets/_app/immutable/chunks/DisclosureInfoIcon.2bFWspe1.js 404 in 69ms (next.js: 7ms, application-code: 61ms)
 GET /assets/_app/immutable/chunks/SparkleIcon.CgK-XJsZ.js 404 in 69ms (next.js: 24ms, application-code: 45ms)
 GET /assets/_app/immutable/chunks/sources.CJuKDuM_.js 404 in 80ms (next.js: 7ms, application-code: 73ms)
 GET /assets/_app/immutable/chunks/MarkdownRenderer.DQAk5Lgq.js 404 in 104ms (next.js: 7ms, application-code: 97ms)
 GET /assets/_app/immutable/chunks/loadDynamicSeededQuestions.CVHGv94R.js 404 in 122ms (next.js: 22ms, application-code: 100ms)
 GET /assets/_app/immutable/chunks/42.CYPj-6Pe.js 404 in 90ms (next.js: 10ms, application-code: 80ms)
 GET /assets/_app/immutable/chunks/scoutFeedback.Dwk1GWEU.js 404 in 88ms (next.js: 27ms, application-code: 62ms)
 GET /assets/_app/immutable/chunks/UserActionsWrapper.w3TaqSKa.js 404 in 105ms (next.js: 14ms, application-code: 91ms)
 GET /api/stocks/JNJ/earnings?preview=1 200 in 4.9s (next.js: 55ms, application-code: 4.9s)
 GET /assets/_app/immutable/chunks/UserFeedback.DRN2NKHi.js 404 in 128ms (next.js: 12ms, application-code: 116ms)
 GET /assets/_app/immutable/chunks/loadChatResponse.8MTJsxfh.js 404 in 125ms (next.js: 40ms, application-code: 84ms)
 GET /assets/_app/immutable/chunks/cashFlow_T.CRfoYC_g.js 404 in 88ms (next.js: 12ms, application-code: 75ms)
 GET /assets/_app/immutable/chunks/RemountOnRouteChange.CDKxTARk.js 404 in 103ms (next.js: 25ms, application-code: 78ms)
 GET /assets/_app/immutable/chunks/MarketTime.SnRF1ZH3.js 404 in 80ms (next.js: 8ms, application-code: 71ms)
 GET /assets/_app/immutable/chunks/SymbolBlock.DRNi2sSb.js 404 in 95ms (next.js: 27ms, application-code: 68ms)
 GET /assets/_app/immutable/chunks/DynamicNativeAd.weKdgtGo.js 404 in 87ms (next.js: 29ms, application-code: 58ms)
 GET /assets/_app/immutable/chunks/StoryStream.D4bIubP0.js 404 in 90ms (next.js: 9ms, application-code: 81ms)
 GET /assets/_app/immutable/chunks/loadMortgageCalcWidgetData.DxSDeOTV.js 404 in 84ms (next.js: 22ms, application-code: 62ms)
 GET /assets/_app/immutable/chunks/DynamicDisplayAd.1aKrf13x.js 404 in 85ms (next.js: 23ms, application-code: 62ms)
 GET /assets/_app/immutable/chunks/StoryStreamSkeleton.tloGsJdg.js 404 in 85ms (next.js: 8ms, application-code: 77ms)
 GET /assets/_app/immutable/chunks/SectionHeader.DXxYFi0k.js 404 in 111ms (next.js: 23ms, application-code: 88ms)
 GET /assets/_app/immutable/chunks/articleUtil.DjV8Jwm9.js 404 in 127ms (next.js: 40ms, application-code: 87ms)
 GET /assets/_app/immutable/chunks/ViewMoreLink.D3sN4sr2.js 404 in 130ms (next.js: 14ms, application-code: 116ms)
 GET /assets/_app/immutable/chunks/loadNewsStream.C2JRur-R.js 404 in 119ms (next.js: 37ms, application-code: 82ms)
 GET /assets/_app/immutable/chunks/AccordionItem.DRA_AJUt.js 404 in 109ms (next.js: 41ms, application-code: 69ms)
 GET /assets/_app/immutable/chunks/visibility_off.IdlGg_2w.js 404 in 77ms (next.js: 8ms, application-code: 69ms)
 GET /assets/_app/immutable/chunks/print.CtbYQ658.js 404 in 96ms (next.js: 27ms, application-code: 69ms)
 GET /assets/_app/immutable/chunks/researchUtil.whXoBdQB.js 404 in 98ms (next.js: 25ms, application-code: 72ms)
 GET /assets/_app/immutable/chunks/loadVisualization.HU1qD_Q8.js 404 in 102ms (next.js: 9ms, application-code: 93ms)
 GET /assets/_app/immutable/chunks/EarningsTrendsLazy.DanNeRBO.js 404 in 98ms (next.js: 26ms, application-code: 72ms)
 GET /assets/_app/immutable/chunks/PrivacyLinks.BjtRM91n.js 404 in 94ms (next.js: 23ms, application-code: 71ms)
 GET /assets/_app/immutable/chunks/Layout.s4kDwDS-.js 404 in 66ms (next.js: 6ms, application-code: 60ms)
 GET /assets/_app/immutable/chunks/FooterV2.kVF7HB7B.js 404 in 83ms (next.js: 23ms, application-code: 60ms)
 GET /assets/_app/immutable/chunks/FeatureEngagementSpotlightAlphaspaceOverlayTemplate.CZJboIGd.js 404 in 88ms (next.js: 23ms, application-code: 65ms)
 GET /assets/_app/immutable/chunks/Toast.Cz1ViqXB.js 404 in 91ms (next.js: 7ms, application-code: 83ms)
 GET /assets/_app/immutable/chunks/Carousel.DS77PWeL.js 404 in 91ms (next.js: 27ms, application-code: 65ms)
 GET /assets/_app/immutable/chunks/CarouselButtons.BPVIF6dz.js 404 in 90ms (next.js: 27ms, application-code: 63ms)
 GET /assets/_app/immutable/chunks/Hyperlink.BfgfNlw3.js 404 in 89ms (next.js: 7ms, application-code: 82ms)
 GET /assets/_app/immutable/chunks/NavBar.CnTuQJeQ.js 404 in 105ms (next.js: 22ms, application-code: 83ms)
 GET /assets/_app/immutable/chunks/FeatureBarNeo.DJ_xp5y8.js 404 in 104ms (next.js: 46ms, application-code: 58ms)
 GET /assets/_app/immutable/chunks/MarketsBanner.CF0jl25P.js 404 in 107ms (next.js: 6ms, application-code: 101ms)
 GET /assets/_app/immutable/nodes/90.BbbrlnN2.js 404 in 86ms (next.js: 24ms, application-code: 63ms)
 GET /assets/_app/immutable/chunks/initializePage.CqZBzloO.js 404 in 84ms (next.js: 23ms, application-code: 61ms)
 GET /assets/_app/immutable/chunks/cashFlow_M.wXqB8rEb.js 404 in 73ms (next.js: 9ms, application-code: 64ms)
 GET /assets/_app/immutable/chunks/loadModularBlockStream.BFMuNGv4.js 404 in 89ms (next.js: 25ms, application-code: 64ms)
 GET /assets/_app/immutable/chunks/VideoPlayer.CAAaSbF9.js 404 in 95ms (next.js: 29ms, application-code: 67ms)
 GET /assets/_app/immutable/chunks/balanceSheet_T.BTutQS_L.js 404 in 98ms (next.js: 7ms, application-code: 91ms)
 GET /assets/_app/immutable/chunks/DynamicAdLayoutDebug.BB_X3x9q.js 404 in 97ms (next.js: 23ms, application-code: 75ms)
 GET /assets/_app/immutable/chunks/AlphaspaceCTA.BRmUpUyJ.js 404 in 97ms (next.js: 22ms, application-code: 74ms)
 GET /assets/_app/immutable/chunks/QuoteChartV2.MiqdadhU.js 404 in 70ms (next.js: 8ms, application-code: 63ms)
 GET /assets/_app/immutable/chunks/alphaSpaceChartEmbed._Khswtqc.js 404 in 85ms (next.js: 27ms, application-code: 58ms)
 GET /assets/_app/immutable/chunks/handyman.DQyC07T8.js 404 in 79ms (next.js: 22ms, application-code: 57ms)
 GET /assets/_app/immutable/chunks/QuoteTitle.IguwUVgi.js 404 in 82ms (next.js: 7ms, application-code: 75ms)
 GET /assets/_app/immutable/chunks/Fireplace.CZtm_2kj.js 404 in 83ms (next.js: 22ms, application-code: 60ms)
 GET /assets/_app/immutable/chunks/DataTablev2.DFv9TMmc.js 404 in 83ms (next.js: 22ms, application-code: 61ms)
 GET /assets/_app/immutable/chunks/payments.C0QX6aOM.js 404 in 94ms (next.js: 6ms, application-code: 88ms)
 GET /assets/_app/immutable/chunks/SectionWithSidebar.B4-0LU93.js 404 in 92ms (next.js: 23ms, application-code: 69ms)
 GET /assets/_app/immutable/chunks/sectorUtil.BvoBlSRr.js 404 in 92ms (next.js: 31ms, application-code: 61ms)
 GET /assets/_app/immutable/chunks/loadLatestNewsOrPressReleasesStream.CWr8PwC0.js 404 in 95ms (next.js: 7ms, application-code: 88ms)
 GET /assets/_app/immutable/chunks/LeafNewsStream.B-LFVkPB.js 404 in 71ms (next.js: 23ms, application-code: 48ms)
 GET /assets/_app/immutable/chunks/NewsStream.Cyh0Kcz5.js 404 in 70ms (next.js: 25ms, application-code: 45ms)
 GET /assets/_app/immutable/chunks/linear.CSF6ofH7.js 404 in 81ms (next.js: 22ms, application-code: 59ms)
 GET /assets/_app/immutable/chunks/Pagination.BDynazPF.js 404 in 84ms (next.js: 6ms, application-code: 78ms)
 GET /assets/_app/immutable/chunks/GradientScale.5lBpYqyt.js 404 in 93ms (next.js: 25ms, application-code: 67ms)
 GET /assets/_app/immutable/chunks/DataTablePagination.XIhPzZky.js 404 in 110ms (next.js: 22ms, application-code: 88ms)
 GET /assets/_app/immutable/chunks/heatMapUtils.C2XaLwvr.js 404 in 77ms (next.js: 24ms, application-code: 53ms)
 GET /assets/_app/immutable/chunks/CompanyName.D0OW94_i.js 404 in 85ms (next.js: 24ms, application-code: 61ms)
 GET /assets/_app/immutable/chunks/TickerCarousel.BYF0teYl.js 404 in 95ms (next.js: 33ms, application-code: 62ms)
 GET /assets/_app/immutable/chunks/PrivateCompanyPartnerAttribution.CTCPqofS.js 404 in 98ms (next.js: 7ms, application-code: 91ms)
 GET /assets/_app/immutable/chunks/cancel.Czysqgps.js 404 in 68ms (next.js: 26ms, application-code: 42ms)
 GET /assets/_app/immutable/chunks/QuoteSectionHeader.9nu6HKzS.js 404 in 88ms (next.js: 25ms, application-code: 63ms)
 GET /assets/_app/immutable/chunks/MarketsTableWrapper.DJpv3tj3.js 404 in 53ms (next.js: 23ms, application-code: 30ms)
 PUT /api/portfolio/workspace 200 in 229ms (next.js: 4ms, application-code: 226ms)
[eodhd intraday] raw provider row sample {
  sym: 'JNJ.US',
  interval: '1m',
  rowCount: 389,
  firstRow: {
    timestamp: 1788528600,
    gmtoffset: 0,
    datetime: '2026-09-04 13:30:00',
    open: 275.13,
    high: 276.39,
    low: 274.75,
    close: 276.13,
    volume: 108343
  }
}
 GET /api/stocks/JNJ/chart?range=1D&series=price 200 in 617ms (next.js: 46ms, application-code: 572ms)
[eodhd intraday] raw provider row sample {
  sym: 'JNJ.US',
  interval: '1m',
  rowCount: 389,
  firstRow: {
    timestamp: 1788528600,
    gmtoffset: 0,
    datetime: '2026-09-04 13:30:00',
    open: 275.13,
    high: 276.39,
    low: 274.75,
    close: 276.13,
    volume: 108343
  }
}
 GET /api/stocks/JNJ/chart?range=1D&series=price 200 in 1075ms (next.js: 5ms, application-code: 1071ms)
[eodhd intraday] raw provider row sample {
  sym: 'JNJ.US',
  interval: '1m',
  rowCount: 389,
  firstRow: {
    timestamp: 1788528600,
    gmtoffset: 0,
    datetime: '2026-09-04 13:30:00',
    open: 275.13,
    high: 276.39,
    low: 274.75,
    close: 276.13,
    volume: 108343
  }
}
[live-price] JNJ {
  price: 275.21,
  quotedAtSec: 1788552000,
  previousClose: null,
  session: 'pre'
}
 GET /api/stocks/JNJ/live-price 200 in 1462ms (next.js: 12ms, application-code: 1450ms)
 GET /api/ir-pdf?u=https%3A%2F%2Fpjwzvqvrqqvjgwuouoxy.supabase.co%2Fstorage%2Fv1%2Fobject%2Fpublic%2Fearnings-ir-docs%2FJNJ%2F2025-12-31%2Fslides.pdf 200 in 141ms (next.js: 4ms, application-code: 138ms)
 GET /api/stocks/JNJ/insider-transactions 200 in 2.2s (next.js: 1032ms, application-code: 1193ms)
 GET /api/ir-pdf?u=https%3A%2F%2Fpjwzvqvrqqvjgwuouoxy.supabase.co%2Fstorage%2Fv1%2Fobject%2Fpublic%2Fearnings-ir-docs%2FJNJ%2F2025-12-31%2Fslides.pdf 200 in 3.1s (next.js: 27ms, application-code: 3.1s)
 GET /api/stocks/JNJ/earnings 200 in 4.1s (next.js: 7ms, application-code: 4.1s)
 GET /api/ir-pdf?u=https%3A%2F%2Fpjwzvqvrqqvjgwuouoxy.supabase.co%2Fstorage%2Fv1%2Fobject%2Fpublic%2Fearnings-ir-docs%2FJNJ%2F2026-06-30%2Ffilings.pdf 200 in 49ms (next.js: 9ms, application-code: 40ms)
 GET /api/ir-pdf?u=https%3A%2F%2Fpjwzvqvrqqvjgwuouoxy.supabase.co%2Fstorage%2Fv1%2Fobject%2Fpublic%2Fearnings-ir-docs%2FJNJ%2F2026-06-30%2Ffilings.pdf 200 in 1797ms (next.js: 6ms, application-code: 1791ms)
 GET /api/stocks/JNJ/extended-hours?exchange=NYSE&country=US&close=275.23 200 in 1785ms (next.js: 6ms, application-code: 1780ms)
 GET /api/search?q=xom 200 in 1407ms (next.js: 4ms, application-code: 1403ms)
[eodhd intraday] raw provider row sample {
  sym: 'JNJ.US',
  interval: '1m',
  rowCount: 389,
  firstRow: {
    timestamp: 1788528600,
    gmtoffset: 0,
    datetime: '2026-09-04 13:30:00',
    open: 275.13,
    high: 276.39,
    low: 274.75,
    close: 276.13,
    volume: 108343
  }
}
[live-price] JNJ {
  price: 275.21,
  quotedAtSec: 1788552000,
  previousClose: null,
  session: 'pre'
}
 GET /api/stocks/JNJ/live-price 200 in 480ms (next.js: 4ms, application-code: 476ms)
 GET /api/media/logo?kind=stock&t=XOMO&theme=light 200 in 681ms (next.js: 29ms, application-code: 652ms)
 GET /api/media/logo?kind=stock&t=XOMX&theme=light 200 in 646ms (next.js: 1355µs, application-code: 645ms)
 GET /api/media/logo?kind=stock&t=XMTR&theme=light 200 in 643ms (next.js: 1938µs, application-code: 641ms)
 PUT /api/search/recent 200 in 219ms (next.js: 16ms, application-code: 203ms)
 GET /stock/XOM 200 in 432ms (next.js: 34ms, proxy.ts: 34ms, application-code: 364ms)
 GET /api/stocks/XOM/key-indicators 200 in 140ms (next.js: 5ms, application-code: 136ms)
 GET /api/stocks/XOM/key-indicators 200 in 163ms (next.js: 3ms, application-code: 160ms)
 GET /api/search/recent 200 in 64ms (next.js: 1537µs, application-code: 63ms)
 GET /api/search/recent 200 in 89ms (next.js: 2ms, application-code: 87ms)
[eodhd intraday] raw provider row sample {
  sym: 'XOM.US',
  interval: '1m',
  rowCount: 391,
  firstRow: {
    timestamp: 1788528600,
    gmtoffset: 0,
    datetime: '2026-09-04 13:30:00',
    open: 161.02,
    high: 161.1,
    low: 160.46,
    close: 160.4701,
    volume: 151729
  }
}
[live-price] XOM {
  price: 159.41,
  quotedAtSec: 1788552000,
  previousClose: null,
  session: 'pre'
}
[eodhd intraday] raw provider row sample {
  sym: 'XOM.US',
  interval: '1m',
  rowCount: 391,
  firstRow: {
    timestamp: 1788528600,
    gmtoffset: 0,
    datetime: '2026-09-04 13:30:00',
    open: 161.02,
    high: 161.1,
    low: 160.46,
    close: 160.4701,
    volume: 151729
  }
}
[live-price] XOM {
  price: 159.41,
  quotedAtSec: 1788552000,
  previousClose: null,
  session: 'pre'
}
 GET /api/stocks/XOM/live-price 200 in 614ms (next.js: 3ms, application-code: 611ms)
 GET /api/stocks/XOM/live-price 200 in 594ms (next.js: 5ms, application-code: 589ms)
 GET /api/stocks/XOM/extended-hours?exchange=NYSE&country=US&close=159.47 200 in 2.4s (next.js: 10ms, application-code: 2.3s)
 GET /api/stocks/XOM/extended-hours?exchange=NYSE&country=US&close=159.47 200 in 2.4s (next.js: 7ms, application-code: 2.4s)
 GET /api/stocks/XOM/target-price 200 in 1086ms (next.js: 4ms, application-code: 1083ms)
 GET /api/stocks/XOM/insider-transactions 200 in 653ms (next.js: 3ms, application-code: 649ms)
 GET /stock/XOM?tab=earnings 200 in 3.2s (next.js: 4ms, proxy.ts: 6ms, application-code: 3.2s)
 GET /api/stocks/XOM/earnings?preview=1 200 in 3.5s (next.js: 5ms, application-code: 3.5s)
 GET /api/stocks/XOM/earnings 200 in 3.2s (next.js: 1156µs, application-code: 3.2s)
[eodhd intraday] raw provider row sample {
  sym: 'XOM.US',
  interval: '1m',
  rowCount: 391,
  firstRow: {
    timestamp: 1788528600,
    gmtoffset: 0,
    datetime: '2026-09-04 13:30:00',
    open: 161.02,
    high: 161.1,
    low: 160.46,
    close: 160.4701,
    volume: 151729
  }
}
[eodhd intraday] raw provider row sample {
  sym: 'XOM.US',
  interval: '1m',
  rowCount: 391,
  firstRow: {
    timestamp: 1788528600,
    gmtoffset: 0,
    datetime: '2026-09-04 13:30:00',
    open: 161.02,
    high: 161.1,
    low: 160.46,
    close: 160.4701,
    volume: 151729
  }
}
[live-price] XOM {
  price: 159.41,
  quotedAtSec: 1788552000,
  previousClose: null,
  session: 'pre'
}
[eodhd intraday] raw provider row sample {
  sym: 'XOM.US',
  interval: '1m',
  rowCount: 391,
  firstRow: {
    timestamp: 1788528600,
    gmtoffset: 0,
    datetime: '2026-09-04 13:30:00',
    open: 161.02,
    high: 161.1,
    low: 160.46,
    close: 160.4701,
    volume: 151729
  }
}
 GET /api/stocks/XOM/chart?range=1D&series=price 200 in 944ms (next.js: 8ms, application-code: 936ms)
 GET /api/stocks/XOM/chart?range=1D&series=price 200 in 945ms (next.js: 4ms, application-code: 941ms)
 GET /api/stocks/XOM/live-price 200 in 919ms (next.js: 4ms, application-code: 915ms)
 GET /api/stocks/XOM/earnings 200 in 3.3s (next.js: 8ms, application-code: 3.3s)
 GET /api/ir-pdf?u=https%3A%2F%2Fpjwzvqvrqqvjgwuouoxy.supabase.co%2Fstorage%2Fv1%2Fobject%2Fpublic%2Fearnings-ir-docs%2FXOM%2F2026-06-30%2Fslides.pdf 200 in 6.6s (next.js: 7ms, application-code: 6.6s)
 GET /api/stocks/XOM/extended-hours?exchange=NYSE&country=US&close=159.47 200 in 2.4s (next.js: 7ms, application-code: 2.4s)
 GET /api/ir-pdf?u=https%3A%2F%2Fpjwzvqvrqqvjgwuouoxy.supabase.co%2Fstorage%2Fv1%2Fobject%2Fpublic%2Fearnings-ir-docs%2FXOM%2F2023-03-31%2Ffilings.pdf 200 in 2.1s (next.js: 4ms, application-code: 2.1s)
[eodhd intraday] raw provider row sample {
  sym: 'XOM.US',
  interval: '1m',
  rowCount: 391,
  firstRow: {
    timestamp: 1788528600,
    gmtoffset: 0,
    datetime: '2026-09-04 13:30:00',
    open: 161.02,
    high: 161.1,
    low: 160.46,
    close: 160.4701,
    volume: 151729
  }
}
[live-price] XOM {
  price: 159.41,
  quotedAtSec: 1788552000,
  previousClose: null,
  session: 'pre'
}
 GET /api/notifications?count=1 200 in 87ms (next.js: 1567µs, application-code: 86ms)
 GET /api/stocks/XOM/live-price 200 in 468ms (next.js: 4ms, application-code: 464ms)
 GET /api/stocks/XOM/extended-hours?exchange=NYSE&country=US&close=159.47 200 in 3.1s (next.js: 9ms, application-code: 3.1s)
[eodhd intraday] raw provider row sample {
  sym: 'XOM.US',
  interval: '1m',
  rowCount: 391,
  firstRow: {
    timestamp: 1788528600,
    gmtoffset: 0,
    datetime: '2026-09-04 13:30:00',
    open: 161.02,
    high: 161.1,
    low: 160.46,
    close: 160.4701,
    volume: 151729
  }
}
[live-price] XOM {
  price: 159.41,
  quotedAtSec: 1788552000,
  previousClose: null,
  session: 'pre'
}
 GET /api/stocks/XOM/live-price 200 in 603ms (next.js: 3ms, application-code: 599ms)
 GET /api/notifications?count=1 200 in 209ms (next.js: 1742µs, application-code: 207ms)
 GET /api/stocks/XOM/extended-hours?exchange=NYSE&country=US&close=159.47 200 in 2.4s (next.js: 3ms, application-code: 2.4s)
[eodhd intraday] raw provider row sample {
  sym: 'XOM.US',
  interval: '1m',
  rowCount: 391,
  firstRow: {
    timestamp: 1788528600,
    gmtoffset: 0,
    datetime: '2026-09-04 13:30:00',
    open: 161.02,
    high: 161.1,
    low: 160.46,
    close: 160.4701,
    volume: 151729
  }
}
[live-price] XOM {
  price: 159.41,
  quotedAtSec: 1788552000,
  previousClose: null,
  session: 'pre'
}
 GET /api/stocks/XOM/live-price 200 in 535ms (next.js: 4ms, application-code: 532ms)
 GET /api/stocks/XOM/extended-hours?exchange=NYSE&country=US&close=159.47 200 in 2.4s (next.js: 3ms, application-code: 2.4s)
[eodhd intraday] raw provider row sample {
  sym: 'XOM.US',
  interval: '1m',
  rowCount: 391,
  firstRow: {
    timestamp: 1788528600,
    gmtoffset: 0,
    datetime: '2026-09-04 13:30:00',
    open: 161.02,
    high: 161.1,
    low: 160.46,
    close: 160.4701,
    volume: 151729
  }
}
[live-price] XOM {
  price: 159.41,
  quotedAtSec: 1788552000,
  previousClose: null,
  session: 'pre'
}
 GET /api/stocks/XOM/live-price 200 in 500ms (next.js: 3ms, application-code: 496ms)
 GET /api/stocks/XOM/extended-hours?exchange=NYSE&country=US&close=159.47 200 in 2.4s (next.js: 5ms, application-code: 2.4s)
[eodhd intraday] raw provider row sample {
  sym: 'XOM.US',
  interval: '1m',
  rowCount: 391,
  firstRow: {
    timestamp: 1788528600,
    gmtoffset: 0,
    datetime: '2026-09-04 13:30:00',
    open: 161.02,
    high: 161.1,
    low: 160.46,
    close: 160.4701,
    volume: 151729
  }
}
[live-price] XOM {
  price: 159.41,
  quotedAtSec: 1788552000,
  previousClose: null,
  session: 'pre'
}
 GET /api/notifications?count=1 200 in 221ms (next.js: 6ms, application-code: 215ms)
 GET /api/stocks/XOM/live-price 200 in 594ms (next.js: 5ms, application-code: 589ms)
 GET /api/stocks/XOM/extended-hours?exchange=NYSE&country=US&close=159.47 200 in 2.5s (next.js: 6ms, application-code: 2.5s)
[eodhd intraday] raw provider row sample {
  sym: 'XOM.US',
  interval: '1m',
  rowCount: 391,
  firstRow: {
    timestamp: 1788528600,
    gmtoffset: 0,
    datetime: '2026-09-04 13:30:00',
    open: 161.02,
    high: 161.1,
    low: 160.46,
    close: 160.4701,
    volume: 151729
  }
}
[live-price] XOM {
  price: 159.41,
  quotedAtSec: 1788552000,
  previousClose: null,
  session: 'pre'
}
 GET /api/stocks/XOM/live-price 200 in 496ms (next.js: 4ms, application-code: 493ms)
 GET /api/notifications?count=1 200 in 175ms (next.js: 2ms, application-code: 173ms)
 GET /api/stocks/XOM/extended-hours?exchange=NYSE&country=US&close=159.47 200 in 2.7s (next.js: 3ms, application-code: 2.7s)
[eodhd intraday] raw provider row sample {
  sym: 'XOM.US',
  interval: '1m',
  rowCount: 391,
  firstRow: {
    timestamp: 1788528600,
    gmtoffset: 0,
    datetime: '2026-09-04 13:30:00',
    open: 161.02,
    high: 161.1,
    low: 160.46,
    close: 160.4701,
    volume: 151729
  }
}
[live-price] XOM {
  price: 159.41,
  quotedAtSec: 1788552000,
  previousClose: null,
  session: 'pre'
}
 GET /api/stocks/XOM/live-price 200 in 460ms (next.js: 3ms, application-code: 457ms)
 GET /api/stocks/XOM/extended-hours?exchange=NYSE&country=US&close=159.47 200 in 2.6s (next.js: 5ms, application-code: 2.6s)
[eodhd intraday] raw provider row sample {
  sym: 'XOM.US',
  interval: '1m',
  rowCount: 391,
  firstRow: {
    timestamp: 1788528600,
    gmtoffset: 0,
    datetime: '2026-09-04 13:30:00',
    open: 161.02,
    high: 161.1,
    low: 160.46,
    close: 160.4701,
    volume: 151729
  }
}
[live-price] XOM {
  price: 159.41,
  quotedAtSec: 1788552000,
  previousClose: null,
  session: 'pre'
}
 GET /api/stocks/XOM/live-price 200 in 462ms (next.js: 5ms, application-code: 456ms)
 GET /api/stocks/XOM/extended-hours?exchange=NYSE&country=US&close=159.47 200 in 2.5s (next.js: 5ms, application-code: 2.5s)
[eodhd intraday] raw provider row sample {
  sym: 'XOM.US',
  interval: '1m',
  rowCount: 391,
  firstRow: {
    timestamp: 1788528600,
    gmtoffset: 0,
    datetime: '2026-09-04 13:30:00',
    open: 161.02,
    high: 161.1,
    low: 160.46,
    close: 160.4701,
    volume: 151729
  }
}
[live-price] XOM {
  price: 159.41,
  quotedAtSec: 1788552000,
  previousClose: null,
  session: 'pre'
}
 GET /api/notifications?count=1 200 in 170ms (next.js: 1965µs, application-code: 168ms)
 GET /api/stocks/XOM/live-price 200 in 530ms (next.js: 5ms, application-code: 525ms)
 GET /api/stocks/XOM/extended-hours?exchange=NYSE&country=US&close=159.47 200 in 2.5s (next.js: 5ms, application-code: 2.5s)
[eodhd intraday] raw provider row sample {
  sym: 'XOM.US',
  interval: '1m',
  rowCount: 391,
  firstRow: {
    timestamp: 1788528600,
    gmtoffset: 0,
    datetime: '2026-09-04 13:30:00',
    open: 161.02,
    high: 161.1,
    low: 160.46,
    close: 160.4701,
    volume: 151729
  }
}
[live-price] XOM {
  price: 159.41,
  quotedAtSec: 1788552000,
  previousClose: null,
  session: 'pre'
}
 GET /api/stocks/XOM/live-price 200 in 737ms (next.js: 6ms, application-code: 731ms)
 GET /api/notifications?count=1 200 in 107ms (next.js: 3ms, application-code: 104ms)
 GET /api/stocks/XOM/extended-hours?exchange=NYSE&country=US&close=159.47 200 in 2.4s (next.js: 3ms, application-code: 2.4s)
[eodhd intraday] raw provider row sample {
  sym: 'XOM.US',
  interval: '1m',
  rowCount: 391,
  firstRow: {
    timestamp: 1788528600,
    gmtoffset: 0,
    datetime: '2026-09-04 13:30:00',
    open: 161.02,
    high: 161.1,
    low: 160.46,
    close: 160.4701,
    volume: 151729
  }
}
[live-price] XOM {
  price: 159.41,
  quotedAtSec: 1788552000,
  previousClose: null,
  session: 'pre'
}
 GET /api/stocks/XOM/live-price 200 in 530ms (next.js: 4ms, application-code: 526ms)
 GET /api/stocks/XOM/extended-hours?exchange=NYSE&country=US&close=159.47 200 in 2.4s (next.js: 13ms, application-code: 2.4s)
[eodhd intraday] raw provider row sample {
  sym: 'XOM.US',
  interval: '1m',
  rowCount: 391,
  firstRow: {
    timestamp: 1788528600,
    gmtoffset: 0,
    datetime: '2026-09-04 13:30:00',
    open: 161.02,
    high: 161.1,
    low: 160.46,
    close: 160.4701,
    volume: 151729
  }
}
[live-price] XOM {
  price: 159.41,
  quotedAtSec: 1788552000,
  previousClose: null,
  session: 'pre'
}
 GET /api/stocks/XOM/live-price 200 in 566ms (next.js: 6ms, application-code: 560ms)
 GET /api/stocks/XOM/extended-hours?exchange=NYSE&country=US&close=159.47 200 in 2.4s (next.js: 4ms, application-code: 2.4s)
 GET /api/notifications?count=1 200 in 100ms (next.js: 1626µs, application-code: 98ms)
[eodhd intraday] raw provider row sample {
  sym: 'XOM.US',
  interval: '1m',
  rowCount: 391,
  firstRow: {
    timestamp: 1788528600,
    gmtoffset: 0,
    datetime: '2026-09-04 13:30:00',
    open: 161.02,
    high: 161.1,
    low: 160.46,
    close: 160.4701,
    volume: 151729
  }
}
[live-price] XOM {
  price: 159.41,
  quotedAtSec: 1788552000,
  previousClose: null,
  session: 'pre'
}
 GET /api/stocks/XOM/live-price 200 in 636ms (next.js: 3ms, application-code: 633ms)
 GET /api/stocks/XOM/extended-hours?exchange=NYSE&country=US&close=159.47 200 in 2.4s (next.js: 7ms, application-code: 2.4s)
[eodhd intraday] raw provider row sample {
  sym: 'XOM.US',
  interval: '1m',
  rowCount: 391,
  firstRow: {
    timestamp: 1788528600,
    gmtoffset: 0,
    datetime: '2026-09-04 13:30:00',
    open: 161.02,
    high: 161.1,
    low: 160.46,
    close: 160.4701,
    volume: 151729
  }
}
[live-price] XOM {
  price: 159.41,
  quotedAtSec: 1788552000,
  previousClose: null,
  session: 'pre'
}
 GET /api/stocks/XOM/live-price 200 in 591ms (next.js: 4ms, application-code: 586ms)
 GET /api/notifications?count=1 200 in 99ms (next.js: 3ms, application-code: 96ms)
 GET /api/stocks/XOM/extended-hours?exchange=NYSE&country=US&close=159.47 200 in 2.5s (next.js: 4ms, application-code: 2.5s)
[eodhd intraday] raw provider row sample {
  sym: 'XOM.US',
  interval: '1m',
  rowCount: 391,
  firstRow: {
    timestamp: 1788528600,
    gmtoffset: 0,
    datetime: '2026-09-04 13:30:00',
    open: 161.02,
    high: 161.1,
    low: 160.46,
    close: 160.4701,
    volume: 151729
  }
}
[live-price] XOM {
  price: 159.41,
  quotedAtSec: 1788552000,
  previousClose: null,
  session: 'pre'
}
 GET /api/stocks/XOM/live-price 200 in 666ms (next.js: 25ms, application-code: 641ms)
 GET /api/stocks/XOM/extended-hours?exchange=NYSE&country=US&close=159.47 200 in 2.3s (next.js: 5ms, application-code: 2.3s)
[eodhd intraday] raw provider row sample {
  sym: 'XOM.US',
  interval: '1m',
  rowCount: 391,
  firstRow: {
    timestamp: 1788528600,
    gmtoffset: 0,
    datetime: '2026-09-04 13:30:00',
    open: 161.02,
    high: 161.1,
    low: 160.46,
    close: 160.4701,
    volume: 151729
  }
}
[live-price] XOM {
  price: 159.41,
  quotedAtSec: 1788552000,
  previousClose: null,
  session: 'pre'
}
 GET /api/stocks/XOM/live-price 200 in 429ms (next.js: 5ms, application-code: 424ms)
 GET /api/stocks/XOM/extended-hours?exchange=NYSE&country=US&close=159.47 200 in 2.4s (next.js: 4ms, application-code: 2.4s)
 GET /api/notifications?count=1 200 in 98ms (next.js: 3ms, application-code: 96ms)
[eodhd intraday] raw provider row sample {
  sym: 'XOM.US',
  interval: '1m',
  rowCount: 391,
  firstRow: {
    timestamp: 1788528600,
    gmtoffset: 0,
    datetime: '2026-09-04 13:30:00',
    open: 161.02,
    high: 161.1,
    low: 160.46,
    close: 160.4701,
    volume: 151729
  }
}
[live-price] XOM {
  price: 159.41,
  quotedAtSec: 1788552000,
  previousClose: null,
  session: 'pre'
}
 GET /api/stocks/XOM/live-price 200 in 589ms (next.js: 14ms, application-code: 575ms)
 GET /api/stocks/XOM/extended-hours?exchange=NYSE&country=US&close=159.47 200 in 2.8s (next.js: 6ms, application-code: 2.8s)
[eodhd intraday] raw provider row sample {
  sym: 'XOM.US',
  interval: '1m',
  rowCount: 391,
  firstRow: {
    timestamp: 1788528600,
    gmtoffset: 0,
    datetime: '2026-09-04 13:30:00',
    open: 161.02,
    high: 161.1,
    low: 160.46,
    close: 160.4701,
    volume: 151729
  }
}
[live-price] XOM {
  price: 159.41,
  quotedAtSec: 1788552000,
  previousClose: null,
  session: 'pre'
}
 GET /api/stocks/XOM/live-price 200 in 595ms (next.js: 5ms, application-code: 591ms)
 GET /api/notifications?count=1 200 in 179ms (next.js: 1715µs, application-code: 177ms)
 GET /api/stocks/XOM/extended-hours?exchange=NYSE&country=US&close=159.47 200 in 2.4s (next.js: 5ms, application-code: 2.4s)
[eodhd intraday] raw provider row sample {
  sym: 'XOM.US',
  interval: '1m',
  rowCount: 391,
  firstRow: {
    timestamp: 1788528600,
    gmtoffset: 0,
    datetime: '2026-09-04 13:30:00',
    open: 161.02,
    high: 161.1,
    low: 160.46,
    close: 160.4701,
    volume: 151729
  }
}
[live-price] XOM {
  price: 159.41,
  quotedAtSec: 1788552000,
  previousClose: null,
  session: 'pre'
}
 GET /api/stocks/XOM/live-price 200 in 649ms (next.js: 4ms, application-code: 645ms)
 GET /api/stocks/XOM/extended-hours?exchange=NYSE&country=US&close=159.47 200 in 2.4s (next.js: 9ms, application-code: 2.4s)
[eodhd intraday] raw provider row sample {
  sym: 'XOM.US',
  interval: '1m',
  rowCount: 391,
  firstRow: {
    timestamp: 1788528600,
    gmtoffset: 0,
    datetime: '2026-09-04 13:30:00',
    open: 161.02,
    high: 161.1,
    low: 160.46,
    close: 160.4701,
    volume: 151729
  }
}
[live-price] XOM {
  price: 159.41,
  quotedAtSec: 1788552000,
  previousClose: null,
  session: 'pre'
}
 GET /api/stocks/XOM/live-price 200 in 500ms (next.js: 5ms, application-code: 495ms)
 GET /api/stocks/XOM/extended-hours?exchange=NYSE&country=US&close=159.47 200 in 2.5s (next.js: 4ms, application-code: 2.5s)
 GET /api/notifications?count=1 200 in 107ms (next.js: 4ms, application-code: 103ms)
[eodhd intraday] raw provider row sample {
  sym: 'XOM.US',
  interval: '1m',
  rowCount: 391,
  firstRow: {
    timestamp: 1788528600,
    gmtoffset: 0,
    datetime: '2026-09-04 13:30:00',
    open: 161.02,
    high: 161.1,
    low: 160.46,
    close: 160.4701,
    volume: 151729
  }
}
[live-price] XOM {
  price: 159.41,
  quotedAtSec: 1788552000,
  previousClose: null,
  session: 'pre'
}
 GET /api/stocks/XOM/live-price 200 in 526ms (next.js: 12ms, application-code: 514ms)
 GET /api/stocks/XOM/extended-hours?exchange=NYSE&country=US&close=159.47 200 in 3.2s (next.js: 16ms, application-code: 3.2s)
[eodhd intraday] raw provider row sample {
  sym: 'XOM.US',
  interval: '1m',
  rowCount: 391,
  firstRow: {
    timestamp: 1788528600,
    gmtoffset: 0,
    datetime: '2026-09-04 13:30:00',
    open: 161.02,
    high: 161.1,
    low: 160.46,
    close: 160.4701,
    volume: 151729
  }
}
[live-price] XOM {
  price: 159.41,
  quotedAtSec: 1788552000,
  previousClose: null,
  session: 'pre'
}
 GET /api/stocks/XOM/live-price 200 in 570ms (next.js: 5ms, application-code: 565ms)
 GET /api/notifications?count=1 200 in 162ms (next.js: 7ms, application-code: 155ms)
 GET /api/stocks/XOM/extended-hours?exchange=NYSE&country=US&close=159.47 200 in 2.5s (next.js: 5ms, application-code: 2.5s)
[eodhd intraday] raw provider row sample {
  sym: 'XOM.US',
  interval: '1m',
  rowCount: 391,
  firstRow: {
    timestamp: 1788528600,
    gmtoffset: 0,
    datetime: '2026-09-04 13:30:00',
    open: 161.02,
    high: 161.1,
    low: 160.46,
    close: 160.4701,
    volume: 151729
  }
}
[live-price] XOM {
  price: 159.41,
  quotedAtSec: 1788552000,
  previousClose: null,
  session: 'pre'
}
 GET /api/stocks/XOM/live-price 200 in 886ms (next.js: 3ms, application-code: 883ms)
 GET /api/stocks/XOM/extended-hours?exchange=NYSE&country=US&close=159.47 200 in 2.5s (next.js: 14ms, application-code: 2.5s)
[eodhd intraday] raw provider row sample {
  sym: 'XOM.US',
  interval: '1m',
  rowCount: 391,
  firstRow: {
    timestamp: 1788528600,
    gmtoffset: 0,
    datetime: '2026-09-04 13:30:00',
    open: 161.02,
    high: 161.1,
    low: 160.46,
    close: 160.4701,
    volume: 151729
  }
}
[live-price] XOM {
  price: 159.41,
  quotedAtSec: 1788552000,
  previousClose: null,
  session: 'pre'
}
 GET /api/stocks/XOM/live-price 200 in 539ms (next.js: 4ms, application-code: 536ms)
 GET /api/stocks/XOM/extended-hours?exchange=NYSE&country=US&close=159.47 200 in 2.6s (next.js: 4ms, application-code: 2.6s)
[eodhd intraday] raw provider row sample {
  sym: 'XOM.US',
  interval: '1m',
  rowCount: 391,
  firstRow: {
    timestamp: 1788528600,
    gmtoffset: 0,
    datetime: '2026-09-04 13:30:00',
    open: 161.02,
    high: 161.1,
    low: 160.46,
    close: 160.4701,
    volume: 151729
  }
}
[live-price] XOM {
  price: 159.41,
  quotedAtSec: 1788552000,
  previousClose: null,
  session: 'pre'
}
 GET /api/stocks/XOM/live-price 200 in 473ms (next.js: 4ms, application-code: 469ms)
 GET /api/notifications?count=1 200 in 266ms (next.js: 2ms, application-code: 264ms)
 GET /api/stocks/XOM/extended-hours?exchange=NYSE&country=US&close=159.47 200 in 2.5s (next.js: 14ms, application-code: 2.5s)
[eodhd intraday] raw provider row sample {
  sym: 'XOM.US',
  interval: '1m',
  rowCount: 391,
  firstRow: {
    timestamp: 1788528600,
    gmtoffset: 0,
    datetime: '2026-09-04 13:30:00',
    open: 161.02,
    high: 161.1,
    low: 160.46,
    close: 160.4701,
    volume: 151729
  }
}
[live-price] XOM {
  price: 159.41,
  quotedAtSec: 1788552000,
  previousClose: null,
  session: 'pre'
}
 GET /api/stocks/XOM/live-price 200 in 576ms (next.js: 4ms, application-code: 572ms)
 GET /api/notifications?count=1 200 in 111ms (next.js: 2ms, application-code: 109ms)
 GET /api/stocks/XOM/extended-hours?exchange=NYSE&country=US&close=159.47 200 in 2.3s (next.js: 4ms, application-code: 2.3s)
[eodhd intraday] raw provider row sample {
  sym: 'XOM.US',
  interval: '1m',
  rowCount: 391,
  firstRow: {
    timestamp: 1788528600,
    gmtoffset: 0,
    datetime: '2026-09-04 13:30:00',
    open: 161.02,
    high: 161.1,
    low: 160.46,
    close: 160.4701,
    volume: 151729
  }
}
[live-price] XOM {
  price: 159.41,
  quotedAtSec: 1788552000,
  previousClose: null,
  session: 'pre'
}
 GET /api/stocks/XOM/live-price 200 in 681ms (next.js: 4ms, application-code: 677ms)
 GET /api/stocks/XOM/extended-hours?exchange=NYSE&country=US&close=159.47 200 in 2.6s (next.js: 4ms, application-code: 2.6s)
[eodhd intraday] raw provider row sample {
  sym: 'XOM.US',
  interval: '1m',
  rowCount: 391,
  firstRow: {
    timestamp: 1788528600,
    gmtoffset: 0,
    datetime: '2026-09-04 13:30:00',
    open: 161.02,
    high: 161.1,
    low: 160.46,
    close: 160.4701,
    volume: 151729
  }
}
[live-price] XOM {
  price: 159.41,
  quotedAtSec: 1788552000,
  previousClose: null,
  session: 'pre'
}
 GET /api/stocks/XOM/live-price 200 in 661ms (next.js: 19ms, application-code: 643ms)
 GET /api/stocks/XOM/extended-hours?exchange=NYSE&country=US&close=159.47 200 in 2.4s (next.js: 7ms, application-code: 2.4s)
[eodhd intraday] raw provider row sample {
  sym: 'XOM.US',
  interval: '1m',
  rowCount: 391,
  firstRow: {
    timestamp: 1788528600,
    gmtoffset: 0,
    datetime: '2026-09-04 13:30:00',
    open: 161.02,
    high: 161.1,
    low: 160.46,
    close: 160.4701,
    volume: 151729
  }
}
[live-price] XOM {
  price: 159.41,
  quotedAtSec: 1788552000,
  previousClose: null,
  session: 'pre'
}
 GET /api/stocks/XOM/live-price 200 in 461ms (next.js: 4ms, application-code: 457ms)
 GET /api/notifications?count=1 200 in 268ms (next.js: 1947µs, application-code: 266ms)
 GET /api/stocks/XOM/extended-hours?exchange=NYSE&country=US&close=159.47 200 in 2.4s (next.js: 4ms, application-code: 2.4s)
[eodhd intraday] raw provider row sample {
  sym: 'XOM.US',
  interval: '1m',
  rowCount: 391,
  firstRow: {
    timestamp: 1788528600,
    gmtoffset: 0,
    datetime: '2026-09-04 13:30:00',
    open: 161.02,
    high: 161.1,
    low: 160.46,
    close: 160.4701,
    volume: 151729
  }
}
[live-price] XOM {
  price: 159.41,
  quotedAtSec: 1788552000,
  previousClose: null,
  session: 'pre'
}
 GET /api/stocks/XOM/live-price 200 in 473ms (next.js: 4ms, application-code: 469ms)
 GET /api/notifications?count=1 200 in 111ms (next.js: 1935µs, application-code: 110ms)
 GET /api/stocks/XOM/extended-hours?exchange=NYSE&country=US&close=159.47 200 in 2.5s (next.js: 7ms, application-code: 2.4s)
[eodhd intraday] raw provider row sample {
  sym: 'XOM.US',
  interval: '1m',
  rowCount: 391,
  firstRow: {
    timestamp: 1788528600,
    gmtoffset: 0,
    datetime: '2026-09-04 13:30:00',
    open: 161.02,
    high: 161.1,
    low: 160.46,
    close: 160.4701,
    volume: 151729
  }
}
[live-price] XOM {
  price: 159.41,
  quotedAtSec: 1788552000,
  previousClose: null,
  session: 'pre'
}
 GET /api/stocks/XOM/live-price 200 in 496ms (next.js: 5ms, application-code: 491ms)
 GET /api/stocks/XOM/extended-hours?exchange=NYSE&country=US&close=159.47 200 in 2.4s (next.js: 5ms, application-code: 2.4s)
[eodhd intraday] raw provider row sample {
  sym: 'XOM.US',
  interval: '1m',
  rowCount: 391,
  firstRow: {
    timestamp: 1788528600,
    gmtoffset: 0,
    datetime: '2026-09-04 13:30:00',
    open: 161.02,
    high: 161.1,
    low: 160.46,
    close: 160.4701,
    volume: 151729
  }
}
[live-price] XOM {
  price: 159.41,
  quotedAtSec: 1788552000,
  previousClose: null,
  session: 'pre'
}
 GET /api/stocks/XOM/live-price 200 in 471ms (next.js: 3ms, application-code: 468ms)
 GET /api/stocks/XOM/extended-hours?exchange=NYSE&country=US&close=159.47 200 in 2.3s (next.js: 3ms, application-code: 2.3s)
 GET /api/notifications?count=1 200 in 116ms (next.js: 2ms, application-code: 113ms)
[eodhd intraday] raw provider row sample {
  sym: 'XOM.US',
  interval: '1m',
  rowCount: 391,
  firstRow: {
    timestamp: 1788528600,
    gmtoffset: 0,
    datetime: '2026-09-04 13:30:00',
    open: 161.02,
    high: 161.1,
    low: 160.46,
    close: 160.4701,
    volume: 151729
  }
}
[live-price] XOM {
  price: 159.41,
  quotedAtSec: 1788552000,
  previousClose: null,
  session: 'pre'
}
 GET /api/stocks/XOM/live-price 200 in 499ms (next.js: 4ms, application-code: 495ms)
 GET /api/stocks/XOM/extended-hours?exchange=NYSE&country=US&close=159.47 200 in 2.5s (next.js: 10ms, application-code: 2.5s)
[eodhd intraday] raw provider row sample {
  sym: 'XOM.US',
  interval: '1m',
  rowCount: 391,
  firstRow: {
    timestamp: 1788528600,
    gmtoffset: 0,
    datetime: '2026-09-04 13:30:00',
    open: 161.02,
    high: 161.1,
    low: 160.46,
    close: 160.4701,
    volume: 151729
  }
}
[live-price] XOM {
  price: 159.41,
  quotedAtSec: 1788552000,
  previousClose: null,
  session: 'pre'
}
 GET /api/stocks/XOM/live-price 200 in 641ms (next.js: 8ms, application-code: 633ms)
 GET /api/notifications?count=1 200 in 108ms (next.js: 2ms, application-code: 106ms)
 GET /api/stocks/XOM/extended-hours?exchange=NYSE&country=US&close=159.47 200 in 2.5s (next.js: 4ms, application-code: 2.4s)
[eodhd intraday] raw provider row sample {
  sym: 'XOM.US',
  interval: '1m',
  rowCount: 391,
  firstRow: {
    timestamp: 1788528600,
    gmtoffset: 0,
    datetime: '2026-09-04 13:30:00',
    open: 161.02,
    high: 161.1,
    low: 160.46,
    close: 160.4701,
    volume: 151729
  }
}
[live-price] XOM {
  price: 159.41,
  quotedAtSec: 1788552000,
  previousClose: null,
  session: 'pre'
}
 GET /api/stocks/XOM/live-price 200 in 456ms (next.js: 7ms, application-code: 449ms)
 GET /api/stocks/XOM/extended-hours?exchange=NYSE&country=US&close=159.47 200 in 2.4s (next.js: 5ms, application-code: 2.4s)
[eodhd intraday] raw provider row sample {
  sym: 'XOM.US',
  interval: '1m',
  rowCount: 391,
  firstRow: {
    timestamp: 1788528600,
    gmtoffset: 0,
    datetime: '2026-09-04 13:30:00',
    open: 161.02,
    high: 161.1,
    low: 160.46,
    close: 160.4701,
    volume: 151729
  }
}
[live-price] XOM {
  price: 159.41,
  quotedAtSec: 1788552000,
  previousClose: null,
  session: 'pre'
}
 GET /api/stocks/XOM/live-price 200 in 529ms (next.js: 4ms, application-code: 526ms)
 GET /api/stocks/XOM/extended-hours?exchange=NYSE&country=US&close=159.47 200 in 2.4s (next.js: 3ms, application-code: 2.3s)
[eodhd intraday] raw provider row sample {
  sym: 'XOM.US',
  interval: '1m',
  rowCount: 391,
  firstRow: {
    timestamp: 1788528600,
    gmtoffset: 0,
    datetime: '2026-09-04 13:30:00',
    open: 161.02,
    high: 161.1,
    low: 160.46,
    close: 160.4701,
    volume: 151729
  }
}
[live-price] XOM {
  price: 159.41,
  quotedAtSec: 1788552000,
  previousClose: null,
  session: 'pre'
}
 GET /api/stocks/XOM/live-price 200 in 446ms (next.js: 5ms, application-code: 441ms)
 GET /api/notifications?count=1 200 in 424ms (next.js: 1688µs, application-code: 423ms)
 GET /api/stocks/XOM/extended-hours?exchange=NYSE&country=US&close=159.47 200 in 2.7s (next.js: 5ms, application-code: 2.7s)
[eodhd intraday] raw provider row sample {
  sym: 'XOM.US',
  interval: '1m',
  rowCount: 391,
  firstRow: {
    timestamp: 1788528600,
    gmtoffset: 0,
    datetime: '2026-09-04 13:30:00',
    open: 161.02,
    high: 161.1,
    low: 160.46,
    close: 160.4701,
    volume: 151729
  }
}
[live-price] XOM {
  price: 159.41,
  quotedAtSec: 1788552000,
  previousClose: null,
  session: 'pre'
}
 GET /api/stocks/XOM/live-price 200 in 513ms (next.js: 10ms, application-code: 504ms)
 GET /api/notifications?count=1 200 in 100ms (next.js: 1955µs, application-code: 98ms)
 GET /api/stocks/XOM/extended-hours?exchange=NYSE&country=US&close=159.47 200 in 2.5s (next.js: 30ms, application-code: 2.4s)
[eodhd intraday] raw provider row sample {
  sym: 'XOM.US',
  interval: '1m',
  rowCount: 391,
  firstRow: {
    timestamp: 1788528600,
    gmtoffset: 0,
    datetime: '2026-09-04 13:30:00',
    open: 161.02,
    high: 161.1,
    low: 160.46,
    close: 160.4701,
    volume: 151729
  }
}
[live-price] XOM {
  price: 159.41,
  quotedAtSec: 1788552000,
  previousClose: null,
  session: 'pre'
}
 GET /api/stocks/XOM/live-price 200 in 443ms (next.js: 5ms, application-code: 438ms)
 GET /api/stocks/XOM/extended-hours?exchange=NYSE&country=US&close=159.47 200 in 2.3s (next.js: 4ms, application-code: 2.3s)
[eodhd intraday] raw provider row sample {
  sym: 'XOM.US',
  interval: '1m',
  rowCount: 391,
  firstRow: {
    timestamp: 1788528600,
    gmtoffset: 0,
    datetime: '2026-09-04 13:30:00',
    open: 161.02,
    high: 161.1,
    low: 160.46,
    close: 160.4701,
    volume: 151729
  }
}
[live-price] XOM {
  price: 159.41,
  quotedAtSec: 1788552000,
  previousClose: null,
  session: 'pre'
}
 GET /api/stocks/XOM/live-price 200 in 487ms (next.js: 3ms, application-code: 484ms)
 GET /api/stocks/XOM/extended-hours?exchange=NYSE&country=US&close=159.47 200 in 2.3s (next.js: 5ms, application-code: 2.3s)
 GET /api/notifications?count=1 200 in 115ms (next.js: 3ms, application-code: 112ms)
[eodhd intraday] raw provider row sample {
  sym: 'XOM.US',
  interval: '1m',
  rowCount: 391,
  firstRow: {
    timestamp: 1788528600,
    gmtoffset: 0,
    datetime: '2026-09-04 13:30:00',
    open: 161.02,
    high: 161.1,
    low: 160.46,
    close: 160.4701,
    volume: 151729
  }
}
[live-price] XOM {
  price: 159.41,
  quotedAtSec: 1788552000,
  previousClose: null,
  session: 'pre'
}
 GET /api/stocks/XOM/live-price 200 in 614ms (next.js: 5ms, application-code: 610ms)
[eodhd intraday] raw provider row sample {
  sym: 'XOM.US',
  interval: '1m',
  rowCount: 391,
  firstRow: {
    timestamp: 1788528600,
    gmtoffset: 0,
    datetime: '2026-09-04 13:30:00',
    open: 161.02,
    high: 161.1,
    low: 160.46,
    close: 160.4701,
    volume: 151729
  }
}
[live-price] XOM {
  price: 159.41,
  quotedAtSec: 1788552000,
  previousClose: null,
  session: 'pre'
}
 GET /api/stocks/XOM/live-price 200 in 1496ms (next.js: 4ms, application-code: 1491ms)
 GET /api/stocks/XOM/extended-hours?exchange=NYSE&country=US&close=159.47 200 in 6.4s (next.js: 4ms, application-code: 6.4s)
 GET /api/notifications?count=1 200 in 176ms (next.js: 1722µs, application-code: 175ms)
 GET /api/stocks/XOM/extended-hours?exchange=NYSE&country=US&close=159.47 200 in 4.2s (next.js: 8ms, application-code: 4.2s)
[eodhd intraday] raw provider row sample {
  sym: 'XOM.US',
  interval: '1m',
  rowCount: 391,
  firstRow: {
    timestamp: 1788528600,
    gmtoffset: 0,
    datetime: '2026-09-04 13:30:00',
    open: 161.02,
    high: 161.1,
    low: 160.46,
    close: 160.4701,
    volume: 151729
  }
}
[live-price] XOM {
  price: 159.41,
  quotedAtSec: 1788552000,
  previousClose: null,
  session: 'pre'
}
 GET /api/stocks/XOM/live-price 200 in 769ms (next.js: 4ms, application-code: 766ms)
 GET /api/stocks/XOM/extended-hours?exchange=NYSE&country=US&close=159.47 200 in 2.8s (next.js: 4ms, application-code: 2.8s)
[eodhd intraday] raw provider row sample {
  sym: 'XOM.US',
  interval: '1m',
  rowCount: 391,
  firstRow: {
    timestamp: 1788528600,
    gmtoffset: 0,
    datetime: '2026-09-04 13:30:00',
    open: 161.02,
    high: 161.1,
    low: 160.46,
    close: 160.4701,
    volume: 151729
  }
}
[live-price] XOM {
  price: 159.41,
  quotedAtSec: 1788552000,
  previousClose: null,
  session: 'pre'
}
 GET /api/stocks/XOM/live-price 200 in 563ms (next.js: 5ms, application-code: 559ms)
 GET /api/stocks/XOM/extended-hours?exchange=NYSE&country=US&close=159.47 200 in 2.6s (next.js: 3ms, application-code: 2.6s)
 GET /api/notifications?count=1 200 in 132ms (next.js: 1700µs, application-code: 130ms)
[eodhd intraday] raw provider row sample {
  sym: 'XOM.US',
  interval: '1m',
  rowCount: 391,
  firstRow: {
    timestamp: 1788528600,
    gmtoffset: 0,
    datetime: '2026-09-04 13:30:00',
    open: 161.02,
    high: 161.1,
    low: 160.46,
    close: 160.4701,
    volume: 151729
  }
}
[live-price] XOM {
  price: 159.41,
  quotedAtSec: 1788552000,
  previousClose: null,
  session: 'pre'
}
 GET /api/stocks/XOM/live-price 200 in 739ms (next.js: 3ms, application-code: 736ms)
 GET /api/stocks/XOM/extended-hours?exchange=NYSE&country=US&close=159.47 200 in 2.8s (next.js: 3ms, application-code: 2.8s)
[eodhd intraday] raw provider row sample {
  sym: 'XOM.US',
  interval: '1m',
  rowCount: 391,
  firstRow: {
    timestamp: 1788528600,
    gmtoffset: 0,
    datetime: '2026-09-04 13:30:00',
    open: 161.02,
    high: 161.1,
    low: 160.46,
    close: 160.4701,
    volume: 151729
  }
}
[live-price] XOM {
  price: 159.41,
  quotedAtSec: 1788552000,
  previousClose: null,
  session: 'pre'
}
 GET /api/stocks/XOM/live-price 200 in 773ms (next.js: 5ms, application-code: 768ms)
 GET /api/notifications?count=1 200 in 157ms (next.js: 5ms, application-code: 152ms)
 GET /api/stocks/XOM/extended-hours?exchange=NYSE&country=US&close=159.47 200 in 2.4s (next.js: 5ms, application-code: 2.4s)
[eodhd intraday] raw provider row sample {
  sym: 'XOM.US',
  interval: '1m',
  rowCount: 391,
  firstRow: {
    timestamp: 1788528600,
    gmtoffset: 0,
    datetime: '2026-09-04 13:30:00',
    open: 161.02,
    high: 161.1,
    low: 160.46,
    close: 160.4701,
    volume: 151729
  }
}
[live-price] XOM {
  price: 159.41,
  quotedAtSec: 1788552000,
  previousClose: null,
  session: 'pre'
}
 GET /api/stocks/XOM/live-price 200 in 478ms (next.js: 5ms, application-code: 473ms)
 GET /api/stocks/XOM/extended-hours?exchange=NYSE&country=US&close=159.47 200 in 2.6s (next.js: 7ms, application-code: 2.6s)
[eodhd intraday] raw provider row sample {
  sym: 'XOM.US',
  interval: '1m',
  rowCount: 391,
  firstRow: {
    timestamp: 1788528600,
    gmtoffset: 0,
    datetime: '2026-09-04 13:30:00',
    open: 161.02,
    high: 161.1,
    low: 160.46,
    close: 160.4701,
    volume: 151729
  }
}
[live-price] XOM {
  price: 159.41,
  quotedAtSec: 1788552000,
  previousClose: null,
  session: 'pre'
}
 GET /api/stocks/XOM/live-price 200 in 494ms (next.js: 7ms, application-code: 487ms)
 GET /api/stocks/XOM/extended-hours?exchange=NYSE&country=US&close=159.47 200 in 2.3s (next.js: 5ms, application-code: 2.3s)
[eodhd intraday] raw provider row sample {
  sym: 'XOM.US',
  interval: '1m',
  rowCount: 391,
  firstRow: {
    timestamp: 1788528600,
    gmtoffset: 0,
    datetime: '2026-09-04 13:30:00',
    open: 161.02,
    high: 161.1,
    low: 160.46,
    close: 160.4701,
    volume: 151729
  }
}
[live-price] XOM {
  price: 159.41,
  quotedAtSec: 1788552000,
  previousClose: null,
  session: 'pre'
}
 GET /api/notifications?count=1 200 in 251ms (next.js: 1506µs, application-code: 249ms)
 GET /api/stocks/XOM/live-price 200 in 449ms (next.js: 4ms, application-code: 445ms)
 GET /api/stocks/XOM/extended-hours?exchange=NYSE&country=US&close=159.47 200 in 2.6s (next.js: 5ms, application-code: 2.6s)
[eodhd intraday] raw provider row sample {
  sym: 'XOM.US',
  interval: '1m',
  rowCount: 391,
  firstRow: {
    timestamp: 1788528600,
    gmtoffset: 0,
    datetime: '2026-09-04 13:30:00',
    open: 161.02,
    high: 161.1,
    low: 160.46,
    close: 160.4701,
    volume: 151729
  }
}
[live-price] XOM {
  price: 159.41,
  quotedAtSec: 1788552000,
  previousClose: null,
  session: 'pre'
}
 GET /api/stocks/XOM/live-price 200 in 549ms (next.js: 5ms, application-code: 544ms)
 GET /api/notifications?count=1 200 in 155ms (next.js: 1751µs, application-code: 153ms)
 GET /api/stocks/XOM/extended-hours?exchange=NYSE&country=US&close=159.47 200 in 2.6s (next.js: 3ms, application-code: 2.6s)
[eodhd intraday] raw provider row sample {
  sym: 'XOM.US',
  interval: '1m',
  rowCount: 391,
  firstRow: {
    timestamp: 1788528600,
    gmtoffset: 0,
    datetime: '2026-09-04 13:30:00',
    open: 161.02,
    high: 161.1,
    low: 160.46,
    close: 160.4701,
    volume: 151729
  }
}
[live-price] XOM {
  price: 159.41,
  quotedAtSec: 1788552000,
  previousClose: null,
  session: 'pre'
}
 GET /api/stocks/XOM/live-price 200 in 563ms (next.js: 3ms, application-code: 559ms)
 GET /api/stocks/XOM/extended-hours?exchange=NYSE&country=US&close=159.47 200 in 2.4s (next.js: 3ms, application-code: 2.4s)
[eodhd intraday] raw provider row sample {
  sym: 'XOM.US',
  interval: '1m',
  rowCount: 391,
  firstRow: {
    timestamp: 1788528600,
    gmtoffset: 0,
    datetime: '2026-09-04 13:30:00',
    open: 161.02,
    high: 161.1,
    low: 160.46,
    close: 160.4701,
    volume: 151729
  }
}
[live-price] XOM {
  price: 159.41,
  quotedAtSec: 1788552000,
  previousClose: null,
  session: 'pre'
}
 GET /api/stocks/XOM/live-price 200 in 454ms (next.js: 4ms, application-code: 450ms)
 GET /api/stocks/XOM/extended-hours?exchange=NYSE&country=US&close=159.47 200 in 2.4s (next.js: 4ms, application-code: 2.4s)
✓ Compiled in 918ms
 GET /screener 200 in 427ms (next.js: 11ms, proxy.ts: 89ms, application-code: 328ms)
 GET /api/notifications?count=1 200 in 84ms (next.js: 3ms, application-code: 81ms)
 GET /stock/XOM?tab=earnings 200 in 444ms (next.js: 39ms, proxy.ts: 152ms, application-code: 253ms)
 GET /api/stocks/XOM/chart?range=1D&series=price 200 in 57ms (next.js: 23ms, application-code: 34ms)
[eodhd intraday] raw provider row sample {
  sym: 'XOM.US',
  interval: '1m',
  rowCount: 391,
  firstRow: {
    timestamp: 1788528600,
    gmtoffset: 0,
    datetime: '2026-09-04 13:30:00',
    open: 161.02,
    high: 161.1,
    low: 160.46,
    close: 160.4701,
    volume: 151729
  }
}
[live-price] XOM {
  price: 159.41,
  quotedAtSec: 1788552000,
  previousClose: null,
  session: 'pre'
}
✓ Compiled in 336ms
 GET /api/stocks/XOM/live-price 200 in 588ms (next.js: 5ms, application-code: 583ms)
 GET /screener 200 in 89ms (next.js: 2ms, proxy.ts: 7ms, application-code: 80ms)
[eodhd intraday] raw provider row sample {
  sym: 'XOM.US',
  interval: '1m',
  rowCount: 391,
  firstRow: {
    timestamp: 1788528600,
    gmtoffset: 0,
    datetime: '2026-09-04 13:30:00',
    open: 161.02,
    high: 161.1,
    low: 160.46,
    close: 160.4701,
    volume: 151729
  }
}
[live-price] XOM {
  price: 159.41,
  quotedAtSec: 1788552000,
  previousClose: null,
  session: 'pre'
}
 GET /api/stocks/XOM/live-price 200 in 714ms (next.js: 30ms, application-code: 684ms)
 GET /stock/XOM?tab=earnings 200 in 325ms (next.js: 139ms, proxy.ts: 93ms, application-code: 93ms)
 GET /api/stocks/XOM/chart?range=1D&series=price 200 in 10ms (next.js: 3ms, application-code: 8ms)
[eodhd intraday] raw provider row sample {
  sym: 'XOM.US',
  interval: '1m',
  rowCount: 391,
  firstRow: {
    timestamp: 1788528600,
    gmtoffset: 0,
    datetime: '2026-09-04 13:30:00',
    open: 161.02,
    high: 161.1,
    low: 160.46,
    close: 160.4701,
    volume: 151729
  }
}
[live-price] XOM {
  price: 159.41,
  quotedAtSec: 1788552000,
  previousClose: null,
  session: 'pre'
}
 GET /api/stocks/XOM/live-price 200 in 481ms (next.js: 3ms, application-code: 478ms)
✓ Compiled in 95ms
 GET /screener 200 in 117ms (next.js: 10ms, proxy.ts: 9ms, application-code: 98ms)
 GET /stock/XOM?tab=earnings 200 in 118ms (next.js: 51ms, proxy.ts: 8ms, application-code: 59ms)
 GET /api/stocks/XOM/chart?range=1D&series=price 200 in 11ms (next.js: 3ms, application-code: 8ms)
[eodhd intraday] raw provider row sample {
  sym: 'XOM.US',
  interval: '1m',
  rowCount: 391,
  firstRow: {
    timestamp: 1788528600,
    gmtoffset: 0,
    datetime: '2026-09-04 13:30:00',
    open: 161.02,
    high: 161.1,
    low: 160.46,
    close: 160.4701,
    volume: 151729
  }
}
[live-price] XOM {
  price: 159.41,
  quotedAtSec: 1788552000,
  previousClose: null,
  session: 'pre'
}
 GET /api/stocks/XOM/live-price 200 in 1009ms (next.js: 5ms, application-code: 1004ms)
 GET /api/stocks/XOM/extended-hours?exchange=NYSE&country=US&close=159.47 200 in 1916ms (next.js: 5ms, application-code: 1911ms)
 GET /api/notifications?count=1 200 in 165ms (next.js: 1540µs, application-code: 164ms)
[eodhd intraday] raw provider row sample {
  sym: 'XOM.US',
  interval: '1m',
  rowCount: 391,
  firstRow: {
    timestamp: 1788528600,
    gmtoffset: 0,
    datetime: '2026-09-04 13:30:00',
    open: 161.02,
    high: 161.1,
    low: 160.46,
    close: 160.4701,
    volume: 151729
  }
}
[live-price] XOM {
  price: 159.41,
  quotedAtSec: 1788552000,
  previousClose: null,
  session: 'pre'
}
 GET /api/stocks/XOM/live-price 200 in 1007ms (next.js: 4ms, application-code: 1003ms)
 GET /api/stocks/XOM/extended-hours?exchange=NYSE&country=US&close=159.47 200 in 1776ms (next.js: 4ms, application-code: 1772ms)
✓ Compiled in 93ms
 GET /screener 200 in 124ms (next.js: 7ms, proxy.ts: 7ms, application-code: 110ms)
 GET /stock/XOM?tab=earnings 200 in 129ms (next.js: 23ms, proxy.ts: 29ms, application-code: 78ms)
 GET /api/stocks/XOM/chart?range=1D&series=price 200 in 15ms (next.js: 4ms, application-code: 10ms)
✓ Compiled in 111ms
[eodhd intraday] raw provider row sample {
  sym: 'XOM.US',
  interval: '1m',
  rowCount: 391,
  firstRow: {
    timestamp: 1788528600,
    gmtoffset: 0,
    datetime: '2026-09-04 13:30:00',
    open: 161.02,
    high: 161.1,
    low: 160.46,
    close: 160.4701,
    volume: 151729
  }
}
[live-price] XOM {
  price: 159.41,
  quotedAtSec: 1788552000,
  previousClose: null,
  session: 'pre'
}
 GET /api/stocks/XOM/live-price 200 in 734ms (next.js: 3ms, application-code: 731ms)
 GET /screener 200 in 626ms (next.js: 7ms, proxy.ts: 9ms, application-code: 610ms)
 GET /stock/XOM?tab=earnings 200 in 1040ms (next.js: 181ms, proxy.ts: 6ms, application-code: 853ms)
 GET /api/stocks/XOM/chart?range=1D&series=price 200 in 14ms (next.js: 3ms, application-code: 11ms)
[eodhd intraday] raw provider row sample {
  sym: 'XOM.US',
  interval: '1m',
  rowCount: 391,
  firstRow: {
    timestamp: 1788528600,
    gmtoffset: 0,
    datetime: '2026-09-04 13:30:00',
    open: 161.02,
    high: 161.1,
    low: 160.46,
    close: 160.4701,
    volume: 151729
  }
}
[live-price] XOM {
  price: 159.41,
  quotedAtSec: 1788552000,
  previousClose: null,
  session: 'pre'
}
 GET /api/stocks/XOM/live-price 200 in 447ms (next.js: 6ms, application-code: 441ms)
 GET /api/stocks/XOM/extended-hours?exchange=NYSE&country=US&close=159.47 200 in 2.5s (next.js: 6ms, application-code: 2.5s)
[eodhd intraday] raw provider row sample {
  sym: 'XOM.US',
  interval: '1m',
  rowCount: 391,
  firstRow: {
    timestamp: 1788528600,
    gmtoffset: 0,
    datetime: '2026-09-04 13:30:00',
    open: 161.02,
    high: 161.1,
    low: 160.46,
    close: 160.4701,
    volume: 151729
  }
}
[live-price] XOM {
  price: 159.41,
  quotedAtSec: 1788552000,
  previousClose: null,
  session: 'pre'
}
 GET /api/stocks/XOM/live-price 200 in 561ms (next.js: 4ms, application-code: 558ms)
✓ Compiled in 116ms
 GET /screener 200 in 145ms (next.js: 5ms, proxy.ts: 8ms, application-code: 133ms)
 GET /stock/XOM?tab=earnings 200 in 167ms (next.js: 73ms, proxy.ts: 13ms, application-code: 81ms)
 GET /api/stocks/XOM/chart?range=1D&series=price 200 in 12ms (next.js: 4ms, application-code: 8ms)
[eodhd intraday] raw provider row sample {
  sym: 'XOM.US',
  interval: '1m',
  rowCount: 391,
  firstRow: {
    timestamp: 1788528600,
    gmtoffset: 0,
    datetime: '2026-09-04 13:30:00',
    open: 161.02,
    high: 161.1,
    low: 160.46,
    close: 160.4701,
    volume: 151729
  }
}
[live-price] XOM {
  price: 159.41,
  quotedAtSec: 1788552000,
  previousClose: null,
  session: 'pre'
}
 GET /api/stocks/XOM/live-price 200 in 498ms (next.js: 3ms, application-code: 495ms)
 GET /api/stocks/XOM/extended-hours?exchange=NYSE&country=US&close=159.47 200 in 2.4s (next.js: 4ms, application-code: 2.4s)
✓ Compiled in 1033ms
 GET /stock/XOM?tab=earnings 200 in 591ms (next.js: 298ms, proxy.ts: 120ms, application-code: 174ms)
 GET /screener 200 in 1079ms (next.js: 6ms, proxy.ts: 121ms, application-code: 951ms)
 GET /screener 200 in 942ms (next.js: 42ms, proxy.ts: 418ms, application-code: 483ms)
 GET /screener 200 in 443ms (next.js: 6ms, proxy.ts: 20ms, application-code: 418ms)
 GET /screener 200 in 365ms (next.js: 125ms, proxy.ts: 78ms, application-code: 162ms)
 GET /screener 200 in 145ms (next.js: 2ms, proxy.ts: 10ms, application-code: 132ms)
 GET /stock/XOM?tab=earnings 200 in 922ms (next.js: 104ms, proxy.ts: 470ms, application-code: 348ms)
 GET /stock/XOM?tab=earnings 200 in 918ms (next.js: 169ms, proxy.ts: 474ms, application-code: 275ms)
 GET /stock/XOM?tab=earnings 200 in 721ms (next.js: 91ms, proxy.ts: 259ms, application-code: 372ms)
 GET /stock/XOM?tab=earnings 200 in 631ms (next.js: 151ms, proxy.ts: 183ms, application-code: 297ms)
 GET /api/stocks/XOM/chart?range=1D&series=price 200 in 531ms (next.js: 150ms, application-code: 381ms)
 GET /api/notifications?count=1 200 in 114ms (next.js: 28ms, application-code: 86ms)
[eodhd intraday] raw provider row sample {
  sym: 'XOM.US',
  interval: '1m',
  rowCount: 391,
  firstRow: {
    timestamp: 1788528600,
    gmtoffset: 0,
    datetime: '2026-09-04 13:30:00',
    open: 161.02,
    high: 161.1,
    low: 160.46,
    close: 160.4701,
    volume: 151729
  }
}
[live-price] XOM {
  price: 159.41,
  quotedAtSec: 1788552000,
  previousClose: null,
  session: 'pre'
}
 GET /api/stocks/XOM/live-price 200 in 1069ms (next.js: 238ms, application-code: 831ms)
 GET /api/stocks/XOM/extended-hours?exchange=NYSE&country=US&close=159.47 200 in 2.5s (next.js: 42ms, application-code: 2.4s)
[eodhd intraday] raw provider row sample {
  sym: 'XOM.US',
  interval: '1m',
  rowCount: 391,
  firstRow: {
    timestamp: 1788528600,
    gmtoffset: 0,
    datetime: '2026-09-04 13:30:00',
    open: 161.02,
    high: 161.1,
    low: 160.46,
    close: 160.4701,
    volume: 151729
  }
}
[live-price] XOM {
  price: 159.41,
  quotedAtSec: 1788552000,
  previousClose: null,
  session: 'pre'
}
 GET /api/stocks/XOM/live-price 200 in 548ms (next.js: 4ms, application-code: 544ms)
✓ Compiled in 97ms
 GET /screener 200 in 134ms (next.js: 10ms, proxy.ts: 11ms, application-code: 114ms)
 GET /stock/XOM?tab=earnings 200 in 135ms (next.js: 63ms, proxy.ts: 7ms, application-code: 66ms)
 GET /api/stocks/XOM/chart?range=1D&series=price 200 in 16ms (next.js: 7ms, application-code: 9ms)
[eodhd intraday] raw provider row sample {
  sym: 'XOM.US',
  interval: '1m',
  rowCount: 391,
  firstRow: {
    timestamp: 1788528600,
    gmtoffset: 0,
    datetime: '2026-09-04 13:30:00',
    open: 161.02,
    high: 161.1,
    low: 160.46,
    close: 160.4701,
    volume: 151729
  }
}
[live-price] XOM {
  price: 159.41,
  quotedAtSec: 1788552000,
  previousClose: null,
  session: 'pre'
}
 GET /api/stocks/XOM/live-price 200 in 720ms (next.js: 4ms, application-code: 715ms)
✓ Compiled in 79ms
 GET /screener 200 in 127ms (next.js: 7ms, proxy.ts: 10ms, application-code: 109ms)
 GET /stock/XOM?tab=earnings 200 in 130ms (next.js: 46ms, proxy.ts: 7ms, application-code: 78ms)
 GET /api/stocks/XOM/chart?range=1D&series=price 200 in 15ms (next.js: 4ms, application-code: 11ms)
 GET /api/notifications?count=1 200 in 143ms (next.js: 2ms, application-code: 140ms)
[eodhd intraday] raw provider row sample {
  sym: 'XOM.US',
  interval: '1m',
  rowCount: 391,
  firstRow: {
    timestamp: 1788528600,
    gmtoffset: 0,
    datetime: '2026-09-04 13:30:00',
    open: 161.02,
    high: 161.1,
    low: 160.46,
    close: 160.4701,
    volume: 151729
  }
}
[live-price] XOM {
  price: 159.41,
  quotedAtSec: 1788552000,
  previousClose: null,
  session: 'pre'
}
 GET /api/stocks/XOM/live-price 200 in 507ms (next.js: 4ms, application-code: 503ms)
✓ Compiled in 86ms
 GET /screener 200 in 112ms (next.js: 7ms, proxy.ts: 9ms, application-code: 96ms)
 GET /stock/XOM?tab=earnings 200 in 113ms (next.js: 20ms, proxy.ts: 34ms, application-code: 59ms)
 GET /api/stocks/XOM/chart?range=1D&series=price 200 in 20ms (next.js: 9ms, application-code: 10ms)
[eodhd intraday] raw provider row sample {
  sym: 'XOM.US',
  interval: '1m',
  rowCount: 391,
  firstRow: {
    timestamp: 1788528600,
    gmtoffset: 0,
    datetime: '2026-09-04 13:30:00',
    open: 161.02,
    high: 161.1,
    low: 160.46,
    close: 160.4701,
    volume: 151729
  }
}
[live-price] XOM {
  price: 159.41,
  quotedAtSec: 1788552000,
  previousClose: null,
  session: 'pre'
}
 GET /api/stocks/XOM/live-price 200 in 1022ms (next.js: 4ms, application-code: 1018ms)
✓ Compiled in 78ms
 GET /screener 200 in 116ms (next.js: 2ms, proxy.ts: 12ms, application-code: 102ms)
 GET /stock/XOM?tab=earnings 200 in 126ms (next.js: 57ms, proxy.ts: 11ms, application-code: 57ms)
 GET /api/stocks/XOM/chart?range=1D&series=price 200 in 11ms (next.js: 4ms, application-code: 7ms)
[eodhd intraday] raw provider row sample {
  sym: 'XOM.US',
  interval: '1m',
  rowCount: 391,
  firstRow: {
    timestamp: 1788528600,
    gmtoffset: 0,
    datetime: '2026-09-04 13:30:00',
    open: 161.02,
    high: 161.1,
    low: 160.46,
    close: 160.4701,
    volume: 151729
  }
}
[live-price] XOM {
  price: 159.41,
  quotedAtSec: 1788552000,
  previousClose: null,
  session: 'pre'
}
 GET /api/stocks/XOM/live-price 200 in 435ms (next.js: 3ms, application-code: 432ms)
 GET /screener 200 in 252ms (next.js: 98ms, proxy.ts: 17ms, application-code: 137ms)
 GET /stock/XOM?tab=earnings 200 in 261ms (next.js: 142ms, proxy.ts: 16ms, application-code: 103ms)
 GET /api/stocks/XOM/chart?range=1D&series=price 200 in 22ms (next.js: 10ms, application-code: 12ms)
✓ Compiled in 0ms
[eodhd intraday] raw provider row sample {
  sym: 'XOM.US',
  interval: '1m',
  rowCount: 391,
  firstRow: {
    timestamp: 1788528600,
    gmtoffset: 0,
    datetime: '2026-09-04 13:30:00',
    open: 161.02,
    high: 161.1,
    low: 160.46,
    close: 160.4701,
    volume: 151729
  }
}
[live-price] XOM {
  price: 159.41,
  quotedAtSec: 1788552000,
  previousClose: null,
  session: 'pre'
}
 GET /api/stocks/XOM/live-price 200 in 457ms (next.js: 7ms, application-code: 450ms)
 GET /api/stocks/XOM/extended-hours?exchange=NYSE&country=US&close=159.47 200 in 2.4s (next.js: 4ms, application-code: 2.4s)
[eodhd intraday] raw provider row sample {
  sym: 'XOM.US',
  interval: '1m',
  rowCount: 391,
  firstRow: {
    timestamp: 1788528600,
    gmtoffset: 0,
    datetime: '2026-09-04 13:30:00',
    open: 161.02,
    high: 161.1,
    low: 160.46,
    close: 160.4701,
    volume: 151729
  }
}
[live-price] XOM {
  price: 159.41,
  quotedAtSec: 1788552000,
  previousClose: null,
  session: 'pre'
}
 GET /api/stocks/XOM/live-price 200 in 1044ms (next.js: 5ms, application-code: 1038ms)
 GET /api/stocks/XOM/extended-hours?exchange=NYSE&country=US&close=159.47 200 in 2.4s (next.js: 4ms, application-code: 2.4s)
✓ Compiled in 89ms
 GET /screener 200 in 123ms (next.js: 9ms, proxy.ts: 9ms, application-code: 105ms)
 GET /stock/XOM?tab=earnings 200 in 124ms (next.js: 22ms, proxy.ts: 44ms, application-code: 58ms)
 GET /api/stocks/XOM/chart?range=1D&series=price 200 in 9ms (next.js: 3ms, application-code: 6ms)
[eodhd intraday] raw provider row sample {
  sym: 'XOM.US',
  interval: '1m',
  rowCount: 391,
  firstRow: {
    timestamp: 1788528600,
    gmtoffset: 0,
    datetime: '2026-09-04 13:30:00',
    open: 161.02,
    high: 161.1,
    low: 160.46,
    close: 160.4701,
    volume: 151729
  }
}
[live-price] XOM {
  price: 159.41,
  quotedAtSec: 1788552000,
  previousClose: null,
  session: 'pre'
}
 GET /api/stocks/XOM/live-price 200 in 475ms (next.js: 2ms, application-code: 473ms)
 GET /api/stocks/XOM/extended-hours?exchange=NYSE&country=US&close=159.47 200 in 2.5s (next.js: 10ms, application-code: 2.5s)
[eodhd intraday] raw provider row sample {
  sym: 'XOM.US',
  interval: '1m',
  rowCount: 391,
  firstRow: {
    timestamp: 1788528600,
    gmtoffset: 0,
    datetime: '2026-09-04 13:30:00',
    open: 161.02,
    high: 161.1,
    low: 160.46,
    close: 160.4701,
    volume: 151729
  }
}
[live-price] XOM {
  price: 159.41,
  quotedAtSec: 1788552000,
  previousClose: null,
  session: 'pre'
}
 GET /api/stocks/XOM/live-price 200 in 464ms (next.js: 4ms, application-code: 461ms)
 GET /api/notifications?count=1 200 in 255ms (next.js: 1917µs, application-code: 253ms)
 GET /api/stocks/XOM/extended-hours?exchange=NYSE&country=US&close=159.47 200 in 2.8s (next.js: 6ms, application-code: 2.8s)
[eodhd intraday] raw provider row sample {
  sym: 'XOM.US',
  interval: '1m',
  rowCount: 391,
  firstRow: {
    timestamp: 1788528600,
    gmtoffset: 0,
    datetime: '2026-09-04 13:30:00',
    open: 161.02,
    high: 161.1,
    low: 160.46,
    close: 160.4701,
    volume: 151729
  }
}
[live-price] XOM {
  price: 159.41,
  quotedAtSec: 1788552000,
  previousClose: null,
  session: 'pre'
}
 GET /api/stocks/XOM/live-price 200 in 2.6s (next.js: 4ms, application-code: 2.6s)
 GET /api/notifications?count=1 200 in 113ms (next.js: 3ms, application-code: 110ms)
 GET /api/stocks/XOM/extended-hours?exchange=NYSE&country=US&close=159.47 200 in 2.3s (next.js: 4ms, application-code: 2.3s)
[eodhd intraday] raw provider row sample {
  sym: 'XOM.US',
  interval: '1m',
  rowCount: 391,
  firstRow: {
    timestamp: 1788528600,
    gmtoffset: 0,
    datetime: '2026-09-04 13:30:00',
    open: 161.02,
    high: 161.1,
    low: 160.46,
    close: 160.4701,
    volume: 151729
  }
}
[live-price] XOM {
  price: 159.41,
  quotedAtSec: 1788552000,
  previousClose: null,
  session: 'pre'
}
 GET /api/stocks/XOM/live-price 200 in 474ms (next.js: 3ms, application-code: 471ms)
✓ Compiled in 115ms
 GET /screener 200 in 202ms (next.js: 14ms, proxy.ts: 22ms, application-code: 167ms)
 GET /stock/XOM?tab=earnings 200 in 188ms (next.js: 29ms, proxy.ts: 76ms, application-code: 83ms)
 GET /api/stocks/XOM/chart?range=1D&series=price 200 in 17ms (next.js: 9ms, application-code: 8ms)
[eodhd intraday] raw provider row sample {
  sym: 'XOM.US',
  interval: '1m',
  rowCount: 391,
  firstRow: {
    timestamp: 1788528600,
    gmtoffset: 0,
    datetime: '2026-09-04 13:30:00',
    open: 161.02,
    high: 161.1,
    low: 160.46,
    close: 160.4701,
    volume: 151729
  }
}
[live-price] XOM {
  price: 159.41,
  quotedAtSec: 1788552000,
  previousClose: null,
  session: 'pre'
}
 GET /api/stocks/XOM/live-price 200 in 990ms (next.js: 17ms, application-code: 972ms)
 GET /api/stocks/XOM/earnings 200 in 3.5s (next.js: 412ms, application-code: 3.1s)
 GET /api/stocks/XOM/extended-hours?exchange=NYSE&country=US&close=159.47 200 in 1786ms (next.js: 3ms, application-code: 1783ms)
[eodhd intraday] raw provider row sample {
  sym: 'XOM.US',
  interval: '1m',
  rowCount: 391,
  firstRow: {
    timestamp: 1788528600,
    gmtoffset: 0,
    datetime: '2026-09-04 13:30:00',
    open: 161.02,
    high: 161.1,
    low: 160.46,
    close: 160.4701,
    volume: 151729
  }
}
[live-price] XOM {
  price: 159.41,
  quotedAtSec: 1788552000,
  previousClose: null,
  session: 'pre'
}
 GET /api/stocks/XOM/live-price 200 in 1912ms (next.js: 11ms, application-code: 1901ms)
 GET /api/stocks/XOM/extended-hours?exchange=NYSE&country=US&close=159.47 200 in 1773ms (next.js: 3ms, application-code: 1770ms)
 GET /api/notifications?count=1 200 in 111ms (next.js: 1822µs, application-code: 110ms)
[eodhd intraday] raw provider row sample {
  sym: 'XOM.US',
  interval: '1m',
  rowCount: 391,
  firstRow: {
    timestamp: 1788528600,
    gmtoffset: 0,
    datetime: '2026-09-04 13:30:00',
    open: 161.02,
    high: 161.1,
    low: 160.46,
    close: 160.4701,
    volume: 151729
  }
}
[live-price] XOM {
  price: 159.41,
  quotedAtSec: 1788552000,
  previousClose: null,
  session: 'pre'
}
 GET /api/stocks/XOM/live-price 200 in 1015ms (next.js: 3ms, application-code: 1012ms)
 GET /api/stocks/XOM/extended-hours?exchange=NYSE&country=US&close=159.47 200 in 2.4s (next.js: 3ms, application-code: 2.4s)
 GET /api/notifications?count=1 200 in 103ms (next.js: 1777µs, application-code: 101ms)
[eodhd intraday] raw provider row sample {
  sym: 'XOM.US',
  interval: '1m',
  rowCount: 391,
  firstRow: {
    timestamp: 1788528600,
    gmtoffset: 0,
    datetime: '2026-09-04 13:30:00',
    open: 161.02,
    high: 161.1,
    low: 160.46,
    close: 160.4701,
    volume: 151729
  }
}
[live-price] XOM {
  price: 159.41,
  quotedAtSec: 1788552000,
  previousClose: null,
  session: 'pre'
}
 GET /api/stocks/XOM/live-price 200 in 1008ms (next.js: 4ms, application-code: 1004ms)
 GET /api/stocks/XOM/extended-hours?exchange=NYSE&country=US&close=159.47 200 in 2.3s (next.js: 4ms, application-code: 2.3s)
[eodhd intraday] raw provider row sample {
  sym: 'XOM.US',
  interval: '1m',
  rowCount: 391,
  firstRow: {
    timestamp: 1788528600,
    gmtoffset: 0,
    datetime: '2026-09-04 13:30:00',
    open: 161.02,
    high: 161.1,
    low: 160.46,
    close: 160.4701,
    volume: 151729
  }
}
[live-price] XOM {
  price: 159.41,
  quotedAtSec: 1788552000,
  previousClose: null,
  session: 'pre'
}
 GET /api/stocks/XOM/live-price 200 in 1055ms (next.js: 5ms, application-code: 1051ms)
 GET /api/stocks/XOM/extended-hours?exchange=NYSE&country=US&close=159.47 200 in 2.6s (next.js: 4ms, application-code: 2.6s)
[eodhd intraday] raw provider row sample {
  sym: 'XOM.US',
  interval: '1m',
  rowCount: 391,
  firstRow: {
    timestamp: 1788528600,
    gmtoffset: 0,
    datetime: '2026-09-04 13:30:00',
    open: 161.02,
    high: 161.1,
    low: 160.46,
    close: 160.4701,
    volume: 151729
  }
}
[live-price] XOM {
  price: 159.41,
  quotedAtSec: 1788552000,
  previousClose: null,
  session: 'pre'
}
 GET /api/stocks/XOM/live-price 200 in 963ms (next.js: 4ms, application-code: 959ms)
 GET /api/stocks/XOM/extended-hours?exchange=NYSE&country=US&close=159.47 200 in 2.5s (next.js: 3ms, application-code: 2.5s)
 GET /api/notifications?count=1 200 in 142ms (next.js: 1855µs, application-code: 140ms)
[eodhd intraday] raw provider row sample {
  sym: 'XOM.US',
  interval: '1m',
  rowCount: 391,
  firstRow: {
    timestamp: 1788528600,
    gmtoffset: 0,
    datetime: '2026-09-04 13:30:00',
    open: 161.02,
    high: 161.1,
    low: 160.46,
    close: 160.4701,
    volume: 151729
  }
}
[live-price] XOM {
  price: 159.41,
  quotedAtSec: 1788552000,
  previousClose: null,
  session: 'pre'
}
 GET /api/stocks/XOM/live-price 200 in 1023ms (next.js: 5ms, application-code: 1017ms)
 GET /api/stocks/XOM/extended-hours?exchange=NYSE&country=US&close=159.47 200 in 2.5s (next.js: 4ms, application-code: 2.4s)
 GET /api/notifications?count=1 200 in 107ms (next.js: 4ms, application-code: 103ms)
[eodhd intraday] raw provider row sample {
  sym: 'XOM.US',
  interval: '1m',
  rowCount: 391,
  firstRow: {
    timestamp: 1788528600,
    gmtoffset: 0,
    datetime: '2026-09-04 13:30:00',
    open: 161.02,
    high: 161.1,
    low: 160.46,
    close: 160.4701,
    volume: 151729
  }
}
[live-price] XOM {
  price: 159.41,
  quotedAtSec: 1788552000,
  previousClose: null,
  session: 'pre'
}
 GET /api/stocks/XOM/live-price 200 in 1081ms (next.js: 11ms, application-code: 1070ms)
 GET /api/stocks/XOM/extended-hours?exchange=NYSE&country=US&close=159.47 200 in 2.3s (next.js: 12ms, application-code: 2.3s)
[eodhd intraday] raw provider row sample {
  sym: 'XOM.US',
  interval: '1m',
  rowCount: 391,
  firstRow: {
    timestamp: 1788528600,
    gmtoffset: 0,
    datetime: '2026-09-04 13:30:00',
    open: 161.02,
    high: 161.1,
    low: 160.46,
    close: 160.4701,
    volume: 151729
  }
}
[live-price] XOM {
  price: 159.41,
  quotedAtSec: 1788552000,
  previousClose: null,
  session: 'pre'
}
 GET /api/stocks/XOM/live-price 200 in 1001ms (next.js: 4ms, application-code: 998ms)
 GET /api/stocks/XOM/extended-hours?exchange=NYSE&country=US&close=159.47 200 in 2.3s (next.js: 3ms, application-code: 2.3s)
[eodhd intraday] raw provider row sample {
  sym: 'XOM.US',
  interval: '1m',
  rowCount: 391,
  firstRow: {
    timestamp: 1788528600,
    gmtoffset: 0,
    datetime: '2026-09-04 13:30:00',
    open: 161.02,
    high: 161.1,
    low: 160.46,
    close: 160.4701,
    volume: 151729
  }
}
[live-price] XOM {
  price: 159.41,
  quotedAtSec: 1788552000,
  previousClose: null,
  session: 'pre'
}
 GET /api/stocks/XOM/live-price 200 in 1182ms (next.js: 4ms, application-code: 1178ms)
 GET /api/stocks/XOM/extended-hours?exchange=NYSE&country=US&close=159.47 200 in 2.4s (next.js: 4ms, application-code: 2.4s)
 GET /api/notifications?count=1 200 in 113ms (next.js: 3ms, application-code: 110ms)
[eodhd intraday] raw provider row sample {
  sym: 'XOM.US',
  interval: '1m',
  rowCount: 391,
  firstRow: {
    timestamp: 1788528600,
    gmtoffset: 0,
    datetime: '2026-09-04 13:30:00',
    open: 161.02,
    high: 161.1,
    low: 160.46,
    close: 160.4701,
    volume: 151729
  }
}
[live-price] XOM {
  price: 159.41,
  quotedAtSec: 1788552000,
  previousClose: null,
  session: 'pre'
}
 GET /api/stocks/XOM/live-price 200 in 1013ms (next.js: 4ms, application-code: 1009ms)
 GET /api/stocks/XOM/extended-hours?exchange=NYSE&country=US&close=159.47 200 in 2.4s (next.js: 3ms, application-code: 2.4s)
 GET /api/notifications?count=1 200 in 122ms (next.js: 1463µs, application-code: 120ms)
[eodhd intraday] raw provider row sample {
  sym: 'XOM.US',
  interval: '1m',
  rowCount: 391,
  firstRow: {
    timestamp: 1788528600,
    gmtoffset: 0,
    datetime: '2026-09-04 13:30:00',
    open: 161.02,
    high: 161.1,
    low: 160.46,
    close: 160.4701,
    volume: 151729
  }
}
[live-price] XOM {
  price: 159.41,
  quotedAtSec: 1788552000,
  previousClose: null,
  session: 'pre'
}
 GET /api/stocks/XOM/live-price 200 in 1070ms (next.js: 4ms, application-code: 1066ms)
 GET /api/stocks/XOM/extended-hours?exchange=NYSE&country=US&close=159.47 200 in 2.3s (next.js: 3ms, application-code: 2.3s)
[eodhd intraday] raw provider row sample {
  sym: 'XOM.US',
  interval: '1m',
  rowCount: 391,
  firstRow: {
    timestamp: 1788528600,
    gmtoffset: 0,
    datetime: '2026-09-04 13:30:00',
    open: 161.02,
    high: 161.1,
    low: 160.46,
    close: 160.4701,
    volume: 151729
  }
}
[live-price] XOM {
  price: 159.41,
  quotedAtSec: 1788552000,
  previousClose: null,
  session: 'pre'
}
 GET /api/stocks/XOM/live-price 200 in 1112ms (next.js: 3ms, application-code: 1108ms)
 GET /api/stocks/XOM/extended-hours?exchange=NYSE&country=US&close=159.47 200 in 2.5s (next.js: 4ms, application-code: 2.5s)
[eodhd intraday] raw provider row sample {
  sym: 'XOM.US',
  interval: '1m',
  rowCount: 391,
  firstRow: {
    timestamp: 1788528600,
    gmtoffset: 0,
    datetime: '2026-09-04 13:30:00',
    open: 161.02,
    high: 161.1,
    low: 160.46,
    close: 160.4701,
    volume: 151729
  }
}
[live-price] XOM {
  price: 159.41,
  quotedAtSec: 1788552000,
  previousClose: null,
  session: 'pre'
}
 GET /api/stocks/XOM/live-price 200 in 1309ms (next.js: 5ms, application-code: 1304ms)
 GET /api/stocks/XOM/extended-hours?exchange=NYSE&country=US&close=159.47 200 in 1774ms (next.js: 3ms, application-code: 1770ms)
 GET /api/notifications?count=1 200 in 99ms (next.js: 5ms, application-code: 94ms)
[eodhd intraday] raw provider row sample {
  sym: 'XOM.US',
  interval: '1m',
  rowCount: 391,
  firstRow: {
    timestamp: 1788528600,
    gmtoffset: 0,
    datetime: '2026-09-04 13:30:00',
    open: 161.02,
    high: 161.1,
    low: 160.46,
    close: 160.4701,
    volume: 151729
  }
}
[live-price] XOM {
  price: 159.41,
  quotedAtSec: 1788552000,
  previousClose: null,
  session: 'pre'
}
 GET /api/stocks/XOM/live-price 200 in 1071ms (next.js: 3ms, application-code: 1068ms)
 GET /api/stocks/XOM/extended-hours?exchange=NYSE&country=US&close=159.47 200 in 2.8s (next.js: 4ms, application-code: 2.8s)
 GET /api/notifications?count=1 200 in 133ms (next.js: 8ms, application-code: 125ms)
[eodhd intraday] raw provider row sample {
  sym: 'XOM.US',
  interval: '1m',
  rowCount: 391,
  firstRow: {
    timestamp: 1788528600,
    gmtoffset: 0,
    datetime: '2026-09-04 13:30:00',
    open: 161.02,
    high: 161.1,
    low: 160.46,
    close: 160.4701,
    volume: 151729
  }
}
[live-price] XOM {
  price: 159.41,
  quotedAtSec: 1788552000,
  previousClose: null,
  session: 'pre'
}
 GET /api/stocks/XOM/live-price 200 in 976ms (next.js: 7ms, application-code: 969ms)
 GET /api/stocks/XOM/extended-hours?exchange=NYSE&country=US&close=159.47 200 in 2.4s (next.js: 4ms, application-code: 2.4s)
[eodhd intraday] raw provider row sample {
  sym: 'XOM.US',
  interval: '1m',
  rowCount: 391,
  firstRow: {
    timestamp: 1788528600,
    gmtoffset: 0,
    datetime: '2026-09-04 13:30:00',
    open: 161.02,
    high: 161.1,
    low: 160.46,
    close: 160.4701,
    volume: 151729
  }
}
[live-price] XOM {
  price: 159.41,
  quotedAtSec: 1788552000,
  previousClose: null,
  session: 'pre'
}
 GET /api/stocks/XOM/live-price 200 in 1052ms (next.js: 4ms, application-code: 1049ms)
 GET /api/stocks/XOM/extended-hours?exchange=NYSE&country=US&close=159.47 200 in 2.4s (next.js: 5ms, application-code: 2.4s)
[eodhd intraday] raw provider row sample {
  sym: 'XOM.US',
  interval: '1m',
  rowCount: 391,
  firstRow: {
    timestamp: 1788528600,
    gmtoffset: 0,
    datetime: '2026-09-04 13:30:00',
    open: 161.02,
    high: 161.1,
    low: 160.46,
    close: 160.4701,
    volume: 151729
  }
}
[live-price] XOM {
  price: 159.41,
  quotedAtSec: 1788552000,
  previousClose: null,
  session: 'pre'
}
 GET /api/stocks/XOM/live-price 200 in 1320ms (next.js: 4ms, application-code: 1316ms)
 GET /api/stocks/XOM/extended-hours?exchange=NYSE&country=US&close=159.47 200 in 1866ms (next.js: 4ms, application-code: 1863ms)
 GET /api/notifications?count=1 200 in 160ms (next.js: 4ms, application-code: 155ms)
[eodhd intraday] raw provider row sample {
  sym: 'XOM.US',
  interval: '1m',
  rowCount: 391,
  firstRow: {
    timestamp: 1788528600,
    gmtoffset: 0,
    datetime: '2026-09-04 13:30:00',
    open: 161.02,
    high: 161.1,
    low: 160.46,
    close: 160.4701,
    volume: 151729
  }
}
[live-price] XOM {
  price: 159.41,
  quotedAtSec: 1788552000,
  previousClose: null,
  session: 'pre'
}
 GET /api/stocks/XOM/live-price 200 in 1107ms (next.js: 5ms, application-code: 1102ms)
 GET /api/stocks/XOM/extended-hours?exchange=NYSE&country=US&close=159.47 200 in 2.9s (next.js: 15ms, application-code: 2.9s)
 GET /api/notifications?count=1 200 in 132ms (next.js: 9ms, application-code: 123ms)
 GET /api/notifications?count=1 200 in 231ms (next.js: 2ms, application-code: 229ms)
 GET /api/watchlist 200 in 443ms (next.js: 41ms, application-code: 403ms)
 GET /api/watchlist 200 in 161ms (next.js: 1235µs, application-code: 159ms)
[eodhd intraday] raw provider row sample {
  sym: 'XOM.US',
  interval: '1m',
  rowCount: 391,
  firstRow: {
    timestamp: 1788528600,
    gmtoffset: 0,
    datetime: '2026-09-04 13:30:00',
    open: 161.02,
    high: 161.1,
    low: 160.46,
    close: 160.4701,
    volume: 151729
  }
}
[live-price] XOM {
  price: 159.41,
  quotedAtSec: 1788552000,
  previousClose: null,
  session: 'pre'
}
 GET /api/stocks/XOM/live-price 200 in 1088ms (next.js: 9ms, application-code: 1079ms)
 GET /api/stocks/XOM/extended-hours?exchange=NYSE&country=US&close=159.47 200 in 2.5s (next.js: 19ms, application-code: 2.5s)
[eodhd intraday] raw provider row sample {
  sym: 'XOM.US',
  interval: '1m',
  rowCount: 391,
  firstRow: {
    timestamp: 1788528600,
    gmtoffset: 0,
    datetime: '2026-09-04 13:30:00',
    open: 161.02,
    high: 161.1,
    low: 160.46,
    close: 160.4701,
    volume: 151729
  }
}
[live-price] XOM {
  price: 159.41,
  quotedAtSec: 1788552000,
  previousClose: null,
  session: 'pre'
}
 GET /api/stocks/XOM/live-price 200 in 2.3s (next.js: 6ms, application-code: 2.3s)
 GET /api/stocks/XOM/extended-hours?exchange=NYSE&country=US&close=159.47 200 in 2.4s (next.js: 8ms, application-code: 2.4s)
 GET /api/notifications?count=1 200 in 102ms (next.js: 1517µs, application-code: 101ms)
[eodhd intraday] raw provider row sample {
  sym: 'XOM.US',
  interval: '1m',
  rowCount: 391,
  firstRow: {
    timestamp: 1788528600,
    gmtoffset: 0,
    datetime: '2026-09-04 13:30:00',
    open: 161.02,
    high: 161.1,
    low: 160.46,
    close: 160.4701,
    volume: 151729
  }
}
[live-price] XOM {
  price: 159.41,
  quotedAtSec: 1788552000,
  previousClose: null,
  session: 'pre'
}
 GET /api/stocks/XOM/live-price 200 in 1042ms (next.js: 16ms, application-code: 1026ms)
 GET /api/stocks/XOM/extended-hours?exchange=NYSE&country=US&close=159.47 200 in 2.4s (next.js: 32ms, application-code: 2.4s)
[eodhd intraday] raw provider row sample {
  sym: 'XOM.US',
  interval: '1m',
  rowCount: 391,
  firstRow: {
    timestamp: 1788528600,
    gmtoffset: 0,
    datetime: '2026-09-04 13:30:00',
    open: 161.02,
    high: 161.1,
    low: 160.46,
    close: 160.4701,
    volume: 151729
  }
}
[live-price] XOM {
  price: 159.41,
  quotedAtSec: 1788552000,
  previousClose: null,
  session: 'pre'
}
 GET /api/stocks/XOM/live-price 200 in 1236ms (next.js: 4ms, application-code: 1232ms)
 GET /api/stocks/XOM/extended-hours?exchange=NYSE&country=US&close=159.47 200 in 2.6s (next.js: 3ms, application-code: 2.6s)
 GET /api/notifications?count=1 200 in 97ms (next.js: 2ms, application-code: 95ms)
[eodhd intraday] raw provider row sample {
  sym: 'XOM.US',
  interval: '1m',
  rowCount: 391,
  firstRow: {
    timestamp: 1788528600,
    gmtoffset: 0,
    datetime: '2026-09-04 13:30:00',
    open: 161.02,
    high: 161.1,
    low: 160.46,
    close: 160.4701,
    volume: 151729
  }
}
[live-price] XOM {
  price: 159.41,
  quotedAtSec: 1788552000,
  previousClose: null,
  session: 'pre'
}
 GET /api/stocks/XOM/live-price 200 in 994ms (next.js: 4ms, application-code: 990ms)
 GET /api/stocks/XOM/extended-hours?exchange=NYSE&country=US&close=159.47 200 in 2.3s (next.js: 6ms, application-code: 2.3s)
[eodhd intraday] raw provider row sample {
  sym: 'XOM.US',
  interval: '1m',
  rowCount: 391,
  firstRow: {
    timestamp: 1788528600,
    gmtoffset: 0,
    datetime: '2026-09-04 13:30:00',
    open: 161.02,
    high: 161.1,
    low: 160.46,
    close: 160.4701,
    volume: 151729
  }
}
[live-price] XOM {
  price: 159.41,
  quotedAtSec: 1788552000,
  previousClose: null,
  session: 'pre'
}
 GET /api/stocks/XOM/live-price 200 in 991ms (next.js: 14ms, application-code: 977ms)
 GET /api/stocks/XOM/extended-hours?exchange=NYSE&country=US&close=159.47 200 in 2.5s (next.js: 19ms, application-code: 2.5s)
 GET /api/notifications?count=1 200 in 128ms (next.js: 6ms, application-code: 122ms)
[eodhd intraday] raw provider row sample {
  sym: 'XOM.US',
  interval: '1m',
  rowCount: 391,
  firstRow: {
    timestamp: 1788528600,
    gmtoffset: 0,
    datetime: '2026-09-04 13:30:00',
    open: 161.02,
    high: 161.1,
    low: 160.46,
    close: 160.4701,
    volume: 151729
  }
}
[live-price] XOM {
  price: 159.41,
  quotedAtSec: 1788552000,
  previousClose: null,
  session: 'pre'
}
 GET /api/stocks/XOM/live-price 200 in 1028ms (next.js: 4ms, application-code: 1023ms)
 GET /api/stocks/XOM/extended-hours?exchange=NYSE&country=US&close=159.47 200 in 2.4s (next.js: 13ms, application-code: 2.4s)
[eodhd intraday] raw provider row sample {
  sym: 'XOM.US',
  interval: '1m',
  rowCount: 391,
  firstRow: {
    timestamp: 1788528600,
    gmtoffset: 0,
    datetime: '2026-09-04 13:30:00',
    open: 161.02,
    high: 161.1,
    low: 160.46,
    close: 160.4701,
    volume: 151729
  }
}
[live-price] XOM {
  price: 159.41,
  quotedAtSec: 1788552000,
  previousClose: null,
  session: 'pre'
}
 GET /api/stocks/XOM/live-price 200 in 1005ms (next.js: 3ms, application-code: 1002ms)
 GET /api/stocks/XOM/extended-hours?exchange=NYSE&country=US&close=159.47 200 in 2.4s (next.js: 3ms, application-code: 2.3s)
 GET /api/notifications?count=1 200 in 99ms (next.js: 5ms, application-code: 94ms)
[eodhd intraday] raw provider row sample {
  sym: 'XOM.US',
  interval: '1m',
  rowCount: 391,
  firstRow: {
    timestamp: 1788528600,
    gmtoffset: 0,
    datetime: '2026-09-04 13:30:00',
    open: 161.02,
    high: 161.1,
    low: 160.46,
    close: 160.4701,
    volume: 151729
  }
}
[live-price] XOM {
  price: 159.41,
  quotedAtSec: 1788552000,
  previousClose: null,
  session: 'pre'
}
 GET /api/stocks/XOM/live-price 200 in 1029ms (next.js: 5ms, application-code: 1024ms)
 GET /api/search?q=tsla 200 in 1448ms (next.js: 67ms, application-code: 1381ms)
 GET /api/media/logo?kind=crypto&c=TSLAX&theme=light 200 in 650ms (next.js: 28ms, application-code: 623ms)
 GET /api/media/logo?kind=stock&t=TEST&theme=light 200 in 613ms (next.js: 6ms, application-code: 607ms)
 GET /api/media/logo?kind=stock&t=ELOL&theme=light 200 in 663ms (next.js: 31ms, application-code: 632ms)
 GET /api/media/logo?kind=stock&t=ELON&theme=light 200 in 859ms (next.js: 1906µs, application-code: 858ms)
 GET /api/media/logo?kind=stock&t=TESL&theme=light 200 in 906ms (next.js: 6ms, application-code: 900ms)
 GET /api/media/logo?kind=stock&t=TLA&theme=light 200 in 476ms (next.js: 1350µs, application-code: 475ms)
 GET /api/stocks/XOM/extended-hours?exchange=NYSE&country=US&close=159.47 200 in 2.3s (next.js: 13ms, application-code: 2.3s)
 GET /api/media/logo?kind=stock&t=TSII&theme=light 200 in 531ms (next.js: 1091µs, application-code: 530ms)
 GET /api/media/logo?kind=stock&t=TSDD&theme=light 200 in 554ms (next.js: 1389µs, application-code: 553ms)
 GET /api/media/logo?kind=stock&t=TSLG&theme=light 200 in 333ms (next.js: 1102µs, application-code: 331ms)
 GET /api/media/logo?kind=stock&t=TSL&theme=light 200 in 385ms (next.js: 1071µs, application-code: 384ms)
 PUT /api/search/recent 200 in 176ms (next.js: 21ms, application-code: 156ms)
 GET /api/media/logo?kind=stock&t=TSLL&theme=light 200 in 343ms (next.js: 1200µs, application-code: 342ms)
 GET /api/media/logo?kind=stock&t=TSLQ&theme=light 200 in 357ms (next.js: 1408µs, application-code: 355ms)
 GET /api/media/logo?kind=stock&t=TSLS&theme=light 200 in 331ms (next.js: 2ms, application-code: 329ms)
 GET /api/media/logo?kind=stock&t=TSLR&theme=light 200 in 524ms (next.js: 1086µs, application-code: 523ms)
 GET /stock/TSLA 200 in 281ms (next.js: 8ms, proxy.ts: 8ms, application-code: 264ms)
 GET /api/media/logo?kind=stock&t=TSLP&theme=light 200 in 590ms (next.js: 1335µs, application-code: 589ms)
 GET /api/stocks/TSLA/key-indicators 200 in 244ms (next.js: 83ms, application-code: 161ms)
 GET /api/stocks/TSLA/key-indicators 200 in 273ms (next.js: 119ms, application-code: 154ms)
 GET /api/search/recent 200 in 63ms (next.js: 2ms, application-code: 61ms)
 GET /api/search/recent 200 in 68ms (next.js: 1488µs, application-code: 66ms)
[eodhd intraday] raw provider row sample {
  sym: 'TSLA.US',
  interval: '1m',
  rowCount: 391,
  firstRow: {
    timestamp: 1788528600,
    gmtoffset: 0,
    datetime: '2026-09-04 13:30:00',
    open: 362.07,
    high: 364.68,
    low: 360.76,
    close: 363.5948,
    volume: 1338929
  }
}
[live-price] TSLA {
  price: 353.607,
  quotedAtSec: 1788552000,
  previousClose: null,
  session: 'pre'
}
[eodhd intraday] raw provider row sample {
  sym: 'TSLA.US',
  interval: '1m',
  rowCount: 391,
  firstRow: {
    timestamp: 1788528600,
    gmtoffset: 0,
    datetime: '2026-09-04 13:30:00',
    open: 362.07,
    high: 364.68,
    low: 360.76,
    close: 363.5948,
    volume: 1338929
  }
}
[live-price] TSLA {
  price: 353.607,
  quotedAtSec: 1788552000,
  previousClose: null,
  session: 'pre'
}
 GET /api/stocks/TSLA/live-price 200 in 918ms (next.js: 9ms, application-code: 909ms)
 GET /api/stocks/TSLA/live-price 200 in 915ms (next.js: 85ms, application-code: 830ms)
 GET /api/stocks/TSLA/extended-hours?exchange=NASDAQ&country=US&close=354.08 200 in 1541ms (next.js: 114ms, application-code: 1426ms)
 GET /api/stocks/TSLA/extended-hours?exchange=NASDAQ&country=US&close=354.08 200 in 1545ms (next.js: 35ms, application-code: 1510ms)
 GET /api/stocks/TSLA/target-price 200 in 855ms (next.js: 31ms, application-code: 823ms)
 GET /api/stocks/TSLA/earnings?preview=1 200 in 2.3s (next.js: 4ms, application-code: 2.3s)
 GET /api/stocks/TSLA/earnings 200 in 2.2s (next.js: 1114µs, application-code: 2.2s)
 GET /stock/TSLA?tab=earnings 200 in 2.7s (next.js: 6ms, proxy.ts: 6ms, application-code: 2.7s)
[eodhd intraday] raw provider row sample {
  sym: 'TSLA.US',
  interval: '1m',
  rowCount: 391,
  firstRow: {
    timestamp: 1788528600,
    gmtoffset: 0,
    datetime: '2026-09-04 13:30:00',
    open: 362.07,
    high: 364.68,
    low: 360.76,
    close: 363.5948,
    volume: 1338929
  }
}
[eodhd intraday] raw provider row sample {
  sym: 'TSLA.US',
  interval: '1m',
  rowCount: 391,
  firstRow: {
    timestamp: 1788528600,
    gmtoffset: 0,
    datetime: '2026-09-04 13:30:00',
    open: 362.07,
    high: 364.68,
    low: 360.76,
    close: 363.5948,
    volume: 1338929
  }
}
[live-price] TSLA {
  price: 353.607,
  quotedAtSec: 1788552000,
  previousClose: null,
  session: 'pre'
}
[eodhd intraday] raw provider row sample {
  sym: 'TSLA.US',
  interval: '1m',
  rowCount: 391,
  firstRow: {
    timestamp: 1788528600,
    gmtoffset: 0,
    datetime: '2026-09-04 13:30:00',
    open: 362.07,
    high: 364.68,
    low: 360.76,
    close: 363.5948,
    volume: 1338929
  }
}
 GET /api/stocks/TSLA/chart?range=1D&series=price 200 in 701ms (next.js: 8ms, application-code: 694ms)
 GET /api/stocks/TSLA/live-price 200 in 684ms (next.js: 3ms, application-code: 681ms)
 GET /api/stocks/TSLA/chart?range=1D&series=price 200 in 705ms (next.js: 4ms, application-code: 701ms)
 GET /api/ir-pdf?u=https%3A%2F%2Fpjwzvqvrqqvjgwuouoxy.supabase.co%2Fstorage%2Fv1%2Fobject%2Fpublic%2Fearnings-ir-docs%2FTSLA%2F2026-06-30%2Fslides.pdf 200 in 4.5s (next.js: 27ms, application-code: 4.4s)
 GET /api/notifications?count=1 200 in 112ms (next.js: 1663µs, application-code: 110ms)
 GET /api/stocks/TSLA/extended-hours?exchange=NASDAQ&country=US&close=354.08 200 in 2.0s (next.js: 4ms, application-code: 2.0s)
[eodhd intraday] raw provider row sample {
  sym: 'TSLA.US',
  interval: '1m',
  rowCount: 391,
  firstRow: {
    timestamp: 1788528600,
    gmtoffset: 0,
    datetime: '2026-09-04 13:30:00',
    open: 362.07,
    high: 364.68,
    low: 360.76,
    close: 363.5948,
    volume: 1338929
  }
}
[live-price] TSLA {
  price: 353.607,
  quotedAtSec: 1788552000,
  previousClose: null,
  session: 'pre'
}
 GET /api/stocks/TSLA/live-price 200 in 486ms (next.js: 17ms, application-code: 468ms)
 GET /api/stocks/TSLA/extended-hours?exchange=NASDAQ&country=US&close=354.08 200 in 2.0s (next.js: 5ms, application-code: 2.0s)
[eodhd intraday] raw provider row sample {
  sym: 'TSLA.US',
  interval: '1m',
  rowCount: 391,
  firstRow: {
    timestamp: 1788528600,
    gmtoffset: 0,
    datetime: '2026-09-04 13:30:00',
    open: 362.07,
    high: 364.68,
    low: 360.76,
    close: 363.5948,
    volume: 1338929
  }
}
[live-price] TSLA {
  price: 353.607,
  quotedAtSec: 1788552000,
  previousClose: null,
  session: 'pre'
}
 GET /api/stocks/TSLA/live-price 200 in 496ms (next.js: 6ms, application-code: 490ms)
 GET /api/stocks/TSLA/extended-hours?exchange=NASDAQ&country=US&close=354.08 200 in 2.0s (next.js: 6ms, application-code: 2.0s)
[eodhd intraday] raw provider row sample {
  sym: 'TSLA.US',
  interval: '1m',
  rowCount: 391,
  firstRow: {
    timestamp: 1788528600,
    gmtoffset: 0,
    datetime: '2026-09-04 13:30:00',
    open: 362.07,
    high: 364.68,
    low: 360.76,
    close: 363.5948,
    volume: 1338929
  }
}
[live-price] TSLA {
  price: 353.607,
  quotedAtSec: 1788552000,
  previousClose: null,
  session: 'pre'
}
 GET /api/stocks/TSLA/live-price 200 in 438ms (next.js: 6ms, application-code: 432ms)
 GET /api/notifications?count=1 200 in 106ms (next.js: 2ms, application-code: 103ms)
 GET /api/stocks/TSLA/extended-hours?exchange=NASDAQ&country=US&close=354.08 200 in 2.1s (next.js: 4ms, application-code: 2.1s)
[eodhd intraday] raw provider row sample {
  sym: 'TSLA.US',
  interval: '1m',
  rowCount: 391,
  firstRow: {
    timestamp: 1788528600,
    gmtoffset: 0,
    datetime: '2026-09-04 13:30:00',
    open: 362.07,
    high: 364.68,
    low: 360.76,
    close: 363.5948,
    volume: 1338929
  }
}
[live-price] TSLA {
  price: 353.607,
  quotedAtSec: 1788552000,
  previousClose: null,
  session: 'pre'
}
 GET /api/stocks/TSLA/live-price 200 in 482ms (next.js: 4ms, application-code: 478ms)
 GET /api/notifications?count=1 200 in 96ms (next.js: 3ms, application-code: 93ms)
 GET /api/stocks/TSLA/extended-hours?exchange=NASDAQ&country=US&close=354.08 200 in 1990ms (next.js: 5ms, application-code: 1985ms)
[eodhd intraday] raw provider row sample {
  sym: 'TSLA.US',
  interval: '1m',
  rowCount: 391,
  firstRow: {
    timestamp: 1788528600,
    gmtoffset: 0,
    datetime: '2026-09-04 13:30:00',
    open: 362.07,
    high: 364.68,
    low: 360.76,
    close: 363.5948,
    volume: 1338929
  }
}
[live-price] TSLA {
  price: 353.607,
  quotedAtSec: 1788552000,
  previousClose: null,
  session: 'pre'
}
 GET /api/stocks/TSLA/live-price 200 in 493ms (next.js: 5ms, application-code: 489ms)
 GET /api/stocks/TSLA/extended-hours?exchange=NASDAQ&country=US&close=354.08 200 in 1990ms (next.js: 4ms, application-code: 1986ms)
[eodhd intraday] raw provider row sample {
  sym: 'TSLA.US',
  interval: '1m',
  rowCount: 391,
  firstRow: {
    timestamp: 1788528600,
    gmtoffset: 0,
    datetime: '2026-09-04 13:30:00',
    open: 362.07,
    high: 364.68,
    low: 360.76,
    close: 363.5948,
    volume: 1338929
  }
}
[live-price] TSLA {
  price: 353.607,
  quotedAtSec: 1788552000,
  previousClose: null,
  session: 'pre'
}
 GET /api/stocks/TSLA/live-price 200 in 554ms (next.js: 4ms, application-code: 550ms)
 GET /api/stocks/TSLA/extended-hours?exchange=NASDAQ&country=US&close=354.08 200 in 1928ms (next.js: 4ms, application-code: 1925ms)
[eodhd intraday] raw provider row sample {
  sym: 'TSLA.US',
  interval: '1m',
  rowCount: 391,
  firstRow: {
    timestamp: 1788528600,
    gmtoffset: 0,
    datetime: '2026-09-04 13:30:00',
    open: 362.07,
    high: 364.68,
    low: 360.76,
    close: 363.5948,
    volume: 1338929
  }
}
[live-price] TSLA {
  price: 353.607,
  quotedAtSec: 1788552000,
  previousClose: null,
  session: 'pre'
}
 GET /api/stocks/TSLA/live-price 200 in 498ms (next.js: 4ms, application-code: 494ms)
 GET /api/notifications?count=1 200 in 130ms (next.js: 3ms, application-code: 127ms)
 GET /api/stocks/TSLA/extended-hours?exchange=NASDAQ&country=US&close=354.08 200 in 1974ms (next.js: 6ms, application-code: 1968ms)
[eodhd intraday] raw provider row sample {
  sym: 'TSLA.US',
  interval: '1m',
  rowCount: 391,
  firstRow: {
    timestamp: 1788528600,
    gmtoffset: 0,
    datetime: '2026-09-04 13:30:00',
    open: 362.07,
    high: 364.68,
    low: 360.76,
    close: 363.5948,
    volume: 1338929
  }
}
[live-price] TSLA {
  price: 353.607,
  quotedAtSec: 1788552000,
  previousClose: null,
  session: 'pre'
}
 GET /api/stocks/TSLA/live-price 200 in 441ms (next.js: 4ms, application-code: 438ms)
 GET /api/notifications?count=1 200 in 127ms (next.js: 9ms, application-code: 118ms)
 GET /api/stocks/TSLA/extended-hours?exchange=NASDAQ&country=US&close=354.08 200 in 2.2s (next.js: 4ms, application-code: 2.2s)
[eodhd intraday] raw provider row sample {
  sym: 'TSLA.US',
  interval: '1m',
  rowCount: 391,
  firstRow: {
    timestamp: 1788528600,
    gmtoffset: 0,
    datetime: '2026-09-04 13:30:00',
    open: 362.07,
    high: 364.68,
    low: 360.76,
    close: 363.5948,
    volume: 1338929
  }
}
[live-price] TSLA {
  price: 353.607,
  quotedAtSec: 1788552000,
  previousClose: null,
  session: 'pre'
}
 GET /api/stocks/TSLA/live-price 200 in 585ms (next.js: 10ms, application-code: 575ms)
 GET /api/stocks/TSLA/extended-hours?exchange=NASDAQ&country=US&close=354.08 200 in 2.0s (next.js: 3ms, application-code: 2.0s)
[eodhd intraday] raw provider row sample {
  sym: 'TSLA.US',
  interval: '1m',
  rowCount: 391,
  firstRow: {
    timestamp: 1788528600,
    gmtoffset: 0,
    datetime: '2026-09-04 13:30:00',
    open: 362.07,
    high: 364.68,
    low: 360.76,
    close: 363.5948,
    volume: 1338929
  }
}
[live-price] TSLA {
  price: 353.607,
  quotedAtSec: 1788552000,
  previousClose: null,
  session: 'pre'
}
 GET /api/stocks/TSLA/live-price 200 in 527ms (next.js: 5ms, application-code: 522ms)
 GET /api/stocks/TSLA/extended-hours?exchange=NASDAQ&country=US&close=354.08 200 in 1992ms (next.js: 5ms, application-code: 1986ms)
[eodhd intraday] raw provider row sample {
  sym: 'TSLA.US',
  interval: '1m',
  rowCount: 391,
  firstRow: {
    timestamp: 1788528600,
    gmtoffset: 0,
    datetime: '2026-09-04 13:30:00',
    open: 362.07,
    high: 364.68,
    low: 360.76,
    close: 363.5948,
    volume: 1338929
  }
}
[live-price] TSLA {
  price: 353.607,
  quotedAtSec: 1788552000,
  previousClose: null,
  session: 'pre'
}
 GET /api/stocks/TSLA/live-price 200 in 509ms (next.js: 4ms, application-code: 506ms)
 GET /api/notifications?count=1 200 in 113ms (next.js: 8ms, application-code: 104ms)
 GET /api/stocks/TSLA/extended-hours?exchange=NASDAQ&country=US&close=354.08 200 in 1974ms (next.js: 5ms, application-code: 1969ms)
[eodhd intraday] raw provider row sample {
  sym: 'TSLA.US',
  interval: '1m',
  rowCount: 391,
  firstRow: {
    timestamp: 1788528600,
    gmtoffset: 0,
    datetime: '2026-09-04 13:30:00',
    open: 362.07,
    high: 364.68,
    low: 360.76,
    close: 363.5948,
    volume: 1338929
  }
}
[live-price] TSLA {
  price: 353.607,
  quotedAtSec: 1788552000,
  previousClose: null,
  session: 'pre'
}
 GET /api/stocks/TSLA/live-price 200 in 453ms (next.js: 4ms, application-code: 449ms)
 GET /api/notifications?count=1 200 in 370ms (next.js: 3ms, application-code: 366ms)
 GET /api/stocks/TSLA/extended-hours?exchange=NASDAQ&country=US&close=354.08 200 in 1945ms (next.js: 4ms, application-code: 1941ms)
[eodhd intraday] raw provider row sample {
  sym: 'TSLA.US',
  interval: '1m',
  rowCount: 391,
  firstRow: {
    timestamp: 1788528600,
    gmtoffset: 0,
    datetime: '2026-09-04 13:30:00',
    open: 362.07,
    high: 364.68,
    low: 360.76,
    close: 363.5948,
    volume: 1338929
  }
}
[live-price] TSLA {
  price: 353.607,
  quotedAtSec: 1788552000,
  previousClose: null,
  session: 'pre'
}
 GET /api/stocks/TSLA/live-price 200 in 566ms (next.js: 3ms, application-code: 562ms)
 GET /api/stocks/TSLA/extended-hours?exchange=NASDAQ&country=US&close=354.08 200 in 1967ms (next.js: 4ms, application-code: 1963ms)
[eodhd intraday] raw provider row sample {
  sym: 'TSLA.US',
  interval: '1m',
  rowCount: 391,
  firstRow: {
    timestamp: 1788528600,
    gmtoffset: 0,
    datetime: '2026-09-04 13:30:00',
    open: 362.07,
    high: 364.68,
    low: 360.76,
    close: 363.5948,
    volume: 1338929
  }
}
[live-price] TSLA {
  price: 353.607,
  quotedAtSec: 1788552000,
  previousClose: null,
  session: 'pre'
}
 GET /api/stocks/TSLA/live-price 200 in 444ms (next.js: 7ms, application-code: 437ms)
 GET /api/stocks/TSLA/extended-hours?exchange=NASDAQ&country=US&close=354.08 200 in 1976ms (next.js: 3ms, application-code: 1973ms)
[eodhd intraday] raw provider row sample {
  sym: 'TSLA.US',
  interval: '1m',
  rowCount: 391,
  firstRow: {
    timestamp: 1788528600,
    gmtoffset: 0,
    datetime: '2026-09-04 13:30:00',
    open: 362.07,
    high: 364.68,
    low: 360.76,
    close: 363.5948,
    volume: 1338929
  }
}
[live-price] TSLA {
  price: 353.607,
  quotedAtSec: 1788552000,
  previousClose: null,
  session: 'pre'
}
 GET /api/stocks/TSLA/live-price 200 in 467ms (next.js: 3ms, application-code: 464ms)
 GET /api/notifications?count=1 200 in 130ms (next.js: 1465µs, application-code: 129ms)
 GET /api/stocks/TSLA/extended-hours?exchange=NASDAQ&country=US&close=354.08 200 in 1945ms (next.js: 5ms, application-code: 1940ms)
[eodhd intraday] raw provider row sample {
  sym: 'TSLA.US',
  interval: '1m',
  rowCount: 391,
  firstRow: {
    timestamp: 1788528600,
    gmtoffset: 0,
    datetime: '2026-09-04 13:30:00',
    open: 362.07,
    high: 364.68,
    low: 360.76,
    close: 363.5948,
    volume: 1338929
  }
}
[live-price] TSLA {
  price: 353.607,
  quotedAtSec: 1788552000,
  previousClose: null,
  session: 'pre'
}
 GET /api/stocks/TSLA/live-price 200 in 448ms (next.js: 6ms, application-code: 442ms)
 GET /api/notifications?count=1 200 in 166ms (next.js: 16ms, application-code: 150ms)
 GET /api/stocks/TSLA/extended-hours?exchange=NASDAQ&country=US&close=354.08 200 in 1976ms (next.js: 10ms, application-code: 1965ms)
[eodhd intraday] raw provider row sample {
  sym: 'TSLA.US',
  interval: '1m',
  rowCount: 391,
  firstRow: {
    timestamp: 1788528600,
    gmtoffset: 0,
    datetime: '2026-09-04 13:30:00',
    open: 362.07,
    high: 364.68,
    low: 360.76,
    close: 363.5948,
    volume: 1338929
  }
}
[live-price] TSLA {
  price: 353.607,
  quotedAtSec: 1788552000,
  previousClose: null,
  session: 'pre'
}
 GET /api/stocks/TSLA/live-price 200 in 491ms (next.js: 4ms, application-code: 487ms)
 GET /api/stocks/TSLA/extended-hours?exchange=NASDAQ&country=US&close=354.08 200 in 2.0s (next.js: 4ms, application-code: 1998ms)
[eodhd intraday] raw provider row sample {
  sym: 'TSLA.US',
  interval: '1m',
  rowCount: 391,
  firstRow: {
    timestamp: 1788528600,
    gmtoffset: 0,
    datetime: '2026-09-04 13:30:00',
    open: 362.07,
    high: 364.68,
    low: 360.76,
    close: 363.5948,
    volume: 1338929
  }
}
[live-price] TSLA {
  price: 353.607,
  quotedAtSec: 1788552000,
  previousClose: null,
  session: 'pre'
}
 GET /api/stocks/TSLA/live-price 200 in 451ms (next.js: 3ms, application-code: 448ms)
 GET /api/stocks/TSLA/extended-hours?exchange=NASDAQ&country=US&close=354.08 200 in 2.1s (next.js: 6ms, application-code: 2.1s)
[eodhd intraday] raw provider row sample {
  sym: 'TSLA.US',
  interval: '1m',
  rowCount: 391,
  firstRow: {
    timestamp: 1788528600,
    gmtoffset: 0,
    datetime: '2026-09-04 13:30:00',
    open: 362.07,
    high: 364.68,
    low: 360.76,
    close: 363.5948,
    volume: 1338929
  }
}
[live-price] TSLA {
  price: 353.607,
  quotedAtSec: 1788552000,
  previousClose: null,
  session: 'pre'
}
 GET /api/stocks/TSLA/live-price 200 in 565ms (next.js: 3ms, application-code: 562ms)
 GET /api/notifications?count=1 200 in 113ms (next.js: 1872µs, application-code: 111ms)
 GET /api/stocks/TSLA/extended-hours?exchange=NASDAQ&country=US&close=354.08 200 in 2.1s (next.js: 4ms, application-code: 2.1s)
[eodhd intraday] raw provider row sample {
  sym: 'TSLA.US',
  interval: '1m',
  rowCount: 391,
  firstRow: {
    timestamp: 1788528600,
    gmtoffset: 0,
    datetime: '2026-09-04 13:30:00',
    open: 362.07,
    high: 364.68,
    low: 360.76,
    close: 363.5948,
    volume: 1338929
  }
}
[live-price] TSLA {
  price: 353.607,
  quotedAtSec: 1788552000,
  previousClose: null,
  session: 'pre'
}
 GET /api/stocks/TSLA/live-price 200 in 555ms (next.js: 4ms, application-code: 552ms)
 GET /api/notifications?count=1 200 in 113ms (next.js: 1717µs, application-code: 112ms)
 GET /api/stocks/TSLA/extended-hours?exchange=NASDAQ&country=US&close=354.08 200 in 2.8s (next.js: 5ms, application-code: 2.8s)
[eodhd intraday] raw provider row sample {
  sym: 'TSLA.US',
  interval: '1m',
  rowCount: 391,
  firstRow: {
    timestamp: 1788528600,
    gmtoffset: 0,
    datetime: '2026-09-04 13:30:00',
    open: 362.07,
    high: 364.68,
    low: 360.76,
    close: 363.5948,
    volume: 1338929
  }
}
[live-price] TSLA {
  price: 353.607,
  quotedAtSec: 1788552000,
  previousClose: null,
  session: 'pre'
}
 GET /api/stocks/TSLA/live-price 200 in 538ms (next.js: 17ms, application-code: 521ms)
 GET /api/stocks/TSLA/extended-hours?exchange=NASDAQ&country=US&close=354.08 200 in 1944ms (next.js: 4ms, application-code: 1940ms)
[eodhd intraday] raw provider row sample {
  sym: 'TSLA.US',
  interval: '1m',
  rowCount: 391,
  firstRow: {
    timestamp: 1788528600,
    gmtoffset: 0,
    datetime: '2026-09-04 13:30:00',
    open: 362.07,
    high: 364.68,
    low: 360.76,
    close: 363.5948,
    volume: 1338929
  }
}
[live-price] TSLA {
  price: 353.607,
  quotedAtSec: 1788552000,
  previousClose: null,
  session: 'pre'
}
 GET /api/stocks/TSLA/live-price 200 in 472ms (next.js: 4ms, application-code: 468ms)
 GET /api/stocks/TSLA/extended-hours?exchange=NASDAQ&country=US&close=354.08 200 in 1958ms (next.js: 11ms, application-code: 1946ms)
[eodhd intraday] raw provider row sample {
  sym: 'TSLA.US',
  interval: '1m',
  rowCount: 391,
  firstRow: {
    timestamp: 1788528600,
    gmtoffset: 0,
    datetime: '2026-09-04 13:30:00',
    open: 362.07,
    high: 364.68,
    low: 360.76,
    close: 363.5948,
    volume: 1338929
  }
}
[live-price] TSLA {
  price: 353.607,
  quotedAtSec: 1788552000,
  previousClose: null,
  session: 'pre'
}
 GET /api/stocks/TSLA/live-price 200 in 465ms (next.js: 11ms, application-code: 453ms)
 GET /api/notifications?count=1 200 in 148ms (next.js: 3ms, application-code: 145ms)
 GET /api/stocks/TSLA/extended-hours?exchange=NASDAQ&country=US&close=354.08 200 in 2.0s (next.js: 4ms, application-code: 1997ms)
[eodhd intraday] raw provider row sample {
  sym: 'TSLA.US',
  interval: '1m',
  rowCount: 391,
  firstRow: {
    timestamp: 1788528600,
    gmtoffset: 0,
    datetime: '2026-09-04 13:30:00',
    open: 362.07,
    high: 364.68,
    low: 360.76,
    close: 363.5948,
    volume: 1338929
  }
}
[live-price] TSLA {
  price: 353.607,
  quotedAtSec: 1788552000,
  previousClose: null,
  session: 'pre'
}
 GET /api/stocks/TSLA/live-price 200 in 526ms (next.js: 6ms, application-code: 520ms)
 GET /api/notifications?count=1 200 in 137ms (next.js: 1745µs, application-code: 135ms)
 GET /api/stocks/TSLA/extended-hours?exchange=NASDAQ&country=US&close=354.08 200 in 1962ms (next.js: 4ms, application-code: 1958ms)
[eodhd intraday] raw provider row sample {
  sym: 'TSLA.US',
  interval: '1m',
  rowCount: 391,
  firstRow: {
    timestamp: 1788528600,
    gmtoffset: 0,
    datetime: '2026-09-04 13:30:00',
    open: 362.07,
    high: 364.68,
    low: 360.76,
    close: 363.5948,
    volume: 1338929
  }
}
[live-price] TSLA {
  price: 353.607,
  quotedAtSec: 1788552000,
  previousClose: null,
  session: 'pre'
}
 GET /api/stocks/TSLA/live-price 200 in 450ms (next.js: 4ms, application-code: 446ms)
 GET /api/stocks/TSLA/extended-hours?exchange=NASDAQ&country=US&close=354.08 200 in 1971ms (next.js: 7ms, application-code: 1964ms)
[eodhd intraday] raw provider row sample {
  sym: 'TSLA.US',
  interval: '1m',
  rowCount: 391,
  firstRow: {
    timestamp: 1788528600,
    gmtoffset: 0,
    datetime: '2026-09-04 13:30:00',
    open: 362.07,
    high: 364.68,
    low: 360.76,
    close: 363.5948,
    volume: 1338929
  }
}
[live-price] TSLA {
  price: 353.607,
  quotedAtSec: 1788552000,
  previousClose: null,
  session: 'pre'
}
 GET /api/stocks/TSLA/live-price 200 in 471ms (next.js: 3ms, application-code: 468ms)
 GET /api/stocks/TSLA/extended-hours?exchange=NASDAQ&country=US&close=354.08 200 in 1965ms (next.js: 12ms, application-code: 1953ms)
[eodhd intraday] raw provider row sample {
  sym: 'TSLA.US',
  interval: '1m',
  rowCount: 391,
  firstRow: {
    timestamp: 1788528600,
    gmtoffset: 0,
    datetime: '2026-09-04 13:30:00',
    open: 362.07,
    high: 364.68,
    low: 360.76,
    close: 363.5948,
    volume: 1338929
  }
}
[live-price] TSLA {
  price: 353.607,
  quotedAtSec: 1788552000,
  previousClose: null,
  session: 'pre'
}
 GET /api/stocks/TSLA/live-price 200 in 440ms (next.js: 5ms, application-code: 435ms)
 GET /api/notifications?count=1 200 in 366ms (next.js: 22ms, application-code: 344ms)
 GET /api/stocks/TSLA/extended-hours?exchange=NASDAQ&country=US&close=354.08 200 in 2.0s (next.js: 9ms, application-code: 2.0s)
[eodhd intraday] raw provider row sample {
  sym: 'TSLA.US',
  interval: '1m',
  rowCount: 391,
  firstRow: {
    timestamp: 1788528600,
    gmtoffset: 0,
    datetime: '2026-09-04 13:30:00',
    open: 362.07,
    high: 364.68,
    low: 360.76,
    close: 363.5948,
    volume: 1338929
  }
}
[live-price] TSLA {
  price: 353.607,
  quotedAtSec: 1788552000,
  previousClose: null,
  session: 'pre'
}
 GET /api/stocks/TSLA/live-price 200 in 462ms (next.js: 7ms, application-code: 455ms)
 GET /api/notifications?count=1 200 in 149ms (next.js: 13ms, application-code: 136ms)
 GET /api/stocks/TSLA/extended-hours?exchange=NASDAQ&country=US&close=354.08 200 in 1996ms (next.js: 9ms, application-code: 1986ms)
[eodhd intraday] raw provider row sample {
  sym: 'TSLA.US',
  interval: '1m',
  rowCount: 391,
  firstRow: {
    timestamp: 1788528600,
    gmtoffset: 0,
    datetime: '2026-09-04 13:30:00',
    open: 362.07,
    high: 364.68,
    low: 360.76,
    close: 363.5948,
    volume: 1338929
  }
}
[live-price] TSLA {
  price: 353.607,
  quotedAtSec: 1788552000,
  previousClose: null,
  session: 'pre'
}
 GET /api/stocks/TSLA/live-price 200 in 466ms (next.js: 4ms, application-code: 462ms)
 GET /api/stocks/TSLA/extended-hours?exchange=NASDAQ&country=US&close=354.08 200 in 2.0s (next.js: 3ms, application-code: 2.0s)
[eodhd intraday] raw provider row sample {
  sym: 'TSLA.US',
  interval: '1m',
  rowCount: 391,
  firstRow: {
    timestamp: 1788528600,
    gmtoffset: 0,
    datetime: '2026-09-04 13:30:00',
    open: 362.07,
    high: 364.68,
    low: 360.76,
    close: 363.5948,
    volume: 1338929
  }
}
[live-price] TSLA {
  price: 353.607,
  quotedAtSec: 1788552000,
  previousClose: null,
  session: 'pre'
}
 GET /api/stocks/TSLA/live-price 200 in 464ms (next.js: 4ms, application-code: 460ms)
 GET /api/stocks/TSLA/extended-hours?exchange=NASDAQ&country=US&close=354.08 200 in 1988ms (next.js: 4ms, application-code: 1984ms)
[eodhd intraday] raw provider row sample {
  sym: 'TSLA.US',
  interval: '1m',
  rowCount: 391,
  firstRow: {
    timestamp: 1788528600,
    gmtoffset: 0,
    datetime: '2026-09-04 13:30:00',
    open: 362.07,
    high: 364.68,
    low: 360.76,
    close: 363.5948,
    volume: 1338929
  }
}
[live-price] TSLA {
  price: 353.607,
  quotedAtSec: 1788552000,
  previousClose: null,
  session: 'pre'
}
 GET /api/stocks/TSLA/live-price 200 in 444ms (next.js: 4ms, application-code: 440ms)
 GET /api/notifications?count=1 200 in 115ms (next.js: 1848µs, application-code: 113ms)
 GET /api/stocks/TSLA/extended-hours?exchange=NASDAQ&country=US&close=354.08 200 in 2.0s (next.js: 6ms, application-code: 2.0s)
[eodhd intraday] raw provider row sample {
  sym: 'TSLA.US',
  interval: '1m',
  rowCount: 391,
  firstRow: {
    timestamp: 1788528600,
    gmtoffset: 0,
    datetime: '2026-09-04 13:30:00',
    open: 362.07,
    high: 364.68,
    low: 360.76,
    close: 363.5948,
    volume: 1338929
  }
}
[live-price] TSLA {
  price: 353.607,
  quotedAtSec: 1788552000,
  previousClose: null,
  session: 'pre'
}
 GET /api/stocks/TSLA/live-price 200 in 447ms (next.js: 4ms, application-code: 443ms)
 GET /api/notifications?count=1 200 in 128ms (next.js: 4ms, application-code: 124ms)
 GET /api/stocks/TSLA/extended-hours?exchange=NASDAQ&country=US&close=354.08 200 in 1975ms (next.js: 4ms, application-code: 1971ms)
[eodhd intraday] raw provider row sample {
  sym: 'TSLA.US',
  interval: '1m',
  rowCount: 391,
  firstRow: {
    timestamp: 1788528600,
    gmtoffset: 0,
    datetime: '2026-09-04 13:30:00',
    open: 362.07,
    high: 364.68,
    low: 360.76,
    close: 363.5948,
    volume: 1338929
  }
}
[live-price] TSLA {
  price: 353.607,
  quotedAtSec: 1788552000,
  previousClose: null,
  session: 'pre'
}
 GET /api/stocks/TSLA/live-price 200 in 437ms (next.js: 6ms, application-code: 431ms)
 GET /api/stocks/TSLA/extended-hours?exchange=NASDAQ&country=US&close=354.08 200 in 1936ms (next.js: 3ms, application-code: 1932ms)
[eodhd intraday] raw provider row sample {
  sym: 'TSLA.US',
  interval: '1m',
  rowCount: 391,
  firstRow: {
    timestamp: 1788528600,
    gmtoffset: 0,
    datetime: '2026-09-04 13:30:00',
    open: 362.07,
    high: 364.68,
    low: 360.76,
    close: 363.5948,
    volume: 1338929
  }
}
[live-price] TSLA {
  price: 353.607,
  quotedAtSec: 1788552000,
  previousClose: null,
  session: 'pre'
}
 GET /api/stocks/TSLA/live-price 200 in 457ms (next.js: 3ms, application-code: 454ms)
 GET /api/stocks/TSLA/extended-hours?exchange=NASDAQ&country=US&close=354.08 200 in 1978ms (next.js: 4ms, application-code: 1974ms)
[eodhd intraday] raw provider row sample {
  sym: 'TSLA.US',
  interval: '1m',
  rowCount: 391,
  firstRow: {
    timestamp: 1788528600,
    gmtoffset: 0,
    datetime: '2026-09-04 13:30:00',
    open: 362.07,
    high: 364.68,
    low: 360.76,
    close: 363.5948,
    volume: 1338929
  }
}
[live-price] TSLA {
  price: 353.607,
  quotedAtSec: 1788552000,
  previousClose: null,
  session: 'pre'
}
 GET /api/stocks/TSLA/live-price 200 in 483ms (next.js: 26ms, application-code: 457ms)
 GET /api/notifications?count=1 200 in 157ms (next.js: 8ms, application-code: 149ms)
 GET /api/stocks/TSLA/extended-hours?exchange=NASDAQ&country=US&close=354.08 200 in 2.0s (next.js: 4ms, application-code: 2.0s)
[eodhd intraday] raw provider row sample {
  sym: 'TSLA.US',
  interval: '1m',
  rowCount: 391,
  firstRow: {
    timestamp: 1788528600,
    gmtoffset: 0,
    datetime: '2026-09-04 13:30:00',
    open: 362.07,
    high: 364.68,
    low: 360.76,
    close: 363.5948,
    volume: 1338929
  }
}
[live-price] TSLA {
  price: 353.607,
  quotedAtSec: 1788552000,
  previousClose: null,
  session: 'pre'
}
 GET /api/stocks/TSLA/live-price 200 in 422ms (next.js: 3ms, application-code: 419ms)
 GET /api/notifications?count=1 200 in 153ms (next.js: 3ms, application-code: 151ms)
 GET /api/stocks/TSLA/extended-hours?exchange=NASDAQ&country=US&close=354.08 200 in 1961ms (next.js: 4ms, application-code: 1957ms)
[eodhd intraday] raw provider row sample {
  sym: 'TSLA.US',
  interval: '1m',
  rowCount: 391,
  firstRow: {
    timestamp: 1788528600,
    gmtoffset: 0,
    datetime: '2026-09-04 13:30:00',
    open: 362.07,
    high: 364.68,
    low: 360.76,
    close: 363.5948,
    volume: 1338929
  }
}
[live-price] TSLA {
  price: 353.607,
  quotedAtSec: 1788552000,
  previousClose: null,
  session: 'pre'
}
 GET /api/stocks/TSLA/live-price 200 in 445ms (next.js: 9ms, application-code: 436ms)
 GET /api/stocks/TSLA/extended-hours?exchange=NASDAQ&country=US&close=354.08 200 in 1965ms (next.js: 4ms, application-code: 1961ms)
[eodhd intraday] raw provider row sample {
  sym: 'TSLA.US',
  interval: '1m',
  rowCount: 391,
  firstRow: {
    timestamp: 1788528600,
    gmtoffset: 0,
    datetime: '2026-09-04 13:30:00',
    open: 362.07,
    high: 364.68,
    low: 360.76,
    close: 363.5948,
    volume: 1338929
  }
}
[live-price] TSLA {
  price: 353.607,
  quotedAtSec: 1788552000,
  previousClose: null,
  session: 'pre'
}
 GET /api/stocks/TSLA/live-price 200 in 429ms (next.js: 3ms, application-code: 426ms)
 GET /api/stocks/TSLA/extended-hours?exchange=NASDAQ&country=US&close=354.08 200 in 1955ms (next.js: 5ms, application-code: 1950ms)
[eodhd intraday] raw provider row sample {
  sym: 'TSLA.US',
  interval: '1m',
  rowCount: 391,
  firstRow: {
    timestamp: 1788528600,
    gmtoffset: 0,
    datetime: '2026-09-04 13:30:00',
    open: 362.07,
    high: 364.68,
    low: 360.76,
    close: 363.5948,
    volume: 1338929
  }
}
[live-price] TSLA {
  price: 353.607,
  quotedAtSec: 1788552000,
  previousClose: null,
  session: 'pre'
}
 GET /api/stocks/TSLA/live-price 200 in 468ms (next.js: 7ms, application-code: 461ms)
 GET /api/notifications?count=1 200 in 110ms (next.js: 3ms, application-code: 107ms)
 GET /api/notifications?count=1 200 in 128ms (next.js: 7ms, application-code: 121ms)
✓ Compiled in 434ms
 GET /screener 200 in 851ms (next.js: 12ms, proxy.ts: 175ms, application-code: 664ms)
 GET /screener 200 in 542ms (next.js: 12ms, proxy.ts: 22ms, application-code: 507ms)
 GET /screener 200 in 441ms (next.js: 1981µs, proxy.ts: 17ms, application-code: 422ms)
 GET /screener 200 in 396ms (next.js: 3ms, proxy.ts: 9ms, application-code: 384ms)
 GET /screener 200 in 305ms (next.js: 11ms, proxy.ts: 8ms, application-code: 285ms)
 GET /screener 200 in 410ms (next.js: 1944µs, proxy.ts: 11ms, application-code: 396ms)
 GET /api/notifications?count=1 200 in 193ms (next.js: 10ms, application-code: 183ms)
 GET /api/notifications?count=1 200 in 109ms (next.js: 5ms, application-code: 104ms)
 GET /api/notifications?count=1 200 in 119ms (next.js: 2ms, application-code: 116ms)
 GET /api/notifications?count=1 200 in 165ms (next.js: 7ms, application-code: 158ms)
 GET /api/notifications?count=1 200 in 321ms (next.js: 3ms, application-code: 318ms)
 GET /api/notifications?count=1 200 in 235ms (next.js: 7ms, application-code: 229ms)
 GET /api/notifications?count=1 200 in 127ms (next.js: 8ms, application-code: 119ms)
 GET /api/notifications?count=1 200 in 178ms (next.js: 18ms, application-code: 160ms)
✓ Compiled in 140ms
 GET /screener 200 in 109ms (next.js: 9ms, proxy.ts: 16ms, application-code: 84ms)
✓ Compiled in 82ms
 GET /screener 200 in 63ms (next.js: 4ms, proxy.ts: 18ms, application-code: 41ms)
 GET /api/notifications?count=1 200 in 128ms (next.js: 7ms, application-code: 121ms)
 GET /screener 200 in 1302ms (next.js: 11ms, proxy.ts: 32ms, application-code: 1259ms)
 GET /api/notifications?count=1 200 in 278ms (next.js: 57ms, application-code: 221ms)
 GET /api/account/billing/summary 200 in 285ms (next.js: 52ms, application-code: 233ms)
 GET /api/account/plan 200 in 484ms (next.js: 125ms, application-code: 359ms)
 GET /api/portfolio/workspace 200 in 550ms (next.js: 87ms, application-code: 463ms)
 GET /api/search/recent 200 in 119ms (next.js: 3ms, application-code: 116ms)
 GET /api/superinvestor-follows 200 in 101ms (next.js: 29ms, application-code: 72ms)
 GET /api/search/recent 200 in 80ms (next.js: 1207µs, application-code: 79ms)
 GET /api/watchlist 200 in 226ms (next.js: 1477µs, application-code: 224ms)
 GET /api/watchlist 200 in 152ms (next.js: 1890µs, application-code: 151ms)
 PUT /api/portfolio/workspace 200 in 231ms (next.js: 1343µs, application-code: 230ms)
 POST /api/portfolio/stock-splits 200 in 1066ms (next.js: 88ms, application-code: 978ms)
 POST /api/portfolio/stock-splits 200 in 1375ms (next.js: 81ms, application-code: 1294ms)
 POST /api/portfolio/live-quotes 200 in 1429ms (next.js: 3ms, application-code: 1427ms)
 POST /api/portfolio/live-quotes 200 in 2.3s (next.js: 88ms, application-code: 2.2s)
 PUT /api/portfolio/workspace 200 in 264ms (next.js: 3ms, application-code: 261ms)
 GET /portfolio 200 in 48ms (next.js: 22ms, proxy.ts: 8ms, application-code: 18ms)
 POST /api/portfolio/live-quotes 200 in 1811ms (next.js: 1230µs, application-code: 1809ms)
 POST /api/portfolio/live-quotes 200 in 3.3s (next.js: 1770µs, application-code: 3.3s)
 PUT /api/portfolio/workspace 200 in 442ms (next.js: 1531µs, application-code: 441ms)
 POST /api/portfolio/benchmark-compare 200 in 293ms (next.js: 5ms, application-code: 288ms)
 POST /api/portfolio/benchmark-compare 200 in 532ms (next.js: 172ms, application-code: 360ms)
 PUT /api/portfolio/workspace 200 in 211ms (next.js: 950µs, application-code: 210ms)
 POST /api/portfolio/overview-market 200 in 1272ms (next.js: 91ms, application-code: 1180ms)
 POST /api/portfolio/live-quotes 200 in 2.9s (next.js: 183ms, application-code: 2.7s)
 POST /api/portfolio/benchmark-compare 200 in 317ms (next.js: 1028µs, application-code: 316ms)
 POST /api/portfolio/benchmark-compare 200 in 331ms (next.js: 4ms, application-code: 327ms)
 PUT /api/portfolio/workspace 200 in 246ms (next.js: 1375µs, application-code: 244ms)
[eodhd intraday] raw provider row sample {
  sym: 'AAPL.US',
  interval: '5m',
  rowCount: 711,
  firstRow: {
    timestamp: 1787664600,
    gmtoffset: 0,
    datetime: '2026-08-25 13:30:00',
    open: 310.934997,
    high: 313.579986,
    low: 310.75,
    close: 311.260009,
    volume: 1648735
  }
}
 POST /api/portfolio/value-history 200 in 830ms (next.js: 93ms, application-code: 737ms)
 POST /api/portfolio/benchmark-compare 200 in 342ms (next.js: 1268µs, application-code: 341ms)
 GET /api/notifications?count=1 200 in 129ms (next.js: 8ms, application-code: 122ms)
 GET /api/notifications?count=1 200 in 156ms (next.js: 9ms, application-code: 146ms)
 GET /api/notifications?count=1 200 in 213ms (next.js: 10ms, application-code: 202ms)
 GET /api/notifications?count=1 200 in 121ms (next.js: 2ms, application-code: 118ms)
 GET /api/notifications?count=1 200 in 130ms (next.js: 14ms, application-code: 116ms)
 GET /api/notifications?count=1 200 in 115ms (next.js: 5ms, application-code: 111ms)
 GET /api/notifications?count=1 200 in 149ms (next.js: 4ms, application-code: 144ms)
 GET /api/notifications?count=1 200 in 134ms (next.js: 1871µs, application-code: 132ms)
 GET /api/notifications?count=1 200 in 132ms (next.js: 4ms, application-code: 128ms)
 GET /api/notifications?count=1 200 in 153ms (next.js: 12ms, application-code: 141ms)
 GET /api/notifications?count=1 200 in 156ms (next.js: 8ms, application-code: 148ms)
 GET /api/notifications?count=1 200 in 119ms (next.js: 3ms, application-code: 116ms)
 GET /api/notifications?count=1 200 in 166ms (next.js: 8ms, application-code: 158ms)
 GET /api/notifications?count=1 200 in 373ms (next.js: 13ms, application-code: 360ms)
✓ Compiled in 1026ms
 GET /api/portfolio/workspace 200 in 134ms (next.js: 17ms, application-code: 117ms)
 GET /api/portfolio/workspace 200 in 362ms (next.js: 17ms, application-code: 344ms)
[portfolio/workspace PUT] ledger warnings {
  userId: '52373158-0eff-48de-80ba-f9206ee0e52a',
  warnings: [
    {
      code: 'SELL_WITHOUT_POSITION',
      portfolioId: '6667854d-3cea-49f6-9aac-8a7340c82cb8',
      transactionId: '484eefe6-d749-45bf-9f2d-4a9006a26b62',
      message: 'Sell of AAL with no open position.',
      legacy: true
    },
    {
      code: 'SELL_WITHOUT_POSITION',
      portfolioId: '6667854d-3cea-49f6-9aac-8a7340c82cb8',
      transactionId: '6d6780cf-80b2-4b0d-a3ef-a5b13da610d6',
      message: 'Sell of WISH with no open position.',
      legacy: true
    },
    {
      code: 'SELL_WITHOUT_POSITION',
      portfolioId: '6667854d-3cea-49f6-9aac-8a7340c82cb8',
      transactionId: 'b3c3668a-1730-4300-bd49-255067fbb9c4',
      message: 'Sell of NNOX with no open position.',
      legacy: true
    },
    {
      code: 'SELL_EXCEEDS_AVAILABLE_SHARES',
      portfolioId: '6667854d-3cea-49f6-9aac-8a7340c82cb8',
      transactionId: '4120dc1a-c777-45f4-b033-802dda8bf9e1',
      message: 'Sell 2.195119 PEP exceeds available 2.',
      legacy: true
    }
  ],
  migrateReport: {
    sequenceReports: {
      '6667854d-3cea-49f6-9aac-8a7340c82cb8': [Object],
      '27085251-e3e2-4829-81ee-14004843637d': [Object],
      '6e1c8d68-72f3-4160-9874-6473edd2f7eb': [Object],
      'd972d6f7-1f89-492b-81cf-aaf5fba709f5': [Object],
      '1c9764f9-9feb-462d-8cbe-a61ade8b293c': [Object],
      'a8524493-d06d-4997-9949-ab2bb8e7258b': [Object],
      'e1d517c3-21d5-45d0-8125-fbbb5dbd23f4': [Object]
    },
    legacyTaggedByPortfolio: {},
    changed: false
  }
}
 PUT /api/portfolio/workspace 200 in 268ms (next.js: 1358µs, application-code: 267ms)
 PUT /api/portfolio/workspace 200 in 343ms (next.js: 1137µs, application-code: 342ms)
 POST /api/portfolio/stock-splits 200 in 1382ms (next.js: 149ms, application-code: 1232ms)
 POST /api/portfolio/live-quotes 200 in 2.2s (next.js: 14ms, application-code: 2.2s)
[portfolio/workspace PUT] ledger warnings {
  userId: '52373158-0eff-48de-80ba-f9206ee0e52a',
  warnings: [
    {
      code: 'SELL_WITHOUT_POSITION',
      portfolioId: '6667854d-3cea-49f6-9aac-8a7340c82cb8',
      transactionId: '484eefe6-d749-45bf-9f2d-4a9006a26b62',
      message: 'Sell of AAL with no open position.',
      legacy: true
    },
    {
      code: 'SELL_WITHOUT_POSITION',
      portfolioId: '6667854d-3cea-49f6-9aac-8a7340c82cb8',
      transactionId: '6d6780cf-80b2-4b0d-a3ef-a5b13da610d6',
      message: 'Sell of WISH with no open position.',
      legacy: true
    },
    {
      code: 'SELL_WITHOUT_POSITION',
      portfolioId: '6667854d-3cea-49f6-9aac-8a7340c82cb8',
      transactionId: 'b3c3668a-1730-4300-bd49-255067fbb9c4',
      message: 'Sell of NNOX with no open position.',
      legacy: true
    },
    {
      code: 'SELL_EXCEEDS_AVAILABLE_SHARES',
      portfolioId: '6667854d-3cea-49f6-9aac-8a7340c82cb8',
      transactionId: '4120dc1a-c777-45f4-b033-802dda8bf9e1',
      message: 'Sell 2.195119 PEP exceeds available 2.',
      legacy: true
    }
  ],
  migrateReport: {
    sequenceReports: {
      '6667854d-3cea-49f6-9aac-8a7340c82cb8': [Object],
      '27085251-e3e2-4829-81ee-14004843637d': [Object],
      '6e1c8d68-72f3-4160-9874-6473edd2f7eb': [Object],
      'd972d6f7-1f89-492b-81cf-aaf5fba709f5': [Object],
      '1c9764f9-9feb-462d-8cbe-a61ade8b293c': [Object],
      'a8524493-d06d-4997-9949-ab2bb8e7258b': [Object],
      'e1d517c3-21d5-45d0-8125-fbbb5dbd23f4': [Object]
    },
    legacyTaggedByPortfolio: {},
    changed: false
  }
}
 PUT /api/portfolio/workspace 200 in 352ms (next.js: 1335µs, application-code: 351ms)
 POST /api/portfolio/live-quotes 200 in 3.2s (next.js: 155ms, application-code: 3.1s)
 POST /api/portfolio/live-quotes 200 in 3.3s (next.js: 9ms, application-code: 3.3s)
 POST /api/portfolio/benchmark-compare 200 in 398ms (next.js: 88ms, application-code: 311ms)
 POST /api/portfolio/benchmark-compare 200 in 533ms (next.js: 115ms, application-code: 418ms)
[eodhd intraday] raw provider row sample {
  sym: 'AAPL.US',
  interval: '5m',
  rowCount: 711,
  firstRow: {
    timestamp: 1787664600,
    gmtoffset: 0,
    datetime: '2026-08-25 13:30:00',
    open: 310.934997,
    high: 313.579986,
    low: 310.75,
    close: 311.260009,
    volume: 1648735
  }
}
 POST /api/portfolio/value-history 200 in 523ms (next.js: 81ms, application-code: 442ms)
 PUT /api/portfolio/workspace 200 in 311ms (next.js: 2ms, application-code: 309ms)
 POST /api/portfolio/overview-market 200 in 1144ms (next.js: 2ms, application-code: 1142ms)
 POST /api/portfolio/benchmark-compare 200 in 472ms (next.js: 1728µs, application-code: 470ms)
 POST /api/portfolio/live-quotes 200 in 2.3s (next.js: 1483µs, application-code: 2.3s)
 PUT /api/portfolios/listings 200 in 369ms (next.js: 77ms, application-code: 292ms)
 GET /api/notifications?count=1 200 in 143ms (next.js: 6ms, application-code: 137ms)
 GET /api/portfolio/workspace 200 in 154ms (next.js: 5ms, application-code: 149ms)
 GET /api/portfolio/workspace 200 in 278ms (next.js: 3ms, application-code: 275ms)
✓ Compiled in 956ms
 GET /api/account/billing/summary 200 in 160ms (next.js: 3ms, application-code: 157ms)
 GET /api/notifications?count=1 200 in 195ms (next.js: 10ms, application-code: 184ms)
 GET /api/portfolio/workspace 200 in 218ms (next.js: 12ms, application-code: 206ms)
 GET /api/notifications?count=1 200 in 335ms (next.js: 1908µs, application-code: 333ms)
 GET /api/search/recent 200 in 230ms (next.js: 6ms, application-code: 224ms)
 GET /api/superinvestor-follows 200 in 188ms (next.js: 5ms, application-code: 183ms)
 GET /api/search/recent 200 in 280ms (next.js: 1070µs, application-code: 279ms)
 GET /api/portfolio/workspace 200 in 400ms (next.js: 3ms, application-code: 397ms)
 GET /api/watchlist 200 in 317ms (next.js: 17ms, application-code: 300ms)
 PUT /api/portfolio/workspace 200 in 336ms (next.js: 5ms, application-code: 331ms)
 POST /api/portfolio/stock-splits 200 in 973ms (next.js: 5ms, application-code: 968ms)
 POST /api/portfolio/stock-splits 200 in 1300ms (next.js: 2ms, application-code: 1298ms)
 POST /api/portfolio/stock-splits 200 in 1244ms (next.js: 4ms, application-code: 1240ms)
 POST /api/portfolio/live-quotes 200 in 2.2s (next.js: 4ms, application-code: 2.1s)
 POST /api/portfolio/stock-splits 200 in 952ms (next.js: 1605µs, application-code: 951ms)
 POST /api/portfolio/benchmark-compare 200 in 793ms (next.js: 1732µs, application-code: 791ms)
 POST /api/portfolio/benchmark-compare 200 in 1053ms (next.js: 7ms, application-code: 1046ms)
 GET /api/search/recent 200 in 185ms (next.js: 1595µs, application-code: 184ms)
 GET /api/search/recent 200 in 186ms (next.js: 3ms, application-code: 183ms)
 GET /api/superinvestor-follows 200 in 176ms (next.js: 6ms, application-code: 169ms)
 GET /api/notifications?count=1 200 in 114ms (next.js: 3ms, application-code: 111ms)
 POST /api/portfolio/stock-splits 200 in 1416ms (next.js: 9ms, application-code: 1407ms)
 POST /api/portfolio/stock-splits 200 in 1577ms (next.js: 1973µs, application-code: 1575ms)
 GET /api/portfolio/workspace 200 in 179ms (next.js: 5ms, application-code: 174ms)
 GET /api/notifications?count=1 200 in 169ms (next.js: 4ms, application-code: 165ms)
 GET /api/watchlist 200 in 423ms (next.js: 7ms, application-code: 416ms)
 GET /api/portfolio/workspace 200 in 272ms (next.js: 1333µs, application-code: 270ms)
 GET /api/stocks/UBER/header-meta 200 in 736ms (next.js: 95ms, application-code: 641ms)
 PUT /api/portfolio/workspace 200 in 392ms (next.js: 1315µs, application-code: 391ms)
[portfolio/workspace PUT] ledger warnings {
  userId: '52373158-0eff-48de-80ba-f9206ee0e52a',
  warnings: [
    {
      code: 'SELL_WITHOUT_POSITION',
      portfolioId: '6667854d-3cea-49f6-9aac-8a7340c82cb8',
      transactionId: '484eefe6-d749-45bf-9f2d-4a9006a26b62',
      message: 'Sell of AAL with no open position.',
      legacy: true
    },
    {
      code: 'SELL_WITHOUT_POSITION',
      portfolioId: '6667854d-3cea-49f6-9aac-8a7340c82cb8',
      transactionId: '6d6780cf-80b2-4b0d-a3ef-a5b13da610d6',
      message: 'Sell of WISH with no open position.',
      legacy: true
    },
    {
      code: 'SELL_WITHOUT_POSITION',
      portfolioId: '6667854d-3cea-49f6-9aac-8a7340c82cb8',
      transactionId: 'b3c3668a-1730-4300-bd49-255067fbb9c4',
      message: 'Sell of NNOX with no open position.',
      legacy: true
    },
    {
      code: 'SELL_EXCEEDS_AVAILABLE_SHARES',
      portfolioId: '6667854d-3cea-49f6-9aac-8a7340c82cb8',
      transactionId: '4120dc1a-c777-45f4-b033-802dda8bf9e1',
      message: 'Sell 2.195119 PEP exceeds available 2.',
      legacy: true
    }
  ],
  migrateReport: {
    sequenceReports: {
      '6667854d-3cea-49f6-9aac-8a7340c82cb8': [Object],
      '27085251-e3e2-4829-81ee-14004843637d': [Object],
      '6e1c8d68-72f3-4160-9874-6473edd2f7eb': [Object],
      'd972d6f7-1f89-492b-81cf-aaf5fba709f5': [Object],
      '1c9764f9-9feb-462d-8cbe-a61ade8b293c': [Object],
      'a8524493-d06d-4997-9949-ab2bb8e7258b': [Object],
      'e1d517c3-21d5-45d0-8125-fbbb5dbd23f4': [Object]
    },
    legacyTaggedByPortfolio: {},
    changed: false
  }
}
 PUT /api/portfolio/workspace 200 in 237ms (next.js: 1064µs, application-code: 236ms)
 PUT /api/portfolio/workspace 200 in 494ms (next.js: 1204µs, application-code: 493ms)
[eodhd intraday] raw provider row sample {
  sym: 'KO.US',
  interval: '1h',
  rowCount: 2035,
  firstRow: {
    timestamp: 1756128600,
    gmtoffset: 0,
    datetime: '2025-08-25 13:30:00',
    open: 70.11,
    high: 70.230003,
    low: 69.595001,
    close: 69.703498,
    volume: 2219819
  }
}
[eodhd intraday] raw provider row sample {
  sym: 'AAPL.US',
  interval: '1h',
  rowCount: 2035,
  firstRow: {
    timestamp: 1756128600,
    gmtoffset: 0,
    datetime: '2025-08-25 13:30:00',
    open: 226.404998,
    high: 229.119995,
    low: 226.240005,
    close: 228.809997,
    volume: 8000835
  }
}
[eodhd intraday] raw provider row sample {
  sym: 'QQQ.US',
  interval: '1h',
  rowCount: 2035,
  firstRow: {
    timestamp: 1756128600,
    gmtoffset: 0,
    datetime: '2025-08-25 13:30:00',
    open: 570.400024,
    high: 571.940002,
    low: 569.169982,
    close: 571.47998,
    volume: 10988770
  }
}
[eodhd intraday] raw provider row sample {
  sym: 'V.US',
  interval: '1h',
  rowCount: 2035,
  firstRow: {
    timestamp: 1756128600,
    gmtoffset: 0,
    datetime: '2025-08-25 13:30:00',
    open: 349.609985,
    high: 350,
    low: 347.50241,
    close: 348.290008,
    volume: 700178
  }
}
[eodhd intraday] raw provider row sample {
  sym: 'SPGI.US',
  interval: '1h',
  rowCount: 2035,
  firstRow: {
    timestamp: 1756128600,
    gmtoffset: 0,
    datetime: '2025-08-25 13:30:00',
    open: 556.320007,
    high: 557.059997,
    low: 551.385009,
    close: 551.570007,
    volume: 121548
  }
}
[eodhd intraday] raw provider row sample {
  sym: 'UBER.US',
  interval: '1h',
  rowCount: 2035,
  firstRow: {
    timestamp: 1756128600,
    gmtoffset: 0,
    datetime: '2025-08-25 13:30:00',
    open: 95.660003,
    high: 97.5,
    low: 95.533798,
    close: 96.330001,
    volume: 2762011
  }
}
[eodhd intraday] raw provider row sample {
  sym: 'NFLX.US',
  interval: '1h',
  rowCount: 2035,
  firstRow: {
    timestamp: 1756128600,
    gmtoffset: 0,
    datetime: '2025-08-25 13:30:00',
    open: 1201.400024,
    high: 1233.800048,
    low: 1199,
    close: 1229.890014,
    volume: 1106344
  }
}
[eodhd intraday] raw provider row sample {
  sym: 'TSLA.US',
  interval: '1h',
  rowCount: 2035,
  firstRow: {
    timestamp: 1756128600,
    gmtoffset: 0,
    datetime: '2025-08-25 13:30:00',
    open: 338.890014,
    high: 342.149902,
    low: 335.029998,
    close: 340.820007,
    volume: 22842107
  }
}
[eodhd intraday] raw provider row sample {
  sym: 'META.US',
  interval: '1h',
  rowCount: 2036,
  firstRow: {
    timestamp: 1756128600,
    gmtoffset: 0,
    datetime: '2025-08-25 13:30:00',
    open: 754.820007,
    high: 758.880004,
    low: 750.130004,
    close: 753.664978,
    volume: 1604098
  }
}
 POST /api/portfolio/benchmark-compare 200 in 1868ms (next.js: 9ms, application-code: 1859ms)
[eodhd intraday] raw provider row sample {
  sym: 'COST.US',
  interval: '1h',
  rowCount: 2035,
  firstRow: {
    timestamp: 1756128600,
    gmtoffset: 0,
    datetime: '2025-08-25 13:30:00',
    open: 954.960021,
    high: 958.169982,
    low: 950.34497,
    close: 950.380004,
    volume: 401239
  }
}
 POST /api/portfolio/live-quotes 200 in 2.9s (next.js: 7ms, application-code: 2.9s)
 POST /api/portfolio/live-quotes 200 in 3.9s (next.js: 6ms, application-code: 3.9s)
[portfolio/workspace PUT] ledger warnings {
  userId: '52373158-0eff-48de-80ba-f9206ee0e52a',
  warnings: [
    {
      code: 'SELL_WITHOUT_POSITION',
      portfolioId: '6667854d-3cea-49f6-9aac-8a7340c82cb8',
      transactionId: '484eefe6-d749-45bf-9f2d-4a9006a26b62',
      message: 'Sell of AAL with no open position.',
      legacy: true
    },
    {
      code: 'SELL_WITHOUT_POSITION',
      portfolioId: '6667854d-3cea-49f6-9aac-8a7340c82cb8',
      transactionId: '6d6780cf-80b2-4b0d-a3ef-a5b13da610d6',
      message: 'Sell of WISH with no open position.',
      legacy: true
    },
    {
      code: 'SELL_WITHOUT_POSITION',
      portfolioId: '6667854d-3cea-49f6-9aac-8a7340c82cb8',
      transactionId: 'b3c3668a-1730-4300-bd49-255067fbb9c4',
      message: 'Sell of NNOX with no open position.',
      legacy: true
    },
    {
      code: 'SELL_EXCEEDS_AVAILABLE_SHARES',
      portfolioId: '6667854d-3cea-49f6-9aac-8a7340c82cb8',
      transactionId: '4120dc1a-c777-45f4-b033-802dda8bf9e1',
      message: 'Sell 2.195119 PEP exceeds available 2.',
      legacy: true
    }
  ],
  migrateReport: {
    sequenceReports: {
      '6667854d-3cea-49f6-9aac-8a7340c82cb8': [Object],
      '27085251-e3e2-4829-81ee-14004843637d': [Object],
      '6e1c8d68-72f3-4160-9874-6473edd2f7eb': [Object],
      'd972d6f7-1f89-492b-81cf-aaf5fba709f5': [Object],
      '1c9764f9-9feb-462d-8cbe-a61ade8b293c': [Object],
      'a8524493-d06d-4997-9949-ab2bb8e7258b': [Object],
      'e1d517c3-21d5-45d0-8125-fbbb5dbd23f4': [Object]
    },
    legacyTaggedByPortfolio: {},
    changed: false
  }
}
 GET /api/stocks/UBER/header-meta 200 in 148ms (next.js: 3ms, application-code: 145ms)
 PUT /api/portfolio/workspace 200 in 446ms (next.js: 34ms, application-code: 411ms)
 POST /api/portfolio/overview-market 200 in 2.3s (next.js: 6ms, application-code: 2.3s)
[eodhd intraday] raw provider row sample {
  sym: 'NFLX.US',
  interval: '1h',
  rowCount: 2035,
  firstRow: {
    timestamp: 1756128600,
    gmtoffset: 0,
    datetime: '2025-08-25 13:30:00',
    open: 1201.400024,
    high: 1233.800048,
    low: 1199,
    close: 1229.890014,
    volume: 1106344
  }
}
[portfolio/workspace PUT] ledger warnings {
  userId: '52373158-0eff-48de-80ba-f9206ee0e52a',
  warnings: [
    {
      code: 'SELL_WITHOUT_POSITION',
      portfolioId: '6667854d-3cea-49f6-9aac-8a7340c82cb8',
      transactionId: '484eefe6-d749-45bf-9f2d-4a9006a26b62',
      message: 'Sell of AAL with no open position.',
      legacy: true
    },
    {
      code: 'SELL_WITHOUT_POSITION',
      portfolioId: '6667854d-3cea-49f6-9aac-8a7340c82cb8',
      transactionId: '6d6780cf-80b2-4b0d-a3ef-a5b13da610d6',
      message: 'Sell of WISH with no open position.',
      legacy: true
    },
    {
      code: 'SELL_WITHOUT_POSITION',
      portfolioId: '6667854d-3cea-49f6-9aac-8a7340c82cb8',
      transactionId: 'b3c3668a-1730-4300-bd49-255067fbb9c4',
      message: 'Sell of NNOX with no open position.',
      legacy: true
    },
    {
      code: 'SELL_EXCEEDS_AVAILABLE_SHARES',
      portfolioId: '6667854d-3cea-49f6-9aac-8a7340c82cb8',
      transactionId: '4120dc1a-c777-45f4-b033-802dda8bf9e1',
      message: 'Sell 2.195119 PEP exceeds available 2.',
      legacy: true
    }
  ],
  migrateReport: {
    sequenceReports: {
      '6667854d-3cea-49f6-9aac-8a7340c82cb8': [Object],
      '27085251-e3e2-4829-81ee-14004843637d': [Object],
      '6e1c8d68-72f3-4160-9874-6473edd2f7eb': [Object],
      'd972d6f7-1f89-492b-81cf-aaf5fba709f5': [Object],
      '1c9764f9-9feb-462d-8cbe-a61ade8b293c': [Object],
      'a8524493-d06d-4997-9949-ab2bb8e7258b': [Object],
      'e1d517c3-21d5-45d0-8125-fbbb5dbd23f4': [Object]
    },
    legacyTaggedByPortfolio: {},
    changed: false
  }
}
[eodhd intraday] raw provider row sample {
  sym: 'META.US',
  interval: '1h',
  rowCount: 2036,
  firstRow: {
    timestamp: 1756128600,
    gmtoffset: 0,
    datetime: '2025-08-25 13:30:00',
    open: 754.820007,
    high: 758.880004,
    low: 750.130004,
    close: 753.664978,
    volume: 1604098
  }
}
 PUT /api/portfolio/workspace 200 in 356ms (next.js: 2ms, application-code: 354ms)
 PUT /api/portfolio/workspace 200 in 589ms (next.js: 1222µs, application-code: 588ms)
[eodhd intraday] raw provider row sample {
  sym: 'UBER.US',
  interval: '1h',
  rowCount: 2035,
  firstRow: {
    timestamp: 1756128600,
    gmtoffset: 0,
    datetime: '2025-08-25 13:30:00',
    open: 95.660003,
    high: 97.5,
    low: 95.533798,
    close: 96.330001,
    volume: 2762011
  }
}
[eodhd intraday] raw provider row sample {
  sym: 'AAPL.US',
  interval: '1h',
  rowCount: 2035,
  firstRow: {
    timestamp: 1756128600,
    gmtoffset: 0,
    datetime: '2025-08-25 13:30:00',
    open: 226.404998,
    high: 229.119995,
    low: 226.240005,
    close: 228.809997,
    volume: 8000835
  }
}
[eodhd intraday] raw provider row sample {
  sym: 'SOL-USD.CC',
  interval: '1h',
  rowCount: 9029,
  firstRow: {
    timestamp: 1756065600,
    gmtoffset: 0,
    datetime: '2025-08-24 20:00:00',
    open: 204.187759,
    high: 204.683517,
    low: 202.689407,
    close: 203.882446,
    volume: 1053734912
  }
}
[eodhd intraday] raw provider row sample {
  sym: 'BTC-USD.CC',
  interval: '1h',
  rowCount: 8997,
  firstRow: {
    timestamp: 1756065600,
    gmtoffset: 0,
    datetime: '2025-08-24 20:00:00',
    open: 112441.101562,
    high: 112974.921875,
    low: 111874.1875,
    close: 112636.960937,
    volume: 6395842560
  }
}
 POST /api/portfolio/benchmark-compare 200 in 1177ms (next.js: 1852µs, application-code: 1175ms)
[eodhd intraday] raw provider row sample {
  sym: 'SPGI.US',
  interval: '1h',
  rowCount: 2035,
  firstRow: {
    timestamp: 1756128600,
    gmtoffset: 0,
    datetime: '2025-08-25 13:30:00',
    open: 556.320007,
    high: 557.059997,
    low: 551.385009,
    close: 551.570007,
    volume: 121548
  }
}
[eodhd intraday] raw provider row sample {
  sym: 'QQQ.US',
  interval: '1h',
  rowCount: 2035,
  firstRow: {
    timestamp: 1756128600,
    gmtoffset: 0,
    datetime: '2025-08-25 13:30:00',
    open: 570.400024,
    high: 571.940002,
    low: 569.169982,
    close: 571.47998,
    volume: 10988770
  }
}
 POST /api/portfolio/benchmark-compare 200 in 1376ms (next.js: 6ms, application-code: 1371ms)
[eodhd intraday] raw provider row sample {
  sym: 'V.US',
  interval: '1h',
  rowCount: 2035,
  firstRow: {
    timestamp: 1756128600,
    gmtoffset: 0,
    datetime: '2025-08-25 13:30:00',
    open: 349.609985,
    high: 350,
    low: 347.50241,
    close: 348.290008,
    volume: 700178
  }
}
[eodhd intraday] raw provider row sample {
  sym: 'COST.US',
  interval: '1h',
  rowCount: 2035,
  firstRow: {
    timestamp: 1756128600,
    gmtoffset: 0,
    datetime: '2025-08-25 13:30:00',
    open: 954.960021,
    high: 958.169982,
    low: 950.34497,
    close: 950.380004,
    volume: 401239
  }
}
[eodhd intraday] raw provider row sample {
  sym: 'KO.US',
  interval: '1h',
  rowCount: 2035,
  firstRow: {
    timestamp: 1756128600,
    gmtoffset: 0,
    datetime: '2025-08-25 13:30:00',
    open: 70.11,
    high: 70.230003,
    low: 69.595001,
    close: 69.703498,
    volume: 2219819
  }
}
[eodhd intraday] raw provider row sample {
  sym: 'TSLA.US',
  interval: '1h',
  rowCount: 2035,
  firstRow: {
    timestamp: 1756128600,
    gmtoffset: 0,
    datetime: '2025-08-25 13:30:00',
    open: 338.890014,
    high: 342.149902,
    low: 335.029998,
    close: 340.820007,
    volume: 22842107
  }
}
[eodhd intraday] raw provider row sample {
  sym: 'ETH-USD.CC',
  interval: '1h',
  rowCount: 8991,
  firstRow: {
    timestamp: 1756065600,
    gmtoffset: 0,
    datetime: '2025-08-24 20:00:00',
    open: 4798.733398,
    high: 4810.295898,
    low: 4730.064941,
    close: 4789.807128,
    volume: 4814876672
  }
}
 POST /api/portfolio/value-history 200 in 3.7s (next.js: 22ms, application-code: 3.7s)
[eodhd intraday] raw provider row sample {
  sym: 'SOL-USD.CC',
  interval: '1h',
  rowCount: 9029,
  firstRow: {
    timestamp: 1756065600,
    gmtoffset: 0,
    datetime: '2025-08-24 20:00:00',
    open: 204.187759,
    high: 204.683517,
    low: 202.689407,
    close: 203.882446,
    volume: 1053734912
  }
}
 POST /api/portfolio/live-quotes 200 in 2.6s (next.js: 1506µs, application-code: 2.6s)
 PUT /api/portfolios/listings 200 in 202ms (next.js: 1730µs, application-code: 200ms)
 PUT /api/portfolios/listings 200 in 332ms (next.js: 5ms, application-code: 327ms)
 POST /api/portfolio/overview-market 200 in 2.4s (next.js: 1751µs, application-code: 2.4s)
[eodhd intraday] raw provider row sample {
  sym: 'BTC-USD.CC',
  interval: '1h',
  rowCount: 8997,
  firstRow: {
    timestamp: 1756065600,
    gmtoffset: 0,
    datetime: '2025-08-24 20:00:00',
    open: 112441.101562,
    high: 112974.921875,
    low: 111874.1875,
    close: 112636.960937,
    volume: 6395842560
  }
}
[eodhd intraday] raw provider row sample {
  sym: 'ETH-USD.CC',
  interval: '1h',
  rowCount: 8991,
  firstRow: {
    timestamp: 1756065600,
    gmtoffset: 0,
    datetime: '2025-08-24 20:00:00',
    open: 4798.733398,
    high: 4810.295898,
    low: 4730.064941,
    close: 4789.807128,
    volume: 4814876672
  }
}
 POST /api/portfolio/value-history 200 in 3.6s (next.js: 1902µs, application-code: 3.6s)
✓ Compiled in 1149ms
 GET /api/portfolio/workspace 200 in 410ms (next.js: 92ms, application-code: 318ms)
 GET /api/notifications?count=1 200 in 1472ms (next.js: 446ms, application-code: 1026ms)
 POST /api/portfolio/stock-splits 200 in 1071ms (next.js: 7ms, application-code: 1064ms)
 POST /api/portfolio/live-quotes 200 in 2.7s (next.js: 306ms, application-code: 2.3s)
 POST /api/portfolio/live-quotes 200 in 2.1s (next.js: 5ms, application-code: 2.1s)
 POST /api/portfolio/stock-splits 200 in 2.2s (next.js: 113ms, application-code: 2.1s)
 POST /api/portfolio/stock-splits 200 in 2.2s (next.js: 69ms, application-code: 2.1s)
 GET /api/notifications?count=1 200 in 198ms (next.js: 93ms, application-code: 106ms)
 GET /api/portfolio/workspace 200 in 139ms (next.js: 23ms, application-code: 116ms)
 GET /api/account/billing/summary 200 in 423ms (next.js: 88ms, application-code: 335ms)
 POST /api/portfolio/stock-splits 200 in 340ms (next.js: 16ms, application-code: 323ms)
 GET /screener 200 in 2.2s (next.js: 166ms, proxy.ts: 11ms, application-code: 2.0s)
 GET /portfolio 200 in 402ms (next.js: 43ms, proxy.ts: 10ms, application-code: 349ms)
 GET /api/notifications?count=1 200 in 113ms (next.js: 7ms, application-code: 106ms)
 POST /api/portfolio/stock-splits 200 in 638ms (next.js: 20ms, application-code: 618ms)
 GET /api/account/plan 200 in 292ms (next.js: 60ms, application-code: 232ms)
 GET /api/portfolio/workspace 200 in 345ms (next.js: 16ms, application-code: 329ms)
 GET /api/search/recent 200 in 204ms (next.js: 28ms, application-code: 177ms)
 POST /api/portfolio/live-quotes 200 in 1320ms (next.js: 15ms, application-code: 1305ms)
 POST /api/portfolio/stock-splits 200 in 602ms (next.js: 5ms, application-code: 598ms)
 GET /api/superinvestor-follows 200 in 203ms (next.js: 28ms, application-code: 175ms)
[portfolio/workspace PUT] ledger warnings {
  userId: '52373158-0eff-48de-80ba-f9206ee0e52a',
  warnings: [
    {
      code: 'SELL_WITHOUT_POSITION',
      portfolioId: '6667854d-3cea-49f6-9aac-8a7340c82cb8',
      transactionId: '484eefe6-d749-45bf-9f2d-4a9006a26b62',
      message: 'Sell of AAL with no open position.',
      legacy: true
    },
    {
      code: 'SELL_WITHOUT_POSITION',
      portfolioId: '6667854d-3cea-49f6-9aac-8a7340c82cb8',
      transactionId: '6d6780cf-80b2-4b0d-a3ef-a5b13da610d6',
      message: 'Sell of WISH with no open position.',
      legacy: true
    },
    {
      code: 'SELL_WITHOUT_POSITION',
      portfolioId: '6667854d-3cea-49f6-9aac-8a7340c82cb8',
      transactionId: 'b3c3668a-1730-4300-bd49-255067fbb9c4',
      message: 'Sell of NNOX with no open position.',
      legacy: true
    },
    {
      code: 'SELL_EXCEEDS_AVAILABLE_SHARES',
      portfolioId: '6667854d-3cea-49f6-9aac-8a7340c82cb8',
      transactionId: '4120dc1a-c777-45f4-b033-802dda8bf9e1',
      message: 'Sell 2.195119 PEP exceeds available 2.',
      legacy: true
    }
  ],
  migrateReport: {
    sequenceReports: {
      '6667854d-3cea-49f6-9aac-8a7340c82cb8': [Object],
      '27085251-e3e2-4829-81ee-14004843637d': [Object],
      '6e1c8d68-72f3-4160-9874-6473edd2f7eb': [Object],
      'd972d6f7-1f89-492b-81cf-aaf5fba709f5': [Object],
      '1c9764f9-9feb-462d-8cbe-a61ade8b293c': [Object],
      'a8524493-d06d-4997-9949-ab2bb8e7258b': [Object],
      'e1d517c3-21d5-45d0-8125-fbbb5dbd23f4': [Object]
    },
    legacyTaggedByPortfolio: {},
    changed: true
  }
}
 GET /api/search/recent 200 in 121ms (next.js: 1677µs, application-code: 119ms)
 POST /api/portfolio/stock-splits 200 in 770ms (next.js: 1848µs, application-code: 769ms)
 GET /api/watchlist 200 in 245ms (next.js: 24ms, application-code: 221ms)
 PUT /api/portfolio/workspace 200 in 646ms (next.js: 1199µs, application-code: 645ms)
 POST /api/portfolio/stock-splits 200 in 969ms (next.js: 25ms, application-code: 944ms)
 GET /portfolio 200 in 492ms (next.js: 12ms, proxy.ts: 18ms, application-code: 463ms)
 GET /api/watchlist 200 in 126ms (next.js: 4ms, application-code: 122ms)
 POST /api/portfolio/stock-splits 200 in 1264ms (next.js: 10ms, application-code: 1254ms)
 GET /api/watchlist 200 in 219ms (next.js: 1303µs, application-code: 218ms)
[portfolio/workspace PUT] ledger warnings {
  userId: '52373158-0eff-48de-80ba-f9206ee0e52a',
  warnings: [
    {
      code: 'SELL_WITHOUT_POSITION',
      portfolioId: '6667854d-3cea-49f6-9aac-8a7340c82cb8',
      transactionId: '484eefe6-d749-45bf-9f2d-4a9006a26b62',
      message: 'Sell of AAL with no open position.',
      legacy: true
    },
    {
      code: 'SELL_WITHOUT_POSITION',
      portfolioId: '6667854d-3cea-49f6-9aac-8a7340c82cb8',
      transactionId: '6d6780cf-80b2-4b0d-a3ef-a5b13da610d6',
      message: 'Sell of WISH with no open position.',
      legacy: true
    },
    {
      code: 'SELL_WITHOUT_POSITION',
      portfolioId: '6667854d-3cea-49f6-9aac-8a7340c82cb8',
      transactionId: 'b3c3668a-1730-4300-bd49-255067fbb9c4',
      message: 'Sell of NNOX with no open position.',
      legacy: true
    },
    {
      code: 'SELL_EXCEEDS_AVAILABLE_SHARES',
      portfolioId: '6667854d-3cea-49f6-9aac-8a7340c82cb8',
      transactionId: '4120dc1a-c777-45f4-b033-802dda8bf9e1',
      message: 'Sell 2.195119 PEP exceeds available 2.',
      legacy: true
    }
  ],
  migrateReport: {
    sequenceReports: {
      '6667854d-3cea-49f6-9aac-8a7340c82cb8': [Object],
      '27085251-e3e2-4829-81ee-14004843637d': [Object],
      '6e1c8d68-72f3-4160-9874-6473edd2f7eb': [Object],
      'd972d6f7-1f89-492b-81cf-aaf5fba709f5': [Object],
      '1c9764f9-9feb-462d-8cbe-a61ade8b293c': [Object],
      'a8524493-d06d-4997-9949-ab2bb8e7258b': [Object],
      'e1d517c3-21d5-45d0-8125-fbbb5dbd23f4': [Object]
    },
    legacyTaggedByPortfolio: {},
    changed: false
  }
}
 PUT /api/portfolio/workspace 200 in 324ms (next.js: 10ms, application-code: 314ms)
[portfolio/workspace PUT] ledger warnings {
  userId: '52373158-0eff-48de-80ba-f9206ee0e52a',
  warnings: [
    {
      code: 'SELL_WITHOUT_POSITION',
      portfolioId: '6667854d-3cea-49f6-9aac-8a7340c82cb8',
      transactionId: '484eefe6-d749-45bf-9f2d-4a9006a26b62',
      message: 'Sell of AAL with no open position.',
      legacy: true
    },
    {
      code: 'SELL_WITHOUT_POSITION',
      portfolioId: '6667854d-3cea-49f6-9aac-8a7340c82cb8',
      transactionId: '6d6780cf-80b2-4b0d-a3ef-a5b13da610d6',
      message: 'Sell of WISH with no open position.',
      legacy: true
    },
    {
      code: 'SELL_WITHOUT_POSITION',
      portfolioId: '6667854d-3cea-49f6-9aac-8a7340c82cb8',
      transactionId: 'b3c3668a-1730-4300-bd49-255067fbb9c4',
      message: 'Sell of NNOX with no open position.',
      legacy: true
    },
    {
      code: 'SELL_EXCEEDS_AVAILABLE_SHARES',
      portfolioId: '6667854d-3cea-49f6-9aac-8a7340c82cb8',
      transactionId: '4120dc1a-c777-45f4-b033-802dda8bf9e1',
      message: 'Sell 2.195119 PEP exceeds available 2.',
      legacy: true
    }
  ],
  migrateReport: {
    sequenceReports: {
      '6667854d-3cea-49f6-9aac-8a7340c82cb8': [Object],
      '27085251-e3e2-4829-81ee-14004843637d': [Object],
      '6e1c8d68-72f3-4160-9874-6473edd2f7eb': [Object],
      'd972d6f7-1f89-492b-81cf-aaf5fba709f5': [Object],
      '1c9764f9-9feb-462d-8cbe-a61ade8b293c': [Object],
      'a8524493-d06d-4997-9949-ab2bb8e7258b': [Object],
      'e1d517c3-21d5-45d0-8125-fbbb5dbd23f4': [Object]
    },
    legacyTaggedByPortfolio: {},
    changed: false
  }
}
 PUT /api/portfolio/workspace 200 in 329ms (next.js: 1922µs, application-code: 327ms)
 POST /api/portfolio/live-quotes 200 in 2.6s (next.js: 1828µs, application-code: 2.6s)
 POST /api/portfolio/live-quotes 200 in 2.4s (next.js: 3ms, application-code: 2.4s)
 PUT /api/portfolios/listings 200 in 269ms (next.js: 52ms, application-code: 218ms)
 PUT /api/portfolios/listings 200 in 272ms (next.js: 48ms, application-code: 223ms)
 GET /portfolio 200 in 245ms (next.js: 10ms, proxy.ts: 9ms, application-code: 226ms)
[portfolio/workspace PUT] ledger warnings {
  userId: '52373158-0eff-48de-80ba-f9206ee0e52a',
  warnings: [
    {
      code: 'SELL_WITHOUT_POSITION',
      portfolioId: '6667854d-3cea-49f6-9aac-8a7340c82cb8',
      transactionId: '484eefe6-d749-45bf-9f2d-4a9006a26b62',
      message: 'Sell of AAL with no open position.',
      legacy: true
    },
    {
      code: 'SELL_WITHOUT_POSITION',
      portfolioId: '6667854d-3cea-49f6-9aac-8a7340c82cb8',
      transactionId: '6d6780cf-80b2-4b0d-a3ef-a5b13da610d6',
      message: 'Sell of WISH with no open position.',
      legacy: true
    },
    {
      code: 'SELL_WITHOUT_POSITION',
      portfolioId: '6667854d-3cea-49f6-9aac-8a7340c82cb8',
      transactionId: 'b3c3668a-1730-4300-bd49-255067fbb9c4',
      message: 'Sell of NNOX with no open position.',
      legacy: true
    },
    {
      code: 'SELL_EXCEEDS_AVAILABLE_SHARES',
      portfolioId: '6667854d-3cea-49f6-9aac-8a7340c82cb8',
      transactionId: '4120dc1a-c777-45f4-b033-802dda8bf9e1',
      message: 'Sell 2.195119 PEP exceeds available 2.',
      legacy: true
    }
  ],
  migrateReport: {
    sequenceReports: {
      '6667854d-3cea-49f6-9aac-8a7340c82cb8': [Object],
      '27085251-e3e2-4829-81ee-14004843637d': [Object],
      '6e1c8d68-72f3-4160-9874-6473edd2f7eb': [Object],
      'd972d6f7-1f89-492b-81cf-aaf5fba709f5': [Object],
      '1c9764f9-9feb-462d-8cbe-a61ade8b293c': [Object],
      'a8524493-d06d-4997-9949-ab2bb8e7258b': [Object],
      'e1d517c3-21d5-45d0-8125-fbbb5dbd23f4': [Object]
    },
    legacyTaggedByPortfolio: {},
    changed: false
  }
}
 PUT /api/portfolio/workspace 200 in 341ms (next.js: 1393µs, application-code: 340ms)
 GET /api/account/billing/summary 200 in 100ms (next.js: 4ms, application-code: 96ms)
 GET /api/portfolio/workspace 200 in 145ms (next.js: 8ms, application-code: 137ms)
 GET /api/account/plan 200 in 157ms (next.js: 10ms, application-code: 147ms)
 GET /api/notifications?count=1 200 in 164ms (next.js: 6ms, application-code: 158ms)
 GET /api/superinvestor-follows 200 in 70ms (next.js: 1473µs, application-code: 69ms)
 GET /api/search/recent 200 in 90ms (next.js: 1548µs, application-code: 88ms)
 GET /api/search/recent 200 in 74ms (next.js: 1198µs, application-code: 73ms)
 GET /api/watchlist 200 in 286ms (next.js: 1771µs, application-code: 284ms)
 POST /api/portfolio/live-quotes 200 in 2.8s (next.js: 1511µs, application-code: 2.8s)
 GET /api/watchlist 200 in 158ms (next.js: 1562µs, application-code: 156ms)
 PUT /api/portfolios/listings 200 in 157ms (next.js: 2ms, application-code: 154ms)
 GET /api/watchlist 200 in 149ms (next.js: 1125µs, application-code: 148ms)
 PUT /api/portfolio/workspace 200 in 264ms (next.js: 1516µs, application-code: 263ms)
 POST /api/portfolio/stock-splits 200 in 947ms (next.js: 3ms, application-code: 944ms)
 POST /api/portfolio/stock-splits 200 in 1260ms (next.js: 1572µs, application-code: 1258ms)
 PUT /api/portfolio/workspace 200 in 280ms (next.js: 5ms, application-code: 275ms)
 PUT /api/portfolio/workspace 200 in 218ms (next.js: 4ms, application-code: 214ms)
 POST /api/portfolio/live-quotes 200 in 3.3s (next.js: 3ms, application-code: 3.3s)
 GET /api/stocks/UBER/header-meta 200 in 212ms (next.js: 107ms, application-code: 105ms)
 POST /api/portfolio/benchmark-compare 200 in 673ms (next.js: 1462µs, application-code: 672ms)
 POST /api/portfolio/benchmark-compare 200 in 938ms (next.js: 57ms, application-code: 881ms)
 PUT /api/portfolio/workspace 200 in 239ms (next.js: 4ms, application-code: 236ms)
[eodhd intraday] raw provider row sample {
  sym: 'QQQ.US',
  interval: '1h',
  rowCount: 2035,
  firstRow: {
    timestamp: 1756128600,
    gmtoffset: 0,
    datetime: '2025-08-25 13:30:00',
    open: 570.400024,
    high: 571.940002,
    low: 569.169982,
    close: 571.47998,
    volume: 10988770
  }
}
[eodhd intraday] raw provider row sample {
  sym: 'COST.US',
  interval: '1h',
  rowCount: 2035,
  firstRow: {
    timestamp: 1756128600,
    gmtoffset: 0,
    datetime: '2025-08-25 13:30:00',
    open: 954.960021,
    high: 958.169982,
    low: 950.34497,
    close: 950.380004,
    volume: 401239
  }
}
[eodhd intraday] raw provider row sample {
  sym: 'META.US',
  interval: '1h',
  rowCount: 2036,
  firstRow: {
    timestamp: 1756128600,
    gmtoffset: 0,
    datetime: '2025-08-25 13:30:00',
    open: 754.820007,
    high: 758.880004,
    low: 750.130004,
    close: 753.664978,
    volume: 1604098
  }
}
[eodhd intraday] raw provider row sample {
  sym: 'NFLX.US',
  interval: '1h',
  rowCount: 2035,
  firstRow: {
    timestamp: 1756128600,
    gmtoffset: 0,
    datetime: '2025-08-25 13:30:00',
    open: 1201.400024,
    high: 1233.800048,
    low: 1199,
    close: 1229.890014,
    volume: 1106344
  }
}
[eodhd intraday] raw provider row sample {
  sym: 'SPGI.US',
  interval: '1h',
  rowCount: 2035,
  firstRow: {
    timestamp: 1756128600,
    gmtoffset: 0,
    datetime: '2025-08-25 13:30:00',
    open: 556.320007,
    high: 557.059997,
    low: 551.385009,
    close: 551.570007,
    volume: 121548
  }
}
[eodhd intraday] raw provider row sample {
  sym: 'TSLA.US',
  interval: '1h',
  rowCount: 2035,
  firstRow: {
    timestamp: 1756128600,
    gmtoffset: 0,
    datetime: '2025-08-25 13:30:00',
    open: 338.890014,
    high: 342.149902,
    low: 335.029998,
    close: 340.820007,
    volume: 22842107
  }
}
[eodhd intraday] raw provider row sample {
  sym: 'UBER.US',
  interval: '1h',
  rowCount: 2035,
  firstRow: {
    timestamp: 1756128600,
    gmtoffset: 0,
    datetime: '2025-08-25 13:30:00',
    open: 95.660003,
    high: 97.5,
    low: 95.533798,
    close: 96.330001,
    volume: 2762011
  }
}
[eodhd intraday] raw provider row sample {
  sym: 'AAPL.US',
  interval: '1h',
  rowCount: 2035,
  firstRow: {
    timestamp: 1756128600,
    gmtoffset: 0,
    datetime: '2025-08-25 13:30:00',
    open: 226.404998,
    high: 229.119995,
    low: 226.240005,
    close: 228.809997,
    volume: 8000835
  }
}
[eodhd intraday] raw provider row sample {
  sym: 'KO.US',
  interval: '1h',
  rowCount: 2035,
  firstRow: {
    timestamp: 1756128600,
    gmtoffset: 0,
    datetime: '2025-08-25 13:30:00',
    open: 70.11,
    high: 70.230003,
    low: 69.595001,
    close: 69.703498,
    volume: 2219819
  }
}
[eodhd intraday] raw provider row sample {
  sym: 'V.US',
  interval: '1h',
  rowCount: 2035,
  firstRow: {
    timestamp: 1756128600,
    gmtoffset: 0,
    datetime: '2025-08-25 13:30:00',
    open: 349.609985,
    high: 350,
    low: 347.50241,
    close: 348.290008,
    volume: 700178
  }
}
[eodhd intraday] raw provider row sample {
  sym: 'ETH-USD.CC',
  interval: '1h',
  rowCount: 8991,
  firstRow: {
    timestamp: 1756065600,
    gmtoffset: 0,
    datetime: '2025-08-24 20:00:00',
    open: 4798.733398,
    high: 4810.295898,
    low: 4730.064941,
    close: 4789.807128,
    volume: 4814876672
  }
}
[eodhd intraday] raw provider row sample {
  sym: 'BTC-USD.CC',
  interval: '1h',
  rowCount: 8997,
  firstRow: {
    timestamp: 1756065600,
    gmtoffset: 0,
    datetime: '2025-08-24 20:00:00',
    open: 112441.101562,
    high: 112974.921875,
    low: 111874.1875,
    close: 112636.960937,
    volume: 6395842560
  }
}
[eodhd intraday] raw provider row sample {
  sym: 'SOL-USD.CC',
  interval: '1h',
  rowCount: 9029,
  firstRow: {
    timestamp: 1756065600,
    gmtoffset: 0,
    datetime: '2025-08-24 20:00:00',
    open: 204.187759,
    high: 204.683517,
    low: 202.689407,
    close: 203.882446,
    volume: 1053734912
  }
}
 POST /api/portfolio/value-history 200 in 2.5s (next.js: 44ms, application-code: 2.5s)
✓ Compiled in 170ms
 GET /api/portfolio/workspace 200 in 198ms (next.js: 5ms, application-code: 192ms)
[portfolio/workspace PUT] ledger warnings {
  userId: '52373158-0eff-48de-80ba-f9206ee0e52a',
  warnings: [
    {
      code: 'SELL_WITHOUT_POSITION',
      portfolioId: '6667854d-3cea-49f6-9aac-8a7340c82cb8',
      transactionId: '484eefe6-d749-45bf-9f2d-4a9006a26b62',
      message: 'Sell of AAL with no open position.',
      legacy: true
    },
    {
      code: 'SELL_WITHOUT_POSITION',
      portfolioId: '6667854d-3cea-49f6-9aac-8a7340c82cb8',
      transactionId: '6d6780cf-80b2-4b0d-a3ef-a5b13da610d6',
      message: 'Sell of WISH with no open position.',
      legacy: true
    },
    {
      code: 'SELL_WITHOUT_POSITION',
      portfolioId: '6667854d-3cea-49f6-9aac-8a7340c82cb8',
      transactionId: 'b3c3668a-1730-4300-bd49-255067fbb9c4',
      message: 'Sell of NNOX with no open position.',
      legacy: true
    },
    {
      code: 'SELL_EXCEEDS_AVAILABLE_SHARES',
      portfolioId: '6667854d-3cea-49f6-9aac-8a7340c82cb8',
      transactionId: '4120dc1a-c777-45f4-b033-802dda8bf9e1',
      message: 'Sell 2.195119 PEP exceeds available 2.',
      legacy: true
    }
  ],
  migrateReport: {
    sequenceReports: {
      '6667854d-3cea-49f6-9aac-8a7340c82cb8': [Object],
      '27085251-e3e2-4829-81ee-14004843637d': [Object],
      '6e1c8d68-72f3-4160-9874-6473edd2f7eb': [Object],
      'd972d6f7-1f89-492b-81cf-aaf5fba709f5': [Object],
      '1c9764f9-9feb-462d-8cbe-a61ade8b293c': [Object],
      'a8524493-d06d-4997-9949-ab2bb8e7258b': [Object],
      'e1d517c3-21d5-45d0-8125-fbbb5dbd23f4': [Object]
    },
    legacyTaggedByPortfolio: {},
    changed: false
  }
}
 PUT /api/portfolio/workspace 200 in 409ms (next.js: 2ms, application-code: 407ms)
✓ Compiled in 272ms
 GET /api/notifications?count=1 200 in 119ms (next.js: 5ms, application-code: 115ms)
 GET /api/notifications?count=1 200 in 183ms (next.js: 2ms, application-code: 181ms)
✓ Compiled in 475ms
[browser] The final argument passed to useEffect changed size between renders. The order and size of this array must remain constant.

Previous: [false, true, [object Object],[object Object],[object Object],[object Object],[object Object],[object Object],[object Object], [object Object], async (portfolioId, txsOverride)=>{
            const port = portfolios.find({
                "PortfolioWorkspaceProvider.useCallback[syncStockSplitsForPortfolio].port": (x)=>x.id === portfolioId
            }["PortfolioWorkspaceProvider.useCallback[syncStockSplitsForPortfolio].port"]);
            if (!port || (0, __TURBOPACK__imported__module__$5b$project$5d2f$components$2f$portfolio$2f$portfolio$2d$types$2e$ts__$5b$app$2d$client$5d$__$28$ecmascript$29$__["portfolioIsCombined"])(port) || port.snaptrade) return;
            if (stockSplitsInFlightRef.current.has(portfolioId)) return;
            const txs = txsOverride ?? transactionsByPortfolioId[portfolioId] ?? [];
            if (!txs.some({
                "PortfolioWorkspaceProvider.useCallback[syncStockSplitsForPortfolio]": (t)=>t.kind === "trade"
            }["PortfolioWorkspaceProvider.useCallback[syncStockSplitsForPortfolio]"])) return;
            const fp = `continuous-v3|${ledgerTxFingerprint(txs)}`;
            if (stockSplitsFpRef.current.get(portfolioId) === fp) return;
            stockSplitsInFlightRef.current.add(portfolioId);
            try {
                const res = await fetch("/api/portfolio/stock-splits", {
                    method: "POST",
                    credentials: "include",
                    headers: {
                        "Content-Type": "application/json"
                    },
                    body: JSON.stringify({
                        portfolioId,
                        transactions: txs
                    })
                });
                if (!res.ok) return;
                const data = await res.json();
                const pricesRestored = typeof data.pricesRestored === "number" ? data.pricesRestored : typeof data.pricesHealed === "number" ? data.pricesHealed : 0;
                const splitsRemoved = typeof data.splitsRemoved === "number" ? data.splitsRemoved : 0;
                const nextRaw = Array.isArray(data.transactions) && data.transactions.length > 0 ? data.transactions : txs;
                // No repair needed — remember this ledger shape so we don't poll again every effect.
                if (pricesRestored === 0 && splitsRemoved === 0) {
                    stockSplitsFpRef.current.set(portfolioId, fp);
                    return;
                }
                // Bypass strict mutation validation (orphan sells etc. already in display ledger).
                const tagged = (0, __TURBOPACK__imported__module__$5b$project$5d2f$lib$2f$portfolio$2f$ledger$2f$portfolio$2d$ledger$2d$engine$2e$ts__$5b$app$2d$client$5d$__$28$ecmascript$29$__["tagLegacyAnomalySells"])(nextRaw, portfolioId);
                const { transactions: migrated } = (0, __TURBOPACK__imported__module__$5b$project$5d2f$lib$2f$portfolio$2f$ledger$2f$portfolio$2d$ledger$2d$migrate$2e$ts__$5b$app$2d$client$5d$__$28$ecmascript$29$__["migratePortfolioTransactionSequences"])(tagged.transactions);
                stockSplitsFpRef.current.set(portfolioId, `continuous-v3|${ledgerTxFingerprint(migrated)}`);
                setTransactionsByPortfolioId({
                    "PortfolioWorkspaceProvider.useCallback[syncStockSplitsForPortfolio]": (prev)=>({
                            ...prev,
                            [portfolioId]: migrated
                        })
                }["PortfolioWorkspaceProvider.useCallback[syncStockSplitsForPortfolio]"]);
                const rebuilt = (0, __TURBOPACK__imported__module__$5b$project$5d2f$lib$2f$portfolio$2f$rebuild$2d$holdings$2d$from$2d$trades$2e$ts__$5b$app$2d$client$5d$__$28$ecmascript$29$__$3c$locals$3e$__["replayTradeTransactionsToHoldings"])(migrated);
                const quoted = await (0, __TURBOPACK__imported__module__$5b$project$5d2f$lib$2f$portfolio$2f$rebuild$2d$holdings$2d$from$2d$trades$2e$ts__$5b$app$2d$client$5d$__$28$ecmascript$29$__$3c$locals$3e$__["refreshHoldingMarketPrices"])(rebuilt);
                setPortfolioHoldings(portfolioId, quoted);
            } catch  {
            /* non-fatal */ } finally{
                stockSplitsInFlightRef.current.delete(portfolioId);
            }
        }, async (portfolioId, txsOverride)=>{
            const port = portfolios.find({
                "PortfolioWorkspaceProvider.useCallback[ensureDemoDividendsForPortfolio].port": (x)=>x.id === portfolioId
            }["PortfolioWorkspaceProvider.useCallback[ensureDemoDividendsForPortfolio].port"]);
            if (!port || !(0, __TURBOPACK__imported__module__$5b$project$5d2f$components$2f$portfolio$2f$portfolio$2d$types$2e$ts__$5b$app$2d$client$5d$__$28$ecmascript$29$__["portfolioIsDemo"])(port)) return;
            if (demoDividendsAppliedRef.current.has(portfolioId)) return;
            const txs = txsOverride ?? transactionsByPortfolioId[portfolioId] ?? [];
            // Wait until ledger is present (hydrate can land demo before txs).
            if (txs.length === 0) return;
            const next = (0, __TURBOPACK__imported__module__$5b$project$5d2f$lib$2f$portfolio$2f$demo$2d$portfolio$2d$seed$2e$ts__$5b$app$2d$client$5d$__$28$ecmascript$29$__["ensureDemoDividendTransactions"])(portfolioId, txs);
            if (next) {
                demoDividendsAppliedRef.current.add(portfolioId);
                setPortfolioTransactions(portfolioId, next);
                const rebuilt = (0, __TURBOPACK__imported__module__$5b$project$5d2f$lib$2f$portfolio$2f$rebuild$2d$holdings$2d$from$2d$trades$2e$ts__$5b$app$2d$client$5d$__$28$ecmascript$29$__$3c$locals$3e$__["replayTradeTransactionsToHoldings"])(next);
                const quoted = await (0, __TURBOPACK__imported__module__$5b$project$5d2f$lib$2f$portfolio$2f$rebuild$2d$holdings$2d$from$2d$trades$2e$ts__$5b$app$2d$client$5d$__$28$ecmascript$29$__$3c$locals$3e$__["refreshHoldingMarketPrices"])(rebuilt);
                setPortfolioHoldings(portfolioId, quoted);
                return;
            }
            // Already has dividends (or none owed) — don't keep retrying every render.
            demoDividendsAppliedRef.current.add(portfolioId);
        }, (portfolioId)=>{
            const port = portfolios.find({
                "PortfolioWorkspaceProvider.useCallback[reseedDemoLedgerIfNeeded].port": (x)=>x.id === portfolioId
            }["PortfolioWorkspaceProvider.useCallback[reseedDemoLedgerIfNeeded].port"]);
            if (!port || !(0, __TURBOPACK__imported__module__$5b$project$5d2f$components$2f$portfolio$2f$portfolio$2d$types$2e$ts__$5b$app$2d$client$5d$__$28$ecmascript$29$__["portfolioIsDemo"])(port)) return false;
            if (demoReseedDoneRef.current.has(portfolioId)) return false;
            const txs = transactionsByPortfolioId[portfolioId] ?? [];
            if (txs.length === 0) return false;
            if (!(0, __TURBOPACK__imported__module__$5b$project$5d2f$lib$2f$portfolio$2f$demo$2d$portfolio$2d$seed$2e$ts__$5b$app$2d$client$5d$__$28$ecmascript$29$__["demoLedgerNeedsReseed"])(txs)) {
                demoReseedDoneRef.current.add(portfolioId);
                return false;
            }
            demoReseedDoneRef.current.add(portfolioId);
            const seed = (0, __TURBOPACK__imported__module__$5b$project$5d2f$lib$2f$portfolio$2f$demo$2d$portfolio$2d$seed$2e$ts__$5b$app$2d$client$5d$__$28$ecmascript$29$__["buildDemoPortfolioSeed"])(portfolioId);
            setPortfolioHoldings(portfolioId, seed.holdings);
            setPortfolioTransactions(portfolioId, seed.transactions);
            demoDividendsAppliedRef.current.add(portfolioId);
            // Clear split-sync fingerprint so continuous repair runs on the new ledger.
            stockSplitsFpRef.current.delete(portfolioId);
            runHoldingsQuoteRefresh({
                [portfolioId]: seed.holdings
            });
            void syncStockSplitsForPortfolio(portfolioId, seed.transactions);
            return true;
        }]
Incoming: [false, true, /screener, [object Object],[object Object],[object Object],[object Object],[object Object],[object Object],[object Object], [object Object], async (portfolioId, txsOverride)=>{
            const port = portfolios.find({
                "PortfolioWorkspaceProvider.useCallback[syncStockSplitsForPortfolio].port": (x)=>x.id === portfolioId
            }["PortfolioWorkspaceProvider.useCallback[syncStockSplitsForPortfolio].port"]);
            if (!port || (0, __TURBOPACK__imported__module__$5b$project$5d2f$components$2f$portfolio$2f$portfolio$2d$types$2e$ts__$5b$app$2d$client$5d$__$28$ecmascript$29$__["portfolioIsCombined"])(port) || port.snaptrade) return;
            if (stockSplitsInFlightRef.current.has(portfolioId)) return;
            const txs = txsOverride ?? transactionsByPortfolioId[portfolioId] ?? [];
            if (!txs.some({
                "PortfolioWorkspaceProvider.useCallback[syncStockSplitsForPortfolio]": (t)=>t.kind === "trade"
            }["PortfolioWorkspaceProvider.useCallback[syncStockSplitsForPortfolio]"])) return;
            const fp = `continuous-v3|${ledgerTxFingerprint(txs)}`;
            if (stockSplitsFpRef.current.get(portfolioId) === fp) return;
            stockSplitsInFlightRef.current.add(portfolioId);
            try {
                const res = await fetch("/api/portfolio/stock-splits", {
                    method: "POST",
                    credentials: "include",
                    headers: {
                        "Content-Type": "application/json"
                    },
                    body: JSON.stringify({
                        portfolioId,
                        transactions: txs
                    })
                });
                if (!res.ok) return;
                const data = await res.json();
                const pricesRestored = typeof data.pricesRestored === "number" ? data.pricesRestored : typeof data.pricesHealed === "number" ? data.pricesHealed : 0;
                const splitsRemoved = typeof data.splitsRemoved === "number" ? data.splitsRemoved : 0;
                const nextRaw = Array.isArray(data.transactions) && data.transactions.length > 0 ? data.transactions : txs;
                // No repair needed — remember this ledger shape so we don't poll again every effect.
                if (pricesRestored === 0 && splitsRemoved === 0) {
                    stockSplitsFpRef.current.set(portfolioId, fp);
                    return;
                }
                // Bypass strict mutation validation (orphan sells etc. already in display ledger).
                const tagged = (0, __TURBOPACK__imported__module__$5b$project$5d2f$lib$2f$portfolio$2f$ledger$2f$portfolio$2d$ledger$2d$engine$2e$ts__$5b$app$2d$client$5d$__$28$ecmascript$29$__["tagLegacyAnomalySells"])(nextRaw, portfolioId);
                const { transactions: migrated } = (0, __TURBOPACK__imported__module__$5b$project$5d2f$lib$2f$portfolio$2f$ledger$2f$portfolio$2d$ledger$2d$migrate$2e$ts__$5b$app$2d$client$5d$__$28$ecmascript$29$__["migratePortfolioTransactionSequences"])(tagged.transactions);
                stockSplitsFpRef.current.set(portfolioId, `continuous-v3|${ledgerTxFingerprint(migrated)}`);
                setTransactionsByPortfolioId({
                    "PortfolioWorkspaceProvider.useCallback[syncStockSplitsForPortfolio]": (prev)=>({
                            ...prev,
                            [portfolioId]: migrated
                        })
                }["PortfolioWorkspaceProvider.useCallback[syncStockSplitsForPortfolio]"]);
                const rebuilt = (0, __TURBOPACK__imported__module__$5b$project$5d2f$lib$2f$portfolio$2f$rebuild$2d$holdings$2d$from$2d$trades$2e$ts__$5b$app$2d$client$5d$__$28$ecmascript$29$__$3c$locals$3e$__["replayTradeTransactionsToHoldings"])(migrated);
                const quoted = await (0, __TURBOPACK__imported__module__$5b$project$5d2f$lib$2f$portfolio$2f$rebuild$2d$holdings$2d$from$2d$trades$2e$ts__$5b$app$2d$client$5d$__$28$ecmascript$29$__$3c$locals$3e$__["refreshHoldingMarketPrices"])(rebuilt);
                setPortfolioHoldings(portfolioId, quoted);
            } catch  {
            /* non-fatal */ } finally{
                stockSplitsInFlightRef.current.delete(portfolioId);
            }
        }, async (portfolioId, txsOverride)=>{
            const port = portfolios.find({
                "PortfolioWorkspaceProvider.useCallback[ensureDemoDividendsForPortfolio].port": (x)=>x.id === portfolioId
            }["PortfolioWorkspaceProvider.useCallback[ensureDemoDividendsForPortfolio].port"]);
            if (!port || !(0, __TURBOPACK__imported__module__$5b$project$5d2f$components$2f$portfolio$2f$portfolio$2d$types$2e$ts__$5b$app$2d$client$5d$__$28$ecmascript$29$__["portfolioIsDemo"])(port)) return;
            if (demoDividendsAppliedRef.current.has(portfolioId)) return;
            const txs = txsOverride ?? transactionsByPortfolioId[portfolioId] ?? [];
            // Wait until ledger is present (hydrate can land demo before txs).
            if (txs.length === 0) return;
            const next = (0, __TURBOPACK__imported__module__$5b$project$5d2f$lib$2f$portfolio$2f$demo$2d$portfolio$2d$seed$2e$ts__$5b$app$2d$client$5d$__$28$ecmascript$29$__["ensureDemoDividendTransactions"])(portfolioId, txs);
            if (next) {
                demoDividendsAppliedRef.current.add(portfolioId);
                setPortfolioTransactions(portfolioId, next);
                const rebuilt = (0, __TURBOPACK__imported__module__$5b$project$5d2f$lib$2f$portfolio$2f$rebuild$2d$holdings$2d$from$2d$trades$2e$ts__$5b$app$2d$client$5d$__$28$ecmascript$29$__$3c$locals$3e$__["replayTradeTransactionsToHoldings"])(next);
                const quoted = await (0, __TURBOPACK__imported__module__$5b$project$5d2f$lib$2f$portfolio$2f$rebuild$2d$holdings$2d$from$2d$trades$2e$ts__$5b$app$2d$client$5d$__$28$ecmascript$29$__$3c$locals$3e$__["refreshHoldingMarketPrices"])(rebuilt);
                setPortfolioHoldings(portfolioId, quoted);
                return;
            }
            // Already has dividends (or none owed) — don't keep retrying every render.
            demoDividendsAppliedRef.current.add(portfolioId);
        }, (portfolioId)=>{
            const port = portfolios.find({
                "PortfolioWorkspaceProvider.useCallback[reseedDemoLedgerIfNeeded].port": (x)=>x.id === portfolioId
            }["PortfolioWorkspaceProvider.useCallback[reseedDemoLedgerIfNeeded].port"]);
            if (!port || !(0, __TURBOPACK__imported__module__$5b$project$5d2f$components$2f$portfolio$2f$portfolio$2d$types$2e$ts__$5b$app$2d$client$5d$__$28$ecmascript$29$__["portfolioIsDemo"])(port)) return false;
            if (demoReseedDoneRef.current.has(portfolioId)) return false;
            const txs = transactionsByPortfolioId[portfolioId] ?? [];
            if (txs.length === 0) return false;
            if (!(0, __TURBOPACK__imported__module__$5b$project$5d2f$lib$2f$portfolio$2f$demo$2d$portfolio$2d$seed$2e$ts__$5b$app$2d$client$5d$__$28$ecmascript$29$__["demoLedgerNeedsReseed"])(txs)) {
                demoReseedDoneRef.current.add(portfolioId);
                return false;
            }
            demoReseedDoneRef.current.add(portfolioId);
            const seed = (0, __TURBOPACK__imported__module__$5b$project$5d2f$lib$2f$portfolio$2f$demo$2d$portfolio$2d$seed$2e$ts__$5b$app$2d$client$5d$__$28$ecmascript$29$__["buildDemoPortfolioSeed"])(portfolioId);
            setPortfolioHoldings(portfolioId, seed.holdings);
            setPortfolioTransactions(portfolioId, seed.transactions);
            demoDividendsAppliedRef.current.add(portfolioId);
            // Clear split-sync fingerprint so continuous repair runs on the new ledger.
            stockSplitsFpRef.current.delete(portfolioId);
            runHoldingsQuoteRefresh({
                [portfolioId]: seed.holdings
            });
            void syncStockSplitsForPortfolio(portfolioId, seed.transactions);
            return true;
        }] 
    at console.error (lib/auth/suppress-stale-auth-console-errors.ts:32:5)
    at PortfolioWorkspaceProvider (components/portfolio/portfolio-workspace-provider.tsx:1429:12)
    at Set.forEach (<anonymous>)
  30 |   console.error = (...args: unknown[]) => {
  31 |     if (args.some(looksLikeStaleAuthConsoleArg)) return;
> 32 |     original(...args);
     |     ^
  33 |   };
  34 | }
  35 | (lib/auth/suppress-stale-auth-console-errors.ts:32:5)
 POST /api/portfolio/stock-splits 200 in 1177ms (next.js: 3ms, application-code: 1174ms)
 POST /api/portfolio/live-quotes 200 in 4.5s (next.js: 1953µs, application-code: 4.5s)
 POST /api/portfolio/stock-splits 200 in 1420ms (next.js: 3ms, application-code: 1417ms)
 POST /api/portfolio/stock-splits 200 in 1292ms (next.js: 1151µs, application-code: 1291ms)
 POST /api/portfolio/stock-splits 200 in 351ms (next.js: 1522µs, application-code: 350ms)
 GET /api/search/recent 200 in 193ms (next.js: 2ms, application-code: 190ms)
 GET /api/search/recent 200 in 186ms (next.js: 1084µs, application-code: 185ms)
 GET /api/notifications?count=1 200 in 93ms (next.js: 2ms, application-code: 91ms)
 GET /api/superinvestor-follows 200 in 200ms (next.js: 1942µs, application-code: 198ms)
 PUT /api/portfolios/listings 200 in 154ms (next.js: 1602µs, application-code: 152ms)
 GET /api/watchlist 200 in 234ms (next.js: 3ms, application-code: 231ms)
 POST /api/portfolio/live-quotes 200 in 3.4s (next.js: 7ms, application-code: 3.4s)
✓ Compiled in 212ms
✓ Compiled in 84ms
 GET /api/portfolio/workspace 200 in 11.7s (next.js: 13ms, application-code: 11.7s)
 GET /api/portfolio/workspace 200 in 148ms (next.js: 4ms, application-code: 144ms)
 GET /api/portfolio/workspace 200 in 167ms (next.js: 1642µs, application-code: 166ms)
 GET /api/portfolio/workspace 200 in 171ms (next.js: 1356µs, application-code: 169ms)
[portfolio/workspace PUT] ledger warnings {
  userId: '52373158-0eff-48de-80ba-f9206ee0e52a',
  warnings: [
    {
      code: 'SELL_WITHOUT_POSITION',
      portfolioId: '6667854d-3cea-49f6-9aac-8a7340c82cb8',
      transactionId: '484eefe6-d749-45bf-9f2d-4a9006a26b62',
      message: 'Sell of AAL with no open position.',
      legacy: true
    },
    {
      code: 'SELL_WITHOUT_POSITION',
      portfolioId: '6667854d-3cea-49f6-9aac-8a7340c82cb8',
      transactionId: '6d6780cf-80b2-4b0d-a3ef-a5b13da610d6',
      message: 'Sell of WISH with no open position.',
      legacy: true
    },
    {
      code: 'SELL_WITHOUT_POSITION',
      portfolioId: '6667854d-3cea-49f6-9aac-8a7340c82cb8',
      transactionId: 'b3c3668a-1730-4300-bd49-255067fbb9c4',
      message: 'Sell of NNOX with no open position.',
      legacy: true
    },
    {
      code: 'SELL_EXCEEDS_AVAILABLE_SHARES',
      portfolioId: '6667854d-3cea-49f6-9aac-8a7340c82cb8',
      transactionId: '4120dc1a-c777-45f4-b033-802dda8bf9e1',
      message: 'Sell 2.195119 PEP exceeds available 2.',
      legacy: true
    }
  ],
  migrateReport: {
    sequenceReports: {
      '6667854d-3cea-49f6-9aac-8a7340c82cb8': [Object],
      '27085251-e3e2-4829-81ee-14004843637d': [Object],
      '6e1c8d68-72f3-4160-9874-6473edd2f7eb': [Object],
      'd972d6f7-1f89-492b-81cf-aaf5fba709f5': [Object],
      '1c9764f9-9feb-462d-8cbe-a61ade8b293c': [Object],
      'a8524493-d06d-4997-9949-ab2bb8e7258b': [Object],
      'e1d517c3-21d5-45d0-8125-fbbb5dbd23f4': [Object]
    },
    legacyTaggedByPortfolio: {},
    changed: false
  }
}
 PUT /api/portfolio/workspace 200 in 432ms (next.js: 1156µs, application-code: 431ms)
✓ Compiled in 148ms
 POST /api/portfolio/live-quotes 200 in 3.8s (next.js: 3ms, application-code: 3.8s)
 PUT /api/portfolios/listings 200 in 169ms (next.js: 6ms, application-code: 163ms)
 PUT /api/portfolios/listings 200 in 244ms (next.js: 10ms, application-code: 234ms)
✓ Compiled in 160ms
 GET /api/notifications?count=1 200 in 136ms (next.js: 10ms, application-code: 125ms)
 GET /api/notifications?count=1 200 in 184ms (next.js: 30ms, application-code: 154ms)
 GET /api/portfolio/workspace 200 in 224ms (next.js: 3ms, application-code: 221ms)
 GET /api/notifications?count=1 200 in 115ms (next.js: 2ms, application-code: 113ms)
 GET /api/account/billing/summary 200 in 154ms (next.js: 2ms, application-code: 152ms)
 GET /api/portfolio/workspace 200 in 144ms (next.js: 4ms, application-code: 140ms)
[browser] The final argument passed to useEffect changed size between renders. The order and size of this array must remain constant.

Previous: [false, true, [object Object],[object Object], [object Object], async (portfolioId, txsOverride)=>{
            const port = portfolios.find({
                "PortfolioWorkspaceProvider.useCallback[syncStockSplitsForPortfolio].port": (x)=>x.id === portfolioId
            }["PortfolioWorkspaceProvider.useCallback[syncStockSplitsForPortfolio].port"]);
            if (!port || (0, __TURBOPACK__imported__module__$5b$project$5d2f$components$2f$portfolio$2f$portfolio$2d$types$2e$ts__$5b$app$2d$client$5d$__$28$ecmascript$29$__["portfolioIsCombined"])(port) || port.snaptrade) return;
            if (stockSplitsInFlightRef.current.has(portfolioId)) return;
            const txs = txsOverride ?? transactionsByPortfolioId[portfolioId] ?? [];
            if (!txs.some({
                "PortfolioWorkspaceProvider.useCallback[syncStockSplitsForPortfolio]": (t)=>t.kind === "trade"
            }["PortfolioWorkspaceProvider.useCallback[syncStockSplitsForPortfolio]"])) return;
            const fp = `continuous-v3|${ledgerTxFingerprint(txs)}`;
            if (stockSplitsFpRef.current.get(portfolioId) === fp) return;
            stockSplitsInFlightRef.current.add(portfolioId);
            try {
                const res = await fetch("/api/portfolio/stock-splits", {
                    method: "POST",
                    credentials: "include",
                    headers: {
                        "Content-Type": "application/json"
                    },
                    body: JSON.stringify({
                        portfolioId,
                        transactions: txs
                    })
                });
                if (!res.ok) return;
                const data = await res.json();
                const pricesRestored = typeof data.pricesRestored === "number" ? data.pricesRestored : typeof data.pricesHealed === "number" ? data.pricesHealed : 0;
                const splitsRemoved = typeof data.splitsRemoved === "number" ? data.splitsRemoved : 0;
                const nextRaw = Array.isArray(data.transactions) && data.transactions.length > 0 ? data.transactions : txs;
                // No repair needed — remember this ledger shape so we don't poll again every effect.
                if (pricesRestored === 0 && splitsRemoved === 0) {
                    stockSplitsFpRef.current.set(portfolioId, fp);
                    return;
                }
                // Bypass strict mutation validation (orphan sells etc. already in display ledger).
                const tagged = (0, __TURBOPACK__imported__module__$5b$project$5d2f$lib$2f$portfolio$2f$ledger$2f$portfolio$2d$ledger$2d$engine$2e$ts__$5b$app$2d$client$5d$__$28$ecmascript$29$__["tagLegacyAnomalySells"])(nextRaw, portfolioId);
                const { transactions: migrated } = (0, __TURBOPACK__imported__module__$5b$project$5d2f$lib$2f$portfolio$2f$ledger$2f$portfolio$2d$ledger$2d$migrate$2e$ts__$5b$app$2d$client$5d$__$28$ecmascript$29$__["migratePortfolioTransactionSequences"])(tagged.transactions);
                stockSplitsFpRef.current.set(portfolioId, `continuous-v3|${ledgerTxFingerprint(migrated)}`);
                setTransactionsByPortfolioId({
                    "PortfolioWorkspaceProvider.useCallback[syncStockSplitsForPortfolio]": (prev)=>({
                            ...prev,
                            [portfolioId]: migrated
                        })
                }["PortfolioWorkspaceProvider.useCallback[syncStockSplitsForPortfolio]"]);
                const rebuilt = (0, __TURBOPACK__imported__module__$5b$project$5d2f$lib$2f$portfolio$2f$rebuild$2d$holdings$2d$from$2d$trades$2e$ts__$5b$app$2d$client$5d$__$28$ecmascript$29$__$3c$locals$3e$__["replayTradeTransactionsToHoldings"])(migrated);
                const quoted = await (0, __TURBOPACK__imported__module__$5b$project$5d2f$lib$2f$portfolio$2f$rebuild$2d$holdings$2d$from$2d$trades$2e$ts__$5b$app$2d$client$5d$__$28$ecmascript$29$__$3c$locals$3e$__["refreshHoldingMarketPrices"])(rebuilt);
                setPortfolioHoldings(portfolioId, quoted);
            } catch  {
            /* non-fatal */ } finally{
                stockSplitsInFlightRef.current.delete(portfolioId);
            }
        }, async (portfolioId, txsOverride)=>{
            const port = portfolios.find({
                "PortfolioWorkspaceProvider.useCallback[ensureDemoDividendsForPortfolio].port": (x)=>x.id === portfolioId
            }["PortfolioWorkspaceProvider.useCallback[ensureDemoDividendsForPortfolio].port"]);
            if (!port || !(0, __TURBOPACK__imported__module__$5b$project$5d2f$components$2f$portfolio$2f$portfolio$2d$types$2e$ts__$5b$app$2d$client$5d$__$28$ecmascript$29$__["portfolioIsDemo"])(port)) return;
            if (demoDividendsAppliedRef.current.has(portfolioId)) return;
            const txs = txsOverride ?? transactionsByPortfolioId[portfolioId] ?? [];
            // Wait until ledger is present (hydrate can land demo before txs).
            if (txs.length === 0) return;
            const next = (0, __TURBOPACK__imported__module__$5b$project$5d2f$lib$2f$portfolio$2f$demo$2d$portfolio$2d$seed$2e$ts__$5b$app$2d$client$5d$__$28$ecmascript$29$__["ensureDemoDividendTransactions"])(portfolioId, txs);
            if (next) {
                demoDividendsAppliedRef.current.add(portfolioId);
                setPortfolioTransactions(portfolioId, next);
                const rebuilt = (0, __TURBOPACK__imported__module__$5b$project$5d2f$lib$2f$portfolio$2f$rebuild$2d$holdings$2d$from$2d$trades$2e$ts__$5b$app$2d$client$5d$__$28$ecmascript$29$__$3c$locals$3e$__["replayTradeTransactionsToHoldings"])(next);
                const quoted = await (0, __TURBOPACK__imported__module__$5b$project$5d2f$lib$2f$portfolio$2f$rebuild$2d$holdings$2d$from$2d$trades$2e$ts__$5b$app$2d$client$5d$__$28$ecmascript$29$__$3c$locals$3e$__["refreshHoldingMarketPrices"])(rebuilt);
                setPortfolioHoldings(portfolioId, quoted);
                return;
            }
            // Already has dividends (or none owed) — don't keep retrying every render.
            demoDividendsAppliedRef.current.add(portfolioId);
        }, (portfolioId)=>{
            const port = portfolios.find({
                "PortfolioWorkspaceProvider.useCallback[reseedDemoLedgerIfNeeded].port": (x)=>x.id === portfolioId
            }["PortfolioWorkspaceProvider.useCallback[reseedDemoLedgerIfNeeded].port"]);
            if (!port || !(0, __TURBOPACK__imported__module__$5b$project$5d2f$components$2f$portfolio$2f$portfolio$2d$types$2e$ts__$5b$app$2d$client$5d$__$28$ecmascript$29$__["portfolioIsDemo"])(port)) return false;
            if (demoReseedDoneRef.current.has(portfolioId)) return false;
            const txs = transactionsByPortfolioId[portfolioId] ?? [];
            if (txs.length === 0) return false;
            if (!(0, __TURBOPACK__imported__module__$5b$project$5d2f$lib$2f$portfolio$2f$demo$2d$portfolio$2d$seed$2e$ts__$5b$app$2d$client$5d$__$28$ecmascript$29$__["demoLedgerNeedsReseed"])(txs)) {
                demoReseedDoneRef.current.add(portfolioId);
                return false;
            }
            demoReseedDoneRef.current.add(portfolioId);
            const seed = (0, __TURBOPACK__imported__module__$5b$project$5d2f$lib$2f$portfolio$2f$demo$2d$portfolio$2d$seed$2e$ts__$5b$app$2d$client$5d$__$28$ecmascript$29$__["buildDemoPortfolioSeed"])(portfolioId);
            setPortfolioHoldings(portfolioId, seed.holdings);
            setPortfolioTransactions(portfolioId, seed.transactions);
            demoDividendsAppliedRef.current.add(portfolioId);
            // Clear split-sync fingerprint so continuous repair runs on the new ledger.
            stockSplitsFpRef.current.delete(portfolioId);
            runHoldingsQuoteRefresh({
                [portfolioId]: seed.holdings
            });
            void syncStockSplitsForPortfolio(portfolioId, seed.transactions);
            return true;
        }]
Incoming: [false, true, /portfolio, [object Object],[object Object], [object Object], async (portfolioId, txsOverride)=>{
            const port = portfolios.find({
                "PortfolioWorkspaceProvider.useCallback[syncStockSplitsForPortfolio].port": (x)=>x.id === portfolioId
            }["PortfolioWorkspaceProvider.useCallback[syncStockSplitsForPortfolio].port"]);
            if (!port || (0, __TURBOPACK__imported__module__$5b$project$5d2f$components$2f$portfolio$2f$portfolio$2d$types$2e$ts__$5b$app$2d$client$5d$__$28$ecmascript$29$__["portfolioIsCombined"])(port) || port.snaptrade) return;
            if (stockSplitsInFlightRef.current.has(portfolioId)) return;
            const txs = txsOverride ?? transactionsByPortfolioId[portfolioId] ?? [];
            if (!txs.some({
                "PortfolioWorkspaceProvider.useCallback[syncStockSplitsForPortfolio]": (t)=>t.kind === "trade"
            }["PortfolioWorkspaceProvider.useCallback[syncStockSplitsForPortfolio]"])) return;
            const fp = `continuous-v3|${ledgerTxFingerprint(txs)}`;
            if (stockSplitsFpRef.current.get(portfolioId) === fp) return;
            stockSplitsInFlightRef.current.add(portfolioId);
            try {
                const res = await fetch("/api/portfolio/stock-splits", {
                    method: "POST",
                    credentials: "include",
                    headers: {
                        "Content-Type": "application/json"
                    },
                    body: JSON.stringify({
                        portfolioId,
                        transactions: txs
                    })
                });
                if (!res.ok) return;
                const data = await res.json();
                const pricesRestored = typeof data.pricesRestored === "number" ? data.pricesRestored : typeof data.pricesHealed === "number" ? data.pricesHealed : 0;
                const splitsRemoved = typeof data.splitsRemoved === "number" ? data.splitsRemoved : 0;
                const nextRaw = Array.isArray(data.transactions) && data.transactions.length > 0 ? data.transactions : txs;
                // No repair needed — remember this ledger shape so we don't poll again every effect.
                if (pricesRestored === 0 && splitsRemoved === 0) {
                    stockSplitsFpRef.current.set(portfolioId, fp);
                    return;
                }
                // Bypass strict mutation validation (orphan sells etc. already in display ledger).
                const tagged = (0, __TURBOPACK__imported__module__$5b$project$5d2f$lib$2f$portfolio$2f$ledger$2f$portfolio$2d$ledger$2d$engine$2e$ts__$5b$app$2d$client$5d$__$28$ecmascript$29$__["tagLegacyAnomalySells"])(nextRaw, portfolioId);
                const { transactions: migrated } = (0, __TURBOPACK__imported__module__$5b$project$5d2f$lib$2f$portfolio$2f$ledger$2f$portfolio$2d$ledger$2d$migrate$2e$ts__$5b$app$2d$client$5d$__$28$ecmascript$29$__["migratePortfolioTransactionSequences"])(tagged.transactions);
                stockSplitsFpRef.current.set(portfolioId, `continuous-v3|${ledgerTxFingerprint(migrated)}`);
                setTransactionsByPortfolioId({
                    "PortfolioWorkspaceProvider.useCallback[syncStockSplitsForPortfolio]": (prev)=>({
                            ...prev,
                            [portfolioId]: migrated
                        })
                }["PortfolioWorkspaceProvider.useCallback[syncStockSplitsForPortfolio]"]);
                const rebuilt = (0, __TURBOPACK__imported__module__$5b$project$5d2f$lib$2f$portfolio$2f$rebuild$2d$holdings$2d$from$2d$trades$2e$ts__$5b$app$2d$client$5d$__$28$ecmascript$29$__$3c$locals$3e$__["replayTradeTransactionsToHoldings"])(migrated);
                const quoted = await (0, __TURBOPACK__imported__module__$5b$project$5d2f$lib$2f$portfolio$2f$rebuild$2d$holdings$2d$from$2d$trades$2e$ts__$5b$app$2d$client$5d$__$28$ecmascript$29$__$3c$locals$3e$__["refreshHoldingMarketPrices"])(rebuilt);
                setPortfolioHoldings(portfolioId, quoted);
            } catch  {
            /* non-fatal */ } finally{
                stockSplitsInFlightRef.current.delete(portfolioId);
            }
        }, async (portfolioId, txsOverride)=>{
            const port = portfolios.find({
                "PortfolioWorkspaceProvider.useCallback[ensureDemoDividendsForPortfolio].port": (x)=>x.id === portfolioId
            }["PortfolioWorkspaceProvider.useCallback[ensureDemoDividendsForPortfolio].port"]);
            if (!port || !(0, __TURBOPACK__imported__module__$5b$project$5d2f$components$2f$portfolio$2f$portfolio$2d$types$2e$ts__$5b$app$2d$client$5d$__$28$ecmascript$29$__["portfolioIsDemo"])(port)) return;
            if (demoDividendsAppliedRef.current.has(portfolioId)) return;
            const txs = txsOverride ?? transactionsByPortfolioId[portfolioId] ?? [];
            // Wait until ledger is present (hydrate can land demo before txs).
            if (txs.length === 0) return;
            const next = (0, __TURBOPACK__imported__module__$5b$project$5d2f$lib$2f$portfolio$2f$demo$2d$portfolio$2d$seed$2e$ts__$5b$app$2d$client$5d$__$28$ecmascript$29$__["ensureDemoDividendTransactions"])(portfolioId, txs);
            if (next) {
                demoDividendsAppliedRef.current.add(portfolioId);
                setPortfolioTransactions(portfolioId, next);
                const rebuilt = (0, __TURBOPACK__imported__module__$5b$project$5d2f$lib$2f$portfolio$2f$rebuild$2d$holdings$2d$from$2d$trades$2e$ts__$5b$app$2d$client$5d$__$28$ecmascript$29$__$3c$locals$3e$__["replayTradeTransactionsToHoldings"])(next);
                const quoted = await (0, __TURBOPACK__imported__module__$5b$project$5d2f$lib$2f$portfolio$2f$rebuild$2d$holdings$2d$from$2d$trades$2e$ts__$5b$app$2d$client$5d$__$28$ecmascript$29$__$3c$locals$3e$__["refreshHoldingMarketPrices"])(rebuilt);
                setPortfolioHoldings(portfolioId, quoted);
                return;
            }
            // Already has dividends (or none owed) — don't keep retrying every render.
            demoDividendsAppliedRef.current.add(portfolioId);
        }, (portfolioId)=>{
            const port = portfolios.find({
                "PortfolioWorkspaceProvider.useCallback[reseedDemoLedgerIfNeeded].port": (x)=>x.id === portfolioId
            }["PortfolioWorkspaceProvider.useCallback[reseedDemoLedgerIfNeeded].port"]);
            if (!port || !(0, __TURBOPACK__imported__module__$5b$project$5d2f$components$2f$portfolio$2f$portfolio$2d$types$2e$ts__$5b$app$2d$client$5d$__$28$ecmascript$29$__["portfolioIsDemo"])(port)) return false;
            if (demoReseedDoneRef.current.has(portfolioId)) return false;
            const txs = transactionsByPortfolioId[portfolioId] ?? [];
            if (txs.length === 0) return false;
            if (!(0, __TURBOPACK__imported__module__$5b$project$5d2f$lib$2f$portfolio$2f$demo$2d$portfolio$2d$seed$2e$ts__$5b$app$2d$client$5d$__$28$ecmascript$29$__["demoLedgerNeedsReseed"])(txs)) {
                demoReseedDoneRef.current.add(portfolioId);
                return false;
            }
            demoReseedDoneRef.current.add(portfolioId);
            const seed = (0, __TURBOPACK__imported__module__$5b$project$5d2f$lib$2f$portfolio$2f$demo$2d$portfolio$2d$seed$2e$ts__$5b$app$2d$client$5d$__$28$ecmascript$29$__["buildDemoPortfolioSeed"])(portfolioId);
            setPortfolioHoldings(portfolioId, seed.holdings);
            setPortfolioTransactions(portfolioId, seed.transactions);
            demoDividendsAppliedRef.current.add(portfolioId);
            // Clear split-sync fingerprint so continuous repair runs on the new ledger.
            stockSplitsFpRef.current.delete(portfolioId);
            runHoldingsQuoteRefresh({
                [portfolioId]: seed.holdings
            });
            void syncStockSplitsForPortfolio(portfolioId, seed.transactions);
            return true;
        }] 
    at forEach ([native code]) ([native code])
 GET /api/portfolio/workspace 200 in 159ms (next.js: 27ms, application-code: 132ms)
 GET /api/search/recent 200 in 186ms (next.js: 35ms, application-code: 151ms)
 GET /api/watchlist 200 in 216ms (next.js: 52ms, application-code: 164ms)
 GET /api/search/recent 200 in 92ms (next.js: 1921µs, application-code: 90ms)
 GET /api/superinvestor-follows 200 in 74ms (next.js: 1937µs, application-code: 72ms)
 GET /api/watchlist 200 in 165ms (next.js: 1430µs, application-code: 163ms)
 PUT /api/portfolio/workspace 200 in 258ms (next.js: 1534µs, application-code: 256ms)
 GET /api/watchlist 200 in 148ms (next.js: 1671µs, application-code: 146ms)
 POST /api/portfolio/stock-splits 200 in 853ms (next.js: 1206µs, application-code: 852ms)
 POST /api/portfolio/stock-splits 200 in 1156ms (next.js: 4ms, application-code: 1151ms)
 PUT /api/portfolio/workspace 200 in 343ms (next.js: 1622µs, application-code: 341ms)
 PUT /api/portfolio/workspace 200 in 309ms (next.js: 1489µs, application-code: 307ms)
 PUT /api/portfolio/workspace 200 in 278ms (next.js: 1385µs, application-code: 277ms)
 POST /api/portfolio/live-quotes 200 in 3.1s (next.js: 3ms, application-code: 3.1s)
 GET /api/stocks/UBER/header-meta 200 in 132ms (next.js: 35ms, application-code: 97ms)
✓ Compiled in 158ms
 PUT /api/portfolio/workspace 200 in 348ms (next.js: 3ms, application-code: 344ms)
 GET /api/portfolio/workspace 200 in 122ms (next.js: 11ms, application-code: 111ms)
 GET /api/portfolio/workspace 200 in 160ms (next.js: 16ms, application-code: 144ms)
 POST /api/portfolio/benchmark-compare 200 in 1398ms (next.js: 5ms, application-code: 1393ms)
 POST /api/portfolio/benchmark-compare 200 in 1437ms (next.js: 2ms, application-code: 1435ms)
[eodhd intraday] raw provider row sample {
  sym: 'COST.US',
  interval: '1h',
  rowCount: 2035,
  firstRow: {
    timestamp: 1756128600,
    gmtoffset: 0,
    datetime: '2025-08-25 13:30:00',
    open: 954.960021,
    high: 958.169982,
    low: 950.34497,
    close: 950.380004,
    volume: 401239
  }
}
[eodhd intraday] raw provider row sample {
  sym: 'V.US',
  interval: '1h',
  rowCount: 2035,
  firstRow: {
    timestamp: 1756128600,
    gmtoffset: 0,
    datetime: '2025-08-25 13:30:00',
    open: 349.609985,
    high: 350,
    low: 347.50241,
    close: 348.290008,
    volume: 700178
  }
}
[eodhd intraday] raw provider row sample {
  sym: 'SPGI.US',
  interval: '1h',
  rowCount: 2035,
  firstRow: {
    timestamp: 1756128600,
    gmtoffset: 0,
    datetime: '2025-08-25 13:30:00',
    open: 556.320007,
    high: 557.059997,
    low: 551.385009,
    close: 551.570007,
    volume: 121548
  }
}
[eodhd intraday] raw provider row sample {
  sym: 'AAPL.US',
  interval: '1h',
  rowCount: 2035,
  firstRow: {
    timestamp: 1756128600,
    gmtoffset: 0,
    datetime: '2025-08-25 13:30:00',
    open: 226.404998,
    high: 229.119995,
    low: 226.240005,
    close: 228.809997,
    volume: 8000835
  }
}
[eodhd intraday] raw provider row sample {
  sym: 'KO.US',
  interval: '1h',
  rowCount: 2035,
  firstRow: {
    timestamp: 1756128600,
    gmtoffset: 0,
    datetime: '2025-08-25 13:30:00',
    open: 70.11,
    high: 70.230003,
    low: 69.595001,
    close: 69.703498,
    volume: 2219819
  }
}
 PUT /api/portfolio/workspace 200 in 321ms (next.js: 2ms, application-code: 319ms)
[eodhd intraday] raw provider row sample {
  sym: 'QQQ.US',
  interval: '1h',
  rowCount: 2035,
  firstRow: {
    timestamp: 1756128600,
    gmtoffset: 0,
    datetime: '2025-08-25 13:30:00',
    open: 570.400024,
    high: 571.940002,
    low: 569.169982,
    close: 571.47998,
    volume: 10988770
  }
}
[eodhd intraday] raw provider row sample {
  sym: 'NFLX.US',
  interval: '1h',
  rowCount: 2035,
  firstRow: {
    timestamp: 1756128600,
    gmtoffset: 0,
    datetime: '2025-08-25 13:30:00',
    open: 1201.400024,
    high: 1233.800048,
    low: 1199,
    close: 1229.890014,
    volume: 1106344
  }
}
[eodhd intraday] raw provider row sample {
  sym: 'UBER.US',
  interval: '1h',
  rowCount: 2035,
  firstRow: {
    timestamp: 1756128600,
    gmtoffset: 0,
    datetime: '2025-08-25 13:30:00',
    open: 95.660003,
    high: 97.5,
    low: 95.533798,
    close: 96.330001,
    volume: 2762011
  }
}
[eodhd intraday] raw provider row sample {
  sym: 'TSLA.US',
  interval: '1h',
  rowCount: 2035,
  firstRow: {
    timestamp: 1756128600,
    gmtoffset: 0,
    datetime: '2025-08-25 13:30:00',
    open: 338.890014,
    high: 342.149902,
    low: 335.029998,
    close: 340.820007,
    volume: 22842107
  }
}
[eodhd intraday] raw provider row sample {
  sym: 'META.US',
  interval: '1h',
  rowCount: 2036,
  firstRow: {
    timestamp: 1756128600,
    gmtoffset: 0,
    datetime: '2025-08-25 13:30:00',
    open: 754.820007,
    high: 758.880004,
    low: 750.130004,
    close: 753.664978,
    volume: 1604098
  }
}
[portfolio/workspace PUT] ledger warnings {
  userId: '52373158-0eff-48de-80ba-f9206ee0e52a',
  warnings: [
    {
      code: 'SELL_WITHOUT_POSITION',
      portfolioId: '6667854d-3cea-49f6-9aac-8a7340c82cb8',
      transactionId: '484eefe6-d749-45bf-9f2d-4a9006a26b62',
      message: 'Sell of AAL with no open position.',
      legacy: true
    },
    {
      code: 'SELL_WITHOUT_POSITION',
      portfolioId: '6667854d-3cea-49f6-9aac-8a7340c82cb8',
      transactionId: '6d6780cf-80b2-4b0d-a3ef-a5b13da610d6',
      message: 'Sell of WISH with no open position.',
      legacy: true
    },
    {
      code: 'SELL_WITHOUT_POSITION',
      portfolioId: '6667854d-3cea-49f6-9aac-8a7340c82cb8',
      transactionId: 'b3c3668a-1730-4300-bd49-255067fbb9c4',
      message: 'Sell of NNOX with no open position.',
      legacy: true
    },
    {
      code: 'SELL_EXCEEDS_AVAILABLE_SHARES',
      portfolioId: '6667854d-3cea-49f6-9aac-8a7340c82cb8',
      transactionId: '4120dc1a-c777-45f4-b033-802dda8bf9e1',
      message: 'Sell 2.195119 PEP exceeds available 2.',
      legacy: true
    }
  ],
  migrateReport: {
    sequenceReports: {
      '6667854d-3cea-49f6-9aac-8a7340c82cb8': [Object],
      '27085251-e3e2-4829-81ee-14004843637d': [Object],
      '6e1c8d68-72f3-4160-9874-6473edd2f7eb': [Object],
      'd972d6f7-1f89-492b-81cf-aaf5fba709f5': [Object],
      '1c9764f9-9feb-462d-8cbe-a61ade8b293c': [Object],
      'a8524493-d06d-4997-9949-ab2bb8e7258b': [Object],
      'e1d517c3-21d5-45d0-8125-fbbb5dbd23f4': [Object]
    },
    legacyTaggedByPortfolio: {},
    changed: false
  }
}
 PUT /api/portfolio/workspace 200 in 497ms (next.js: 2ms, application-code: 495ms)
[eodhd intraday] raw provider row sample {
  sym: 'SOL-USD.CC',
  interval: '1h',
  rowCount: 9029,
  firstRow: {
    timestamp: 1756065600,
    gmtoffset: 0,
    datetime: '2025-08-24 20:00:00',
    open: 204.187759,
    high: 204.683517,
    low: 202.689407,
    close: 203.882446,
    volume: 1053734912
  }
}
[eodhd intraday] raw provider row sample {
  sym: 'BTC-USD.CC',
  interval: '1h',
  rowCount: 8997,
  firstRow: {
    timestamp: 1756065600,
    gmtoffset: 0,
    datetime: '2025-08-24 20:00:00',
    open: 112441.101562,
    high: 112974.921875,
    low: 111874.1875,
    close: 112636.960937,
    volume: 6395842560
  }
}
[eodhd intraday] raw provider row sample {
  sym: 'ETH-USD.CC',
  interval: '1h',
  rowCount: 8991,
  firstRow: {
    timestamp: 1756065600,
    gmtoffset: 0,
    datetime: '2025-08-24 20:00:00',
    open: 4798.733398,
    high: 4810.295898,
    low: 4730.064941,
    close: 4789.807128,
    volume: 4814876672
  }
}
 POST /api/portfolio/value-history 200 in 2.5s (next.js: 11ms, application-code: 2.5s)
✓ Compiled in 0ms
 GET /api/portfolio/workspace 200 in 83ms (next.js: 1143µs, application-code: 82ms)
 GET /api/portfolio/workspace 200 in 140ms (next.js: 1921µs, application-code: 138ms)
[portfolio/workspace PUT] ledger warnings {
  userId: '52373158-0eff-48de-80ba-f9206ee0e52a',
  warnings: [
    {
      code: 'SELL_WITHOUT_POSITION',
      portfolioId: '6667854d-3cea-49f6-9aac-8a7340c82cb8',
      transactionId: '484eefe6-d749-45bf-9f2d-4a9006a26b62',
      message: 'Sell of AAL with no open position.',
      legacy: true
    },
    {
      code: 'SELL_WITHOUT_POSITION',
      portfolioId: '6667854d-3cea-49f6-9aac-8a7340c82cb8',
      transactionId: '6d6780cf-80b2-4b0d-a3ef-a5b13da610d6',
      message: 'Sell of WISH with no open position.',
      legacy: true
    },
    {
      code: 'SELL_WITHOUT_POSITION',
      portfolioId: '6667854d-3cea-49f6-9aac-8a7340c82cb8',
      transactionId: 'b3c3668a-1730-4300-bd49-255067fbb9c4',
      message: 'Sell of NNOX with no open position.',
      legacy: true
    },
    {
      code: 'SELL_EXCEEDS_AVAILABLE_SHARES',
      portfolioId: '6667854d-3cea-49f6-9aac-8a7340c82cb8',
      transactionId: '4120dc1a-c777-45f4-b033-802dda8bf9e1',
      message: 'Sell 2.195119 PEP exceeds available 2.',
      legacy: true
    }
  ],
  migrateReport: {
    sequenceReports: {
      '6667854d-3cea-49f6-9aac-8a7340c82cb8': [Object],
      '27085251-e3e2-4829-81ee-14004843637d': [Object],
      '6e1c8d68-72f3-4160-9874-6473edd2f7eb': [Object],
      'd972d6f7-1f89-492b-81cf-aaf5fba709f5': [Object],
      '1c9764f9-9feb-462d-8cbe-a61ade8b293c': [Object],
      'a8524493-d06d-4997-9949-ab2bb8e7258b': [Object],
      'e1d517c3-21d5-45d0-8125-fbbb5dbd23f4': [Object]
    },
    legacyTaggedByPortfolio: {},
    changed: false
  }
}
 POST /api/portfolio/live-quotes 200 in 2.7s (next.js: 6ms, application-code: 2.7s)
 PUT /api/portfolio/workspace 200 in 259ms (next.js: 3ms, application-code: 256ms)
 GET /api/stocks/UBER/header-meta 200 in 80ms (next.js: 4ms, application-code: 76ms)
 PUT /api/portfolio/workspace 200 in 345ms (next.js: 1413µs, application-code: 343ms)
 POST /api/portfolio/live-quotes 200 in 2.7s (next.js: 4ms, application-code: 2.7s)
 POST /api/portfolio/benchmark-compare 200 in 833ms (next.js: 11ms, application-code: 822ms)
 POST /api/portfolio/benchmark-compare 200 in 860ms (next.js: 1679µs, application-code: 858ms)
 PUT /api/portfolio/workspace 200 in 545ms (next.js: 41ms, application-code: 504ms)
 PUT /api/portfolios/listings 200 in 392ms (next.js: 1934µs, application-code: 390ms)
 PUT /api/portfolios/listings 200 in 393ms (next.js: 5ms, application-code: 389ms)
 GET /api/notifications?count=1 200 in 111ms (next.js: 3ms, application-code: 108ms)
✓ Compiled in 147ms
 GET /api/portfolio/workspace 200 in 174ms (next.js: 7ms, application-code: 167ms)
 GET /api/portfolio/workspace 200 in 228ms (next.js: 8ms, application-code: 220ms)
[portfolio/workspace PUT] ledger warnings {
  userId: '52373158-0eff-48de-80ba-f9206ee0e52a',
  warnings: [
    {
      code: 'SELL_WITHOUT_POSITION',
      portfolioId: '6667854d-3cea-49f6-9aac-8a7340c82cb8',
      transactionId: '484eefe6-d749-45bf-9f2d-4a9006a26b62',
      message: 'Sell of AAL with no open position.',
      legacy: true
    },
    {
      code: 'SELL_WITHOUT_POSITION',
      portfolioId: '6667854d-3cea-49f6-9aac-8a7340c82cb8',
      transactionId: '6d6780cf-80b2-4b0d-a3ef-a5b13da610d6',
      message: 'Sell of WISH with no open position.',
      legacy: true
    },
    {
      code: 'SELL_WITHOUT_POSITION',
      portfolioId: '6667854d-3cea-49f6-9aac-8a7340c82cb8',
      transactionId: 'b3c3668a-1730-4300-bd49-255067fbb9c4',
      message: 'Sell of NNOX with no open position.',
      legacy: true
    },
    {
      code: 'SELL_EXCEEDS_AVAILABLE_SHARES',
      portfolioId: '6667854d-3cea-49f6-9aac-8a7340c82cb8',
      transactionId: '4120dc1a-c777-45f4-b033-802dda8bf9e1',
      message: 'Sell 2.195119 PEP exceeds available 2.',
      legacy: true
    }
  ],
  migrateReport: {
    sequenceReports: {
      '6667854d-3cea-49f6-9aac-8a7340c82cb8': [Object],
      '27085251-e3e2-4829-81ee-14004843637d': [Object],
      '6e1c8d68-72f3-4160-9874-6473edd2f7eb': [Object],
      'd972d6f7-1f89-492b-81cf-aaf5fba709f5': [Object],
      '1c9764f9-9feb-462d-8cbe-a61ade8b293c': [Object],
      'a8524493-d06d-4997-9949-ab2bb8e7258b': [Object],
      'e1d517c3-21d5-45d0-8125-fbbb5dbd23f4': [Object]
    },
    legacyTaggedByPortfolio: {},
    changed: false
  }
}
 PUT /api/portfolio/workspace 200 in 305ms (next.js: 1439µs, application-code: 304ms)
 PUT /api/portfolio/workspace 200 in 402ms (next.js: 3ms, application-code: 399ms)
 POST /api/portfolio/live-quotes 200 in 4.6s (next.js: 4ms, application-code: 4.6s)
 GET /api/stocks/UBER/header-meta 200 in 172ms (next.js: 9ms, application-code: 163ms)
 POST /api/portfolio/live-quotes 200 in 4.1s (next.js: 1679µs, application-code: 4.1s)
 PUT /api/portfolios/listings 200 in 248ms (next.js: 11ms, application-code: 238ms)
 PUT /api/portfolio/workspace 200 in 304ms (next.js: 1752µs, application-code: 302ms)
 POST /api/portfolio/benchmark-compare 200 in 1499ms (next.js: 9ms, application-code: 1491ms)
 POST /api/portfolio/benchmark-compare 200 in 1530ms (next.js: 2ms, application-code: 1528ms)
 GET /api/notifications?count=1 200 in 182ms (next.js: 38ms, application-code: 144ms)
 GET /api/notifications?count=1 200 in 318ms (next.js: 47ms, application-code: 271ms)
 GET /api/notifications?count=1 200 in 168ms (next.js: 13ms, application-code: 155ms)
  Reload env: .env.local
✓ Compiled in 707ms
[FINSEPA_PROVIDER_TRACE] scope=/screener ssr market=stocks eodhd_http=0 byFn={}
 GET /screener 200 in 945ms (next.js: 345ms, proxy.ts: 262ms, application-code: 339ms)
 GET /api/search/recent 200 in 1071ms (next.js: 621ms, application-code: 450ms)
 GET /api/notifications?count=1 200 in 1707ms (next.js: 147ms, application-code: 1560ms)
 GET /api/search/recent 200 in 743ms (next.js: 446ms, application-code: 296ms)
 GET /api/superinvestor-follows 200 in 308ms (next.js: 128ms, application-code: 180ms)
 GET /api/portfolio/workspace 200 in 1209ms (next.js: 270ms, application-code: 939ms)
 GET /api/notifications?count=1 200 in 97ms (next.js: 4ms, application-code: 93ms)
 GET /api/watchlist 200 in 356ms (next.js: 97ms, application-code: 259ms)
 GET /api/portfolio/workspace 200 in 129ms (next.js: 941µs, application-code: 128ms)
[FINSEPA_PROVIDER_TRACE] EODHD fetchEodhdRealtimeSymbolsRaw {"symbolsInRequest":14}
[portfolio/workspace PUT] ledger warnings {
  userId: '52373158-0eff-48de-80ba-f9206ee0e52a',
  warnings: [
    {
      code: 'SELL_WITHOUT_POSITION',
      portfolioId: '6667854d-3cea-49f6-9aac-8a7340c82cb8',
      transactionId: '484eefe6-d749-45bf-9f2d-4a9006a26b62',
      message: 'Sell of AAL with no open position.',
      legacy: true
    },
    {
      code: 'SELL_WITHOUT_POSITION',
      portfolioId: '6667854d-3cea-49f6-9aac-8a7340c82cb8',
      transactionId: '6d6780cf-80b2-4b0d-a3ef-a5b13da610d6',
      message: 'Sell of WISH with no open position.',
      legacy: true
    },
    {
      code: 'SELL_WITHOUT_POSITION',
      portfolioId: '6667854d-3cea-49f6-9aac-8a7340c82cb8',
      transactionId: 'b3c3668a-1730-4300-bd49-255067fbb9c4',
      message: 'Sell of NNOX with no open position.',
      legacy: true
    },
    {
      code: 'SELL_EXCEEDS_AVAILABLE_SHARES',
      portfolioId: '6667854d-3cea-49f6-9aac-8a7340c82cb8',
      transactionId: '4120dc1a-c777-45f4-b033-802dda8bf9e1',
      message: 'Sell 2.195119 PEP exceeds available 2.',
      legacy: true
    }
  ],
  migrateReport: {
    sequenceReports: {
      '6667854d-3cea-49f6-9aac-8a7340c82cb8': [Object],
      '27085251-e3e2-4829-81ee-14004843637d': [Object],
      '6e1c8d68-72f3-4160-9874-6473edd2f7eb': [Object],
      'd972d6f7-1f89-492b-81cf-aaf5fba709f5': [Object],
      '1c9764f9-9feb-462d-8cbe-a61ade8b293c': [Object],
      'a8524493-d06d-4997-9949-ab2bb8e7258b': [Object],
      'e1d517c3-21d5-45d0-8125-fbbb5dbd23f4': [Object]
    },
    legacyTaggedByPortfolio: {},
    changed: false
  }
}
 PUT /api/portfolio/workspace 200 in 328ms (next.js: 1346µs, application-code: 326ms)
[FINSEPA_PROVIDER_TRACE] EODHD fetchEodhdCryptoDailyBars {"symbol":"BTC-USD.CC"}
[FINSEPA_PROVIDER_TRACE] EODHD fetchEodhdCryptoDailyBars {"symbol":"ETH-USD.CC"}
 POST /api/portfolio/live-quotes 200 in 4.1s (next.js: 54ms, application-code: 4.1s)
 PUT /api/portfolios/listings 200 in 288ms (next.js: 77ms, application-code: 210ms)
 PUT /api/portfolios/listings 200 in 289ms (next.js: 83ms, application-code: 206ms)
 GET /api/notifications?count=1 200 in 419ms (next.js: 6ms, application-code: 413ms)
 GET /api/notifications?count=1 200 in 162ms (next.js: 4ms, application-code: 158ms)
✓ Compiled in 117ms
[FINSEPA_PROVIDER_TRACE] scope=/screener ssr market=stocks eodhd_http=0 byFn={}
 GET /screener 200 in 82ms (next.js: 5ms, proxy.ts: 13ms, application-code: 64ms)
 GET /api/notifications?count=1 200 in 115ms (next.js: 3ms, application-code: 112ms)
 GET /api/portfolio/workspace 200 in 149ms (next.js: 2ms, application-code: 147ms)
 GET /api/notifications?count=1 200 in 102ms (next.js: 1299µs, application-code: 101ms)
 GET /api/search/recent 200 in 215ms (next.js: 1785µs, application-code: 213ms)
 GET /api/search/recent 200 in 208ms (next.js: 1481µs, application-code: 207ms)
 GET /api/superinvestor-follows 200 in 187ms (next.js: 4ms, application-code: 183ms)
 GET /api/portfolio/workspace 200 in 247ms (next.js: 1986µs, application-code: 245ms)
[FINSEPA_PROVIDER_TRACE] EODHD fetchEodhdRealtimeSymbolsRaw {"symbolsInRequest":14}
 GET /api/watchlist 200 in 190ms (next.js: 6ms, application-code: 184ms)
[portfolio/workspace PUT] ledger warnings {
  userId: '52373158-0eff-48de-80ba-f9206ee0e52a',
  warnings: [
    {
      code: 'SELL_WITHOUT_POSITION',
      portfolioId: '6667854d-3cea-49f6-9aac-8a7340c82cb8',
      transactionId: '484eefe6-d749-45bf-9f2d-4a9006a26b62',
      message: 'Sell of AAL with no open position.',
      legacy: true
    },
    {
      code: 'SELL_WITHOUT_POSITION',
      portfolioId: '6667854d-3cea-49f6-9aac-8a7340c82cb8',
      transactionId: '6d6780cf-80b2-4b0d-a3ef-a5b13da610d6',
      message: 'Sell of WISH with no open position.',
      legacy: true
    },
    {
      code: 'SELL_WITHOUT_POSITION',
      portfolioId: '6667854d-3cea-49f6-9aac-8a7340c82cb8',
      transactionId: 'b3c3668a-1730-4300-bd49-255067fbb9c4',
      message: 'Sell of NNOX with no open position.',
      legacy: true
    },
    {
      code: 'SELL_EXCEEDS_AVAILABLE_SHARES',
      portfolioId: '6667854d-3cea-49f6-9aac-8a7340c82cb8',
      transactionId: '4120dc1a-c777-45f4-b033-802dda8bf9e1',
      message: 'Sell 2.195119 PEP exceeds available 2.',
      legacy: true
    }
  ],
  migrateReport: {
    sequenceReports: {
      '6667854d-3cea-49f6-9aac-8a7340c82cb8': [Object],
      '27085251-e3e2-4829-81ee-14004843637d': [Object],
      '6e1c8d68-72f3-4160-9874-6473edd2f7eb': [Object],
      'd972d6f7-1f89-492b-81cf-aaf5fba709f5': [Object],
      '1c9764f9-9feb-462d-8cbe-a61ade8b293c': [Object],
      'a8524493-d06d-4997-9949-ab2bb8e7258b': [Object],
      'e1d517c3-21d5-45d0-8125-fbbb5dbd23f4': [Object]
    },
    legacyTaggedByPortfolio: {},
    changed: false
  }
}
 PUT /api/portfolio/workspace 200 in 348ms (next.js: 1475µs, application-code: 347ms)
[FINSEPA_PROVIDER_TRACE] scope=/screener ssr market=stocks eodhd_http=0 byFn={}
✓ Compiled in 82ms
 GET /screener 200 in 49ms (next.js: 2ms, proxy.ts: 7ms, application-code: 40ms)
 GET /api/notifications?count=1 200 in 97ms (next.js: 4ms, application-code: 92ms)
 GET /api/portfolio/workspace 200 in 120ms (next.js: 1371µs, application-code: 119ms)
 GET /api/search/recent 200 in 70ms (next.js: 1232µs, application-code: 68ms)
 GET /api/search/recent 200 in 91ms (next.js: 3ms, application-code: 88ms)
 GET /api/notifications?count=1 200 in 149ms (next.js: 1392µs, application-code: 148ms)
 GET /api/portfolio/workspace 200 in 114ms (next.js: 1205µs, application-code: 112ms)
 GET /api/superinvestor-follows 200 in 122ms (next.js: 6ms, application-code: 116ms)
 GET /api/watchlist 200 in 169ms (next.js: 3ms, application-code: 166ms)
[FINSEPA_PROVIDER_TRACE] EODHD fetchEodhdCryptoDailyBars {"symbol":"BTC-USD.CC"}
[FINSEPA_PROVIDER_TRACE] EODHD fetchEodhdCryptoDailyBars {"symbol":"ETH-USD.CC"}
[portfolio/workspace PUT] ledger warnings {
  userId: '52373158-0eff-48de-80ba-f9206ee0e52a',
  warnings: [
    {
      code: 'SELL_WITHOUT_POSITION',
      portfolioId: '6667854d-3cea-49f6-9aac-8a7340c82cb8',
      transactionId: '484eefe6-d749-45bf-9f2d-4a9006a26b62',
      message: 'Sell of AAL with no open position.',
      legacy: true
    },
    {
      code: 'SELL_WITHOUT_POSITION',
      portfolioId: '6667854d-3cea-49f6-9aac-8a7340c82cb8',
      transactionId: '6d6780cf-80b2-4b0d-a3ef-a5b13da610d6',
      message: 'Sell of WISH with no open position.',
      legacy: true
    },
    {
      code: 'SELL_WITHOUT_POSITION',
      portfolioId: '6667854d-3cea-49f6-9aac-8a7340c82cb8',
      transactionId: 'b3c3668a-1730-4300-bd49-255067fbb9c4',
      message: 'Sell of NNOX with no open position.',
      legacy: true
    },
    {
      code: 'SELL_EXCEEDS_AVAILABLE_SHARES',
      portfolioId: '6667854d-3cea-49f6-9aac-8a7340c82cb8',
      transactionId: '4120dc1a-c777-45f4-b033-802dda8bf9e1',
      message: 'Sell 2.195119 PEP exceeds available 2.',
      legacy: true
    }
  ],
  migrateReport: {
    sequenceReports: {
      '6667854d-3cea-49f6-9aac-8a7340c82cb8': [Object],
      '27085251-e3e2-4829-81ee-14004843637d': [Object],
      '6e1c8d68-72f3-4160-9874-6473edd2f7eb': [Object],
      'd972d6f7-1f89-492b-81cf-aaf5fba709f5': [Object],
      '1c9764f9-9feb-462d-8cbe-a61ade8b293c': [Object],
      'a8524493-d06d-4997-9949-ab2bb8e7258b': [Object],
      'e1d517c3-21d5-45d0-8125-fbbb5dbd23f4': [Object]
    },
    legacyTaggedByPortfolio: {},
    changed: false
  }
}
 PUT /api/portfolio/workspace 200 in 342ms (next.js: 1395µs, application-code: 340ms)
 POST /api/portfolio/live-quotes 200 in 3.8s (next.js: 2ms, application-code: 3.8s)
 PUT /api/portfolios/listings 200 in 151ms (next.js: 3ms, application-code: 149ms)
 PUT /api/portfolios/listings 200 in 212ms (next.js: 5ms, application-code: 207ms)
 PUT /api/portfolios/listings 200 in 214ms (next.js: 7ms, application-code: 207ms)
 PUT /api/portfolios/listings 200 in 215ms (next.js: 9ms, application-code: 205ms)
✓ Compiled in 108ms
✓ Compiled in 208ms
[FINSEPA_PROVIDER_TRACE] scope=/screener ssr market=stocks eodhd_http=0 byFn={}
 GET /screener 200 in 133ms (next.js: 18ms, proxy.ts: 23ms, application-code: 92ms)
 GET /api/notifications?count=1 200 in 245ms (next.js: 3ms, application-code: 243ms)
 GET /api/portfolio/workspace 200 in 245ms (next.js: 4ms, application-code: 241ms)
 GET /api/search/recent 200 in 127ms (next.js: 3ms, application-code: 125ms)
 GET /api/superinvestor-follows 200 in 127ms (next.js: 8ms, application-code: 119ms)
 GET /api/search/recent 200 in 138ms (next.js: 2ms, application-code: 135ms)
 GET /api/notifications?count=1 200 in 130ms (next.js: 3ms, application-code: 126ms)
 GET /api/portfolio/workspace 200 in 130ms (next.js: 1820µs, application-code: 129ms)
[FINSEPA_PROVIDER_TRACE] EODHD fetchEodhdRealtimeSymbolsRaw {"symbolsInRequest":14}
 GET /api/watchlist 200 in 193ms (next.js: 5ms, application-code: 188ms)
[portfolio/workspace PUT] ledger warnings {
  userId: '52373158-0eff-48de-80ba-f9206ee0e52a',
  warnings: [
    {
      code: 'SELL_WITHOUT_POSITION',
      portfolioId: '6667854d-3cea-49f6-9aac-8a7340c82cb8',
      transactionId: '484eefe6-d749-45bf-9f2d-4a9006a26b62',
      message: 'Sell of AAL with no open position.',
      legacy: true
    },
    {
      code: 'SELL_WITHOUT_POSITION',
      portfolioId: '6667854d-3cea-49f6-9aac-8a7340c82cb8',
      transactionId: '6d6780cf-80b2-4b0d-a3ef-a5b13da610d6',
      message: 'Sell of WISH with no open position.',
      legacy: true
    },
    {
      code: 'SELL_WITHOUT_POSITION',
      portfolioId: '6667854d-3cea-49f6-9aac-8a7340c82cb8',
      transactionId: 'b3c3668a-1730-4300-bd49-255067fbb9c4',
      message: 'Sell of NNOX with no open position.',
      legacy: true
    },
    {
      code: 'SELL_EXCEEDS_AVAILABLE_SHARES',
      portfolioId: '6667854d-3cea-49f6-9aac-8a7340c82cb8',
      transactionId: '4120dc1a-c777-45f4-b033-802dda8bf9e1',
      message: 'Sell 2.195119 PEP exceeds available 2.',
      legacy: true
    }
  ],
  migrateReport: {
    sequenceReports: {
      '6667854d-3cea-49f6-9aac-8a7340c82cb8': [Object],
      '27085251-e3e2-4829-81ee-14004843637d': [Object],
      '6e1c8d68-72f3-4160-9874-6473edd2f7eb': [Object],
      'd972d6f7-1f89-492b-81cf-aaf5fba709f5': [Object],
      '1c9764f9-9feb-462d-8cbe-a61ade8b293c': [Object],
      'a8524493-d06d-4997-9949-ab2bb8e7258b': [Object],
      'e1d517c3-21d5-45d0-8125-fbbb5dbd23f4': [Object]
    },
    legacyTaggedByPortfolio: {},
    changed: false
  }
}
 PUT /api/portfolio/workspace 200 in 485ms (next.js: 2ms, application-code: 483ms)
[FINSEPA_PROVIDER_TRACE] scope=/screener ssr market=stocks eodhd_http=0 byFn={}
✓ Compiled in 68ms
[FINSEPA_PROVIDER_TRACE] EODHD fetchEodhdCryptoDailyBars {"symbol":"BTC-USD.CC"}
[FINSEPA_PROVIDER_TRACE] EODHD fetchEodhdCryptoDailyBars {"symbol":"ETH-USD.CC"}
 GET /screener 200 in 99ms (next.js: 3ms, proxy.ts: 6ms, application-code: 90ms)
 GET /api/notifications?count=1 200 in 77ms (next.js: 2ms, application-code: 75ms)
 GET /api/portfolio/workspace 200 in 115ms (next.js: 1456µs, application-code: 114ms)
 GET /api/notifications?count=1 200 in 407ms (next.js: 1616µs, application-code: 405ms)
 GET /api/search/recent 200 in 385ms (next.js: 11ms, application-code: 375ms)
 GET /api/search/recent 200 in 394ms (next.js: 1327µs, application-code: 392ms)
 GET /api/superinvestor-follows 200 in 406ms (next.js: 16ms, application-code: 390ms)
 GET /api/portfolio/workspace 200 in 662ms (next.js: 1594µs, application-code: 661ms)
 GET /api/watchlist 200 in 506ms (next.js: 20ms, application-code: 486ms)
[portfolio/workspace PUT] ledger warnings {
  userId: '52373158-0eff-48de-80ba-f9206ee0e52a',
  warnings: [
    {
      code: 'SELL_WITHOUT_POSITION',
      portfolioId: '6667854d-3cea-49f6-9aac-8a7340c82cb8',
      transactionId: '484eefe6-d749-45bf-9f2d-4a9006a26b62',
      message: 'Sell of AAL with no open position.',
      legacy: true
    },
    {
      code: 'SELL_WITHOUT_POSITION',
      portfolioId: '6667854d-3cea-49f6-9aac-8a7340c82cb8',
      transactionId: '6d6780cf-80b2-4b0d-a3ef-a5b13da610d6',
      message: 'Sell of WISH with no open position.',
      legacy: true
    },
    {
      code: 'SELL_WITHOUT_POSITION',
      portfolioId: '6667854d-3cea-49f6-9aac-8a7340c82cb8',
      transactionId: 'b3c3668a-1730-4300-bd49-255067fbb9c4',
      message: 'Sell of NNOX with no open position.',
      legacy: true
    },
    {
      code: 'SELL_EXCEEDS_AVAILABLE_SHARES',
      portfolioId: '6667854d-3cea-49f6-9aac-8a7340c82cb8',
      transactionId: '4120dc1a-c777-45f4-b033-802dda8bf9e1',
      message: 'Sell 2.195119 PEP exceeds available 2.',
      legacy: true
    }
  ],
  migrateReport: {
    sequenceReports: {
      '6667854d-3cea-49f6-9aac-8a7340c82cb8': [Object],
      '27085251-e3e2-4829-81ee-14004843637d': [Object],
      '6e1c8d68-72f3-4160-9874-6473edd2f7eb': [Object],
      'd972d6f7-1f89-492b-81cf-aaf5fba709f5': [Object],
      '1c9764f9-9feb-462d-8cbe-a61ade8b293c': [Object],
      'a8524493-d06d-4997-9949-ab2bb8e7258b': [Object],
      'e1d517c3-21d5-45d0-8125-fbbb5dbd23f4': [Object]
    },
    legacyTaggedByPortfolio: {},
    changed: false
  }
}
 PUT /api/portfolio/workspace 200 in 370ms (next.js: 3ms, application-code: 367ms)
 POST /api/portfolio/live-quotes 200 in 4.0s (next.js: 3ms, application-code: 4.0s)
 PUT /api/portfolios/listings 200 in 143ms (next.js: 3ms, application-code: 140ms)
 PUT /api/portfolios/listings 200 in 159ms (next.js: 6ms, application-code: 153ms)
 PUT /api/portfolios/listings 200 in 162ms (next.js: 10ms, application-code: 151ms)
 PUT /api/portfolios/listings 200 in 181ms (next.js: 12ms, application-code: 170ms)
✓ Compiled in 119ms
[FINSEPA_PROVIDER_TRACE] scope=/screener ssr market=stocks eodhd_http=0 byFn={}
 GET /screener 200 in 93ms (next.js: 2ms, proxy.ts: 13ms, application-code: 78ms)
 GET /api/notifications?count=1 200 in 106ms (next.js: 1227µs, application-code: 105ms)
 GET /api/portfolio/workspace 200 in 181ms (next.js: 1541µs, application-code: 180ms)
 GET /api/search/recent 200 in 86ms (next.js: 3ms, application-code: 83ms)
 GET /api/search/recent 200 in 92ms (next.js: 12ms, application-code: 80ms)
 GET /api/notifications?count=1 200 in 146ms (next.js: 5ms, application-code: 141ms)
 GET /api/superinvestor-follows 200 in 97ms (next.js: 8ms, application-code: 89ms)
 GET /api/portfolio/workspace 200 in 141ms (next.js: 2ms, application-code: 138ms)
[FINSEPA_PROVIDER_TRACE] EODHD fetchEodhdRealtimeSymbolsRaw {"symbolsInRequest":14}
 GET /api/watchlist 200 in 150ms (next.js: 2ms, application-code: 147ms)
[portfolio/workspace PUT] ledger warnings {
  userId: '52373158-0eff-48de-80ba-f9206ee0e52a',
  warnings: [
    {
      code: 'SELL_WITHOUT_POSITION',
      portfolioId: '6667854d-3cea-49f6-9aac-8a7340c82cb8',
      transactionId: '484eefe6-d749-45bf-9f2d-4a9006a26b62',
      message: 'Sell of AAL with no open position.',
      legacy: true
    },
    {
      code: 'SELL_WITHOUT_POSITION',
      portfolioId: '6667854d-3cea-49f6-9aac-8a7340c82cb8',
      transactionId: '6d6780cf-80b2-4b0d-a3ef-a5b13da610d6',
      message: 'Sell of WISH with no open position.',
      legacy: true
    },
    {
      code: 'SELL_WITHOUT_POSITION',
      portfolioId: '6667854d-3cea-49f6-9aac-8a7340c82cb8',
      transactionId: 'b3c3668a-1730-4300-bd49-255067fbb9c4',
      message: 'Sell of NNOX with no open position.',
      legacy: true
    },
    {
      code: 'SELL_EXCEEDS_AVAILABLE_SHARES',
      portfolioId: '6667854d-3cea-49f6-9aac-8a7340c82cb8',
      transactionId: '4120dc1a-c777-45f4-b033-802dda8bf9e1',
      message: 'Sell 2.195119 PEP exceeds available 2.',
      legacy: true
    }
  ],
  migrateReport: {
    sequenceReports: {
      '6667854d-3cea-49f6-9aac-8a7340c82cb8': [Object],
      '27085251-e3e2-4829-81ee-14004843637d': [Object],
      '6e1c8d68-72f3-4160-9874-6473edd2f7eb': [Object],
      'd972d6f7-1f89-492b-81cf-aaf5fba709f5': [Object],
      '1c9764f9-9feb-462d-8cbe-a61ade8b293c': [Object],
      'a8524493-d06d-4997-9949-ab2bb8e7258b': [Object],
      'e1d517c3-21d5-45d0-8125-fbbb5dbd23f4': [Object]
    },
    legacyTaggedByPortfolio: {},
    changed: false
  }
}
 PUT /api/portfolio/workspace 200 in 408ms (next.js: 1236µs, application-code: 407ms)
[FINSEPA_PROVIDER_TRACE] EODHD fetchEodhdCryptoDailyBars {"symbol":"BTC-USD.CC"}
[FINSEPA_PROVIDER_TRACE] EODHD fetchEodhdCryptoDailyBars {"symbol":"ETH-USD.CC"}
[FINSEPA_PROVIDER_TRACE] scope=/screener ssr market=stocks eodhd_http=0 byFn={}
✓ Compiled in 101ms
 GET /screener 200 in 51ms (next.js: 1907µs, proxy.ts: 10ms, application-code: 39ms)
 GET /api/notifications?count=1 200 in 229ms (next.js: 1870µs, application-code: 227ms)
 GET /api/portfolio/workspace 200 in 224ms (next.js: 1982µs, application-code: 222ms)
 GET /api/search/recent 200 in 143ms (next.js: 1484µs, application-code: 141ms)
 GET /api/search/recent 200 in 126ms (next.js: 2ms, application-code: 123ms)
 GET /api/superinvestor-follows 200 in 199ms (next.js: 5ms, application-code: 194ms)
 GET /api/portfolio/workspace 200 in 137ms (next.js: 1139µs, application-code: 136ms)
 GET /api/notifications?count=1 200 in 200ms (next.js: 1104µs, application-code: 199ms)
 GET /api/watchlist 200 in 158ms (next.js: 1297µs, application-code: 157ms)
 POST /api/portfolio/live-quotes 200 in 3.1s (next.js: 2ms, application-code: 3.1s)
[portfolio/workspace PUT] ledger warnings {
  userId: '52373158-0eff-48de-80ba-f9206ee0e52a',
  warnings: [
    {
      code: 'SELL_WITHOUT_POSITION',
      portfolioId: '6667854d-3cea-49f6-9aac-8a7340c82cb8',
      transactionId: '484eefe6-d749-45bf-9f2d-4a9006a26b62',
      message: 'Sell of AAL with no open position.',
      legacy: true
    },
    {
      code: 'SELL_WITHOUT_POSITION',
      portfolioId: '6667854d-3cea-49f6-9aac-8a7340c82cb8',
      transactionId: '6d6780cf-80b2-4b0d-a3ef-a5b13da610d6',
      message: 'Sell of WISH with no open position.',
      legacy: true
    },
    {
      code: 'SELL_WITHOUT_POSITION',
      portfolioId: '6667854d-3cea-49f6-9aac-8a7340c82cb8',
      transactionId: 'b3c3668a-1730-4300-bd49-255067fbb9c4',
      message: 'Sell of NNOX with no open position.',
      legacy: true
    },
    {
      code: 'SELL_EXCEEDS_AVAILABLE_SHARES',
      portfolioId: '6667854d-3cea-49f6-9aac-8a7340c82cb8',
      transactionId: '4120dc1a-c777-45f4-b033-802dda8bf9e1',
      message: 'Sell 2.195119 PEP exceeds available 2.',
      legacy: true
    }
  ],
  migrateReport: {
    sequenceReports: {
      '6667854d-3cea-49f6-9aac-8a7340c82cb8': [Object],
      '27085251-e3e2-4829-81ee-14004843637d': [Object],
      '6e1c8d68-72f3-4160-9874-6473edd2f7eb': [Object],
      'd972d6f7-1f89-492b-81cf-aaf5fba709f5': [Object],
      '1c9764f9-9feb-462d-8cbe-a61ade8b293c': [Object],
      'a8524493-d06d-4997-9949-ab2bb8e7258b': [Object],
      'e1d517c3-21d5-45d0-8125-fbbb5dbd23f4': [Object]
    },
    legacyTaggedByPortfolio: {},
    changed: false
  }
}
 PUT /api/portfolios/listings 200 in 305ms (next.js: 4ms, application-code: 301ms)
 PUT /api/portfolios/listings 200 in 307ms (next.js: 3ms, application-code: 304ms)
 PUT /api/portfolios/listings 200 in 314ms (next.js: 11ms, application-code: 304ms)
 PUT /api/portfolios/listings 200 in 324ms (next.js: 1685µs, application-code: 322ms)
 PUT /api/portfolio/workspace 200 in 576ms (next.js: 1173µs, application-code: 575ms)
✓ Compiled in 143ms
[FINSEPA_PROVIDER_TRACE] scope=/screener ssr market=stocks eodhd_http=0 byFn={}
 GET /screener 200 in 103ms (next.js: 7ms, proxy.ts: 21ms, application-code: 76ms)
 GET /api/notifications?count=1 200 in 394ms (next.js: 2ms, application-code: 392ms)
 GET /api/portfolio/workspace 200 in 474ms (next.js: 6ms, application-code: 468ms)
 GET /api/search/recent 200 in 327ms (next.js: 3ms, application-code: 324ms)
 GET /api/notifications?count=1 200 in 131ms (next.js: 13ms, application-code: 118ms)
 GET /api/superinvestor-follows 200 in 135ms (next.js: 8ms, application-code: 128ms)
 GET /api/search/recent 200 in 137ms (next.js: 5ms, application-code: 132ms)
 GET /api/portfolio/workspace 200 in 122ms (next.js: 1331µs, application-code: 121ms)
[FINSEPA_PROVIDER_TRACE] EODHD fetchEodhdRealtimeSymbolsRaw {"symbolsInRequest":14}
 GET /api/watchlist 200 in 218ms (next.js: 21ms, application-code: 197ms)
[portfolio/workspace PUT] ledger warnings {
  userId: '52373158-0eff-48de-80ba-f9206ee0e52a',
  warnings: [
    {
      code: 'SELL_WITHOUT_POSITION',
      portfolioId: '6667854d-3cea-49f6-9aac-8a7340c82cb8',
      transactionId: '484eefe6-d749-45bf-9f2d-4a9006a26b62',
      message: 'Sell of AAL with no open position.',
      legacy: true
    },
    {
      code: 'SELL_WITHOUT_POSITION',
      portfolioId: '6667854d-3cea-49f6-9aac-8a7340c82cb8',
      transactionId: '6d6780cf-80b2-4b0d-a3ef-a5b13da610d6',
      message: 'Sell of WISH with no open position.',
      legacy: true
    },
    {
      code: 'SELL_WITHOUT_POSITION',
      portfolioId: '6667854d-3cea-49f6-9aac-8a7340c82cb8',
      transactionId: 'b3c3668a-1730-4300-bd49-255067fbb9c4',
      message: 'Sell of NNOX with no open position.',
      legacy: true
    },
    {
      code: 'SELL_EXCEEDS_AVAILABLE_SHARES',
      portfolioId: '6667854d-3cea-49f6-9aac-8a7340c82cb8',
      transactionId: '4120dc1a-c777-45f4-b033-802dda8bf9e1',
      message: 'Sell 2.195119 PEP exceeds available 2.',
      legacy: true
    }
  ],
  migrateReport: {
    sequenceReports: {
      '6667854d-3cea-49f6-9aac-8a7340c82cb8': [Object],
      '27085251-e3e2-4829-81ee-14004843637d': [Object],
      '6e1c8d68-72f3-4160-9874-6473edd2f7eb': [Object],
      'd972d6f7-1f89-492b-81cf-aaf5fba709f5': [Object],
      '1c9764f9-9feb-462d-8cbe-a61ade8b293c': [Object],
      'a8524493-d06d-4997-9949-ab2bb8e7258b': [Object],
      'e1d517c3-21d5-45d0-8125-fbbb5dbd23f4': [Object]
    },
    legacyTaggedByPortfolio: {},
    changed: false
  }
}
 PUT /api/portfolio/workspace 200 in 494ms (next.js: 1537µs, application-code: 492ms)
[FINSEPA_PROVIDER_TRACE] EODHD fetchEodhdCryptoDailyBars {"symbol":"BTC-USD.CC"}
[FINSEPA_PROVIDER_TRACE] EODHD fetchEodhdCryptoDailyBars {"symbol":"ETH-USD.CC"}
 POST /api/portfolio/live-quotes 200 in 3.8s (next.js: 1566µs, application-code: 3.8s)
 PUT /api/portfolios/listings 200 in 170ms (next.js: 3ms, application-code: 166ms)
 PUT /api/portfolios/listings 200 in 197ms (next.js: 6ms, application-code: 190ms)
 GET /api/notifications?count=1 200 in 143ms (next.js: 7ms, application-code: 136ms)
 GET /api/notifications?count=1 200 in 130ms (next.js: 2ms, application-code: 127ms)
 GET /api/notifications?count=1 200 in 117ms (next.js: 3ms, application-code: 114ms)
[FINSEPA_PROVIDER_TRACE] EODHD fetchEodhdRealtimeSymbolsRaw {"symbolsInRequest":10}
 POST /api/portfolio/live-quotes 200 in 3.0s (next.js: 1910µs, application-code: 3.0s)
[FINSEPA_PROVIDER_TRACE] EODHD fetchEodhdRealtimeSymbolsRaw {"symbolsInRequest":14}
[portfolio/workspace PUT] ledger warnings {
  userId: '52373158-0eff-48de-80ba-f9206ee0e52a',
  warnings: [
    {
      code: 'SELL_WITHOUT_POSITION',
      portfolioId: '6667854d-3cea-49f6-9aac-8a7340c82cb8',
      transactionId: '484eefe6-d749-45bf-9f2d-4a9006a26b62',
      message: 'Sell of AAL with no open position.',
      legacy: true
    },
    {
      code: 'SELL_WITHOUT_POSITION',
      portfolioId: '6667854d-3cea-49f6-9aac-8a7340c82cb8',
      transactionId: '6d6780cf-80b2-4b0d-a3ef-a5b13da610d6',
      message: 'Sell of WISH with no open position.',
      legacy: true
    },
    {
      code: 'SELL_WITHOUT_POSITION',
      portfolioId: '6667854d-3cea-49f6-9aac-8a7340c82cb8',
      transactionId: 'b3c3668a-1730-4300-bd49-255067fbb9c4',
      message: 'Sell of NNOX with no open position.',
      legacy: true
    },
    {
      code: 'SELL_EXCEEDS_AVAILABLE_SHARES',
      portfolioId: '6667854d-3cea-49f6-9aac-8a7340c82cb8',
      transactionId: '4120dc1a-c777-45f4-b033-802dda8bf9e1',
      message: 'Sell 2.195119 PEP exceeds available 2.',
      legacy: true
    }
  ],
  migrateReport: {
    sequenceReports: {
      '6667854d-3cea-49f6-9aac-8a7340c82cb8': [Object],
      '27085251-e3e2-4829-81ee-14004843637d': [Object],
      '6e1c8d68-72f3-4160-9874-6473edd2f7eb': [Object],
      'd972d6f7-1f89-492b-81cf-aaf5fba709f5': [Object],
      '1c9764f9-9feb-462d-8cbe-a61ade8b293c': [Object],
      'a8524493-d06d-4997-9949-ab2bb8e7258b': [Object],
      'e1d517c3-21d5-45d0-8125-fbbb5dbd23f4': [Object]
    },
    legacyTaggedByPortfolio: {},
    changed: false
  }
}
 PUT /api/portfolio/workspace 200 in 368ms (next.js: 2ms, application-code: 365ms)
[FINSEPA_PROVIDER_TRACE] EODHD fetchEodhdCryptoDailyBars {"symbol":"BTC-USD.CC"}
[FINSEPA_PROVIDER_TRACE] EODHD fetchEodhdCryptoDailyBars {"symbol":"ETH-USD.CC"}
 POST /api/portfolio/live-quotes 200 in 3.1s (next.js: 1308µs, application-code: 3.1s)
 PUT /api/portfolios/listings 200 in 130ms (next.js: 1853µs, application-code: 128ms)
 GET /api/notifications?count=1 200 in 133ms (next.js: 6ms, application-code: 127ms)
 GET /api/notifications?count=1 200 in 127ms (next.js: 5ms, application-code: 122ms)
✓ Compiled in 104ms
[FINSEPA_PROVIDER_TRACE] scope=/screener ssr market=stocks eodhd_http=0 byFn={}
 GET /screener 200 in 89ms (next.js: 8ms, proxy.ts: 14ms, application-code: 67ms)
 GET /api/notifications?count=1 200 in 156ms (next.js: 4ms, application-code: 152ms)
 GET /api/portfolio/workspace 200 in 244ms (next.js: 5ms, application-code: 239ms)
 GET /api/notifications?count=1 200 in 186ms (next.js: 7ms, application-code: 178ms)
 GET /api/search/recent 200 in 223ms (next.js: 1937µs, application-code: 221ms)
 GET /api/search/recent 200 in 210ms (next.js: 2ms, application-code: 208ms)
 GET /api/superinvestor-follows 200 in 210ms (next.js: 7ms, application-code: 203ms)
 GET /api/watchlist 200 in 155ms (next.js: 12ms, application-code: 142ms)
 GET /api/portfolio/workspace 200 in 164ms (next.js: 8ms, application-code: 156ms)
[FINSEPA_PROVIDER_TRACE] EODHD fetchEodhdRealtimeSymbolsRaw {"symbolsInRequest":14}
[portfolio/workspace PUT] ledger warnings {
  userId: '52373158-0eff-48de-80ba-f9206ee0e52a',
  warnings: [
    {
      code: 'SELL_WITHOUT_POSITION',
      portfolioId: '6667854d-3cea-49f6-9aac-8a7340c82cb8',
      transactionId: '484eefe6-d749-45bf-9f2d-4a9006a26b62',
      message: 'Sell of AAL with no open position.',
      legacy: true
    },
    {
      code: 'SELL_WITHOUT_POSITION',
      portfolioId: '6667854d-3cea-49f6-9aac-8a7340c82cb8',
      transactionId: '6d6780cf-80b2-4b0d-a3ef-a5b13da610d6',
      message: 'Sell of WISH with no open position.',
      legacy: true
    },
    {
      code: 'SELL_WITHOUT_POSITION',
      portfolioId: '6667854d-3cea-49f6-9aac-8a7340c82cb8',
      transactionId: 'b3c3668a-1730-4300-bd49-255067fbb9c4',
      message: 'Sell of NNOX with no open position.',
      legacy: true
    },
    {
      code: 'SELL_EXCEEDS_AVAILABLE_SHARES',
      portfolioId: '6667854d-3cea-49f6-9aac-8a7340c82cb8',
      transactionId: '4120dc1a-c777-45f4-b033-802dda8bf9e1',
      message: 'Sell 2.195119 PEP exceeds available 2.',
      legacy: true
    }
  ],
  migrateReport: {
    sequenceReports: {
      '6667854d-3cea-49f6-9aac-8a7340c82cb8': [Object],
      '27085251-e3e2-4829-81ee-14004843637d': [Object],
      '6e1c8d68-72f3-4160-9874-6473edd2f7eb': [Object],
      'd972d6f7-1f89-492b-81cf-aaf5fba709f5': [Object],
      '1c9764f9-9feb-462d-8cbe-a61ade8b293c': [Object],
      'a8524493-d06d-4997-9949-ab2bb8e7258b': [Object],
      'e1d517c3-21d5-45d0-8125-fbbb5dbd23f4': [Object]
    },
    legacyTaggedByPortfolio: {},
    changed: false
  }
}
 PUT /api/portfolio/workspace 200 in 295ms (next.js: 1187µs, application-code: 294ms)
[FINSEPA_PROVIDER_TRACE] EODHD fetchEodhdCryptoDailyBars {"symbol":"BTC-USD.CC"}
[FINSEPA_PROVIDER_TRACE] EODHD fetchEodhdCryptoDailyBars {"symbol":"ETH-USD.CC"}
 POST /api/portfolio/live-quotes 200 in 3.6s (next.js: 1868µs, application-code: 3.6s)
 PUT /api/portfolios/listings 200 in 128ms (next.js: 2ms, application-code: 126ms)
 PUT /api/portfolios/listings 200 in 172ms (next.js: 5ms, application-code: 167ms)
[FINSEPA_PROVIDER_TRACE] scope=/screener ssr market=stocks eodhd_http=0 byFn={}
✓ Compiled in 88ms
 GET /screener 200 in 51ms (next.js: 2ms, proxy.ts: 9ms, application-code: 40ms)
 GET /api/notifications?count=1 200 in 79ms (next.js: 3ms, application-code: 76ms)
 GET /api/notifications?count=1 200 in 115ms (next.js: 1309µs, application-code: 113ms)
 GET /api/portfolio/workspace 200 in 226ms (next.js: 2ms, application-code: 224ms)
 GET /api/search/recent 200 in 112ms (next.js: 1440µs, application-code: 111ms)
 GET /api/search/recent 200 in 109ms (next.js: 977µs, application-code: 108ms)
 GET /api/superinvestor-follows 200 in 152ms (next.js: 8ms, application-code: 145ms)
 GET /api/portfolio/workspace 200 in 146ms (next.js: 1248µs, application-code: 144ms)
[FINSEPA_PROVIDER_TRACE] EODHD fetchEodhdRealtimeSymbolsRaw {"symbolsInRequest":14}
 GET /api/watchlist 200 in 233ms (next.js: 1427µs, application-code: 232ms)
[portfolio/workspace PUT] ledger warnings {
  userId: '52373158-0eff-48de-80ba-f9206ee0e52a',
  warnings: [
    {
      code: 'SELL_WITHOUT_POSITION',
      portfolioId: '6667854d-3cea-49f6-9aac-8a7340c82cb8',
      transactionId: '484eefe6-d749-45bf-9f2d-4a9006a26b62',
      message: 'Sell of AAL with no open position.',
      legacy: true
    },
    {
      code: 'SELL_WITHOUT_POSITION',
      portfolioId: '6667854d-3cea-49f6-9aac-8a7340c82cb8',
      transactionId: '6d6780cf-80b2-4b0d-a3ef-a5b13da610d6',
      message: 'Sell of WISH with no open position.',
      legacy: true
    },
    {
      code: 'SELL_WITHOUT_POSITION',
      portfolioId: '6667854d-3cea-49f6-9aac-8a7340c82cb8',
      transactionId: 'b3c3668a-1730-4300-bd49-255067fbb9c4',
      message: 'Sell of NNOX with no open position.',
      legacy: true
    },
    {
      code: 'SELL_EXCEEDS_AVAILABLE_SHARES',
      portfolioId: '6667854d-3cea-49f6-9aac-8a7340c82cb8',
      transactionId: '4120dc1a-c777-45f4-b033-802dda8bf9e1',
      message: 'Sell 2.195119 PEP exceeds available 2.',
      legacy: true
    }
  ],
  migrateReport: {
    sequenceReports: {
      '6667854d-3cea-49f6-9aac-8a7340c82cb8': [Object],
      '27085251-e3e2-4829-81ee-14004843637d': [Object],
      '6e1c8d68-72f3-4160-9874-6473edd2f7eb': [Object],
      'd972d6f7-1f89-492b-81cf-aaf5fba709f5': [Object],
      '1c9764f9-9feb-462d-8cbe-a61ade8b293c': [Object],
      'a8524493-d06d-4997-9949-ab2bb8e7258b': [Object],
      'e1d517c3-21d5-45d0-8125-fbbb5dbd23f4': [Object]
    },
    legacyTaggedByPortfolio: {},
    changed: false
  }
}
 PUT /api/portfolio/workspace 200 in 341ms (next.js: 1854µs, application-code: 339ms)
✓ Compiled in 321ms
[FINSEPA_PROVIDER_TRACE] scope=/screener ssr market=stocks eodhd_http=0 byFn={}
[FINSEPA_PROVIDER_TRACE] scope=/screener ssr market=stocks eodhd_http=0 byFn={}
[FINSEPA_PROVIDER_TRACE] EODHD fetchEodhdCryptoDailyBars {"symbol":"BTC-USD.CC"}
[FINSEPA_PROVIDER_TRACE] EODHD fetchEodhdCryptoDailyBars {"symbol":"ETH-USD.CC"}
[FINSEPA_PROVIDER_TRACE] scope=/screener ssr market=stocks eodhd_http=0 byFn={}
[FINSEPA_PROVIDER_TRACE] scope=/screener ssr market=stocks eodhd_http=0 byFn={}
[FINSEPA_PROVIDER_TRACE] scope=/screener ssr market=stocks eodhd_http=0 byFn={}
 GET /screener 200 in 871ms (next.js: 251ms, proxy.ts: 22ms, application-code: 597ms)
 GET /screener 200 in 522ms (next.js: 136ms, proxy.ts: 147ms, application-code: 239ms)
 GET /screener 200 in 168ms (next.js: 3ms, proxy.ts: 25ms, application-code: 139ms)
 GET /screener 200 in 118ms (next.js: 2ms, proxy.ts: 21ms, application-code: 95ms)
 GET /screener 200 in 66ms (next.js: 2ms, proxy.ts: 11ms, application-code: 53ms)
 GET /api/notifications?count=1 200 in 291ms (next.js: 111ms, application-code: 180ms)
 GET /api/search/recent 200 in 176ms (next.js: 52ms, application-code: 124ms)
 GET /api/search/recent 200 in 190ms (next.js: 56ms, application-code: 134ms)
 GET /api/portfolio/workspace 200 in 265ms (next.js: 38ms, application-code: 227ms)
 GET /api/notifications?count=1 200 in 59ms (next.js: 895µs, application-code: 59ms)
 GET /api/superinvestor-follows 200 in 274ms (next.js: 102ms, application-code: 173ms)
 GET /api/watchlist 200 in 178ms (next.js: 48ms, application-code: 130ms)
 GET /api/portfolio/workspace 200 in 126ms (next.js: 1048µs, application-code: 125ms)
[portfolio/workspace PUT] ledger warnings {
  userId: '52373158-0eff-48de-80ba-f9206ee0e52a',
  warnings: [
    {
      code: 'SELL_WITHOUT_POSITION',
      portfolioId: '6667854d-3cea-49f6-9aac-8a7340c82cb8',
      transactionId: '484eefe6-d749-45bf-9f2d-4a9006a26b62',
      message: 'Sell of AAL with no open position.',
      legacy: true
    },
    {
      code: 'SELL_WITHOUT_POSITION',
      portfolioId: '6667854d-3cea-49f6-9aac-8a7340c82cb8',
      transactionId: '6d6780cf-80b2-4b0d-a3ef-a5b13da610d6',
      message: 'Sell of WISH with no open position.',
      legacy: true
    },
    {
      code: 'SELL_WITHOUT_POSITION',
      portfolioId: '6667854d-3cea-49f6-9aac-8a7340c82cb8',
      transactionId: 'b3c3668a-1730-4300-bd49-255067fbb9c4',
      message: 'Sell of NNOX with no open position.',
      legacy: true
    },
    {
      code: 'SELL_EXCEEDS_AVAILABLE_SHARES',
      portfolioId: '6667854d-3cea-49f6-9aac-8a7340c82cb8',
      transactionId: '4120dc1a-c777-45f4-b033-802dda8bf9e1',
      message: 'Sell 2.195119 PEP exceeds available 2.',
      legacy: true
    }
  ],
  migrateReport: {
    sequenceReports: {
      '6667854d-3cea-49f6-9aac-8a7340c82cb8': [Object],
      '27085251-e3e2-4829-81ee-14004843637d': [Object],
      '6e1c8d68-72f3-4160-9874-6473edd2f7eb': [Object],
      'd972d6f7-1f89-492b-81cf-aaf5fba709f5': [Object],
      '1c9764f9-9feb-462d-8cbe-a61ade8b293c': [Object],
      'a8524493-d06d-4997-9949-ab2bb8e7258b': [Object],
      'e1d517c3-21d5-45d0-8125-fbbb5dbd23f4': [Object]
    },
    legacyTaggedByPortfolio: {},
    changed: false
  }
}
 PUT /api/portfolio/workspace 200 in 319ms (next.js: 1447µs, application-code: 318ms)
 POST /api/portfolio/live-quotes 200 in 3.4s (next.js: 1240µs, application-code: 3.4s)
 PUT /api/portfolios/listings 200 in 236ms (next.js: 67ms, application-code: 168ms)
 PUT /api/portfolios/listings 200 in 236ms (next.js: 80ms, application-code: 156ms)
 PUT /api/portfolios/listings 200 in 238ms (next.js: 70ms, application-code: 168ms)
 PUT /api/portfolios/listings 200 in 300ms (next.js: 78ms, application-code: 223ms)
✓ Compiled in 139ms
[FINSEPA_PROVIDER_TRACE] scope=/screener ssr market=stocks eodhd_http=0 byFn={}
[FINSEPA_PROVIDER_TRACE] scope=/screener ssr market=stocks eodhd_http=0 byFn={}
[FINSEPA_PROVIDER_TRACE] scope=/screener ssr market=stocks eodhd_http=0 byFn={}
[FINSEPA_PROVIDER_TRACE] scope=/screener ssr market=stocks eodhd_http=0 byFn={}
[FINSEPA_PROVIDER_TRACE] scope=/screener ssr market=stocks eodhd_http=0 byFn={}
 GET /screener 200 in 708ms (next.js: 138ms, proxy.ts: 45ms, application-code: 525ms)
 GET /screener 200 in 460ms (next.js: 133ms, proxy.ts: 95ms, application-code: 232ms)
 GET /screener 200 in 151ms (next.js: 5ms, proxy.ts: 24ms, application-code: 122ms)
 GET /screener 200 in 103ms (next.js: 3ms, proxy.ts: 16ms, application-code: 85ms)
 GET /screener 200 in 66ms (next.js: 1997µs, proxy.ts: 18ms, application-code: 47ms)
 GET /api/notifications?count=1 200 in 211ms (next.js: 60ms, application-code: 151ms)
 GET /api/search/recent 200 in 110ms (next.js: 28ms, application-code: 82ms)
 GET /api/superinvestor-follows 200 in 107ms (next.js: 28ms, application-code: 79ms)
 GET /api/search/recent 200 in 148ms (next.js: 4ms, application-code: 144ms)
 GET /api/notifications?count=1 200 in 105ms (next.js: 1364µs, application-code: 104ms)
 GET /api/portfolio/workspace 200 in 265ms (next.js: 40ms, application-code: 225ms)
 GET /api/portfolio/workspace 200 in 117ms (next.js: 1051µs, application-code: 116ms)
[FINSEPA_PROVIDER_TRACE] EODHD fetchEodhdRealtimeSymbolsRaw {"symbolsInRequest":14}
 GET /api/watchlist 200 in 245ms (next.js: 28ms, application-code: 218ms)
[portfolio/workspace PUT] ledger warnings {
  userId: '52373158-0eff-48de-80ba-f9206ee0e52a',
  warnings: [
    {
      code: 'SELL_WITHOUT_POSITION',
      portfolioId: '6667854d-3cea-49f6-9aac-8a7340c82cb8',
      transactionId: '484eefe6-d749-45bf-9f2d-4a9006a26b62',
      message: 'Sell of AAL with no open position.',
      legacy: true
    },
    {
      code: 'SELL_WITHOUT_POSITION',
      portfolioId: '6667854d-3cea-49f6-9aac-8a7340c82cb8',
      transactionId: '6d6780cf-80b2-4b0d-a3ef-a5b13da610d6',
      message: 'Sell of WISH with no open position.',
      legacy: true
    },
    {
      code: 'SELL_WITHOUT_POSITION',
      portfolioId: '6667854d-3cea-49f6-9aac-8a7340c82cb8',
      transactionId: 'b3c3668a-1730-4300-bd49-255067fbb9c4',
      message: 'Sell of NNOX with no open position.',
      legacy: true
    },
    {
      code: 'SELL_EXCEEDS_AVAILABLE_SHARES',
      portfolioId: '6667854d-3cea-49f6-9aac-8a7340c82cb8',
      transactionId: '4120dc1a-c777-45f4-b033-802dda8bf9e1',
      message: 'Sell 2.195119 PEP exceeds available 2.',
      legacy: true
    }
  ],
  migrateReport: {
    sequenceReports: {
      '6667854d-3cea-49f6-9aac-8a7340c82cb8': [Object],
      '27085251-e3e2-4829-81ee-14004843637d': [Object],
      '6e1c8d68-72f3-4160-9874-6473edd2f7eb': [Object],
      'd972d6f7-1f89-492b-81cf-aaf5fba709f5': [Object],
      '1c9764f9-9feb-462d-8cbe-a61ade8b293c': [Object],
      'a8524493-d06d-4997-9949-ab2bb8e7258b': [Object],
      'e1d517c3-21d5-45d0-8125-fbbb5dbd23f4': [Object]
    },
    legacyTaggedByPortfolio: {},
    changed: false
  }
}
 PUT /api/portfolio/workspace 200 in 319ms (next.js: 1426µs, application-code: 318ms)
[FINSEPA_PROVIDER_TRACE] EODHD fetchEodhdCryptoDailyBars {"symbol":"BTC-USD.CC"}
[FINSEPA_PROVIDER_TRACE] EODHD fetchEodhdCryptoDailyBars {"symbol":"ETH-USD.CC"}
 POST /api/portfolio/live-quotes 200 in 3.8s (next.js: 57ms, application-code: 3.7s)
 PUT /api/portfolios/listings 200 in 187ms (next.js: 47ms, application-code: 140ms)
 PUT /api/portfolios/listings 200 in 205ms (next.js: 49ms, application-code: 155ms)
[FINSEPA_PROVIDER_TRACE] scope=/screener ssr market=stocks eodhd_http=0 byFn={}
✓ Compiled in 75ms
 GET /screener 200 in 45ms (next.js: 2ms, proxy.ts: 8ms, application-code: 35ms)
 GET /api/notifications?count=1 200 in 142ms (next.js: 1505µs, application-code: 141ms)
 GET /api/portfolio/workspace 200 in 174ms (next.js: 1218µs, application-code: 173ms)
 GET /api/search/recent 200 in 73ms (next.js: 1221µs, application-code: 72ms)
 GET /api/notifications?count=1 200 in 105ms (next.js: 961µs, application-code: 104ms)
✓ Compiled in 112ms
 GET /api/search/recent 200 in 110ms (next.js: 1681µs, application-code: 108ms)
 GET /api/superinvestor-follows 200 in 114ms (next.js: 4ms, application-code: 110ms)
 GET /api/portfolio/workspace 200 in 164ms (next.js: 2ms, application-code: 161ms)
[FINSEPA_PROVIDER_TRACE] EODHD fetchEodhdRealtimeSymbolsRaw {"symbolsInRequest":14}
 GET /api/watchlist 200 in 160ms (next.js: 1438µs, application-code: 159ms)
[portfolio/workspace PUT] ledger warnings {
  userId: '52373158-0eff-48de-80ba-f9206ee0e52a',
  warnings: [
    {
      code: 'SELL_WITHOUT_POSITION',
      portfolioId: '6667854d-3cea-49f6-9aac-8a7340c82cb8',
      transactionId: '484eefe6-d749-45bf-9f2d-4a9006a26b62',
      message: 'Sell of AAL with no open position.',
      legacy: true
    },
    {
      code: 'SELL_WITHOUT_POSITION',
      portfolioId: '6667854d-3cea-49f6-9aac-8a7340c82cb8',
      transactionId: '6d6780cf-80b2-4b0d-a3ef-a5b13da610d6',
      message: 'Sell of WISH with no open position.',
      legacy: true
    },
    {
      code: 'SELL_WITHOUT_POSITION',
      portfolioId: '6667854d-3cea-49f6-9aac-8a7340c82cb8',
      transactionId: 'b3c3668a-1730-4300-bd49-255067fbb9c4',
      message: 'Sell of NNOX with no open position.',
      legacy: true
    },
    {
      code: 'SELL_EXCEEDS_AVAILABLE_SHARES',
      portfolioId: '6667854d-3cea-49f6-9aac-8a7340c82cb8',
      transactionId: '4120dc1a-c777-45f4-b033-802dda8bf9e1',
      message: 'Sell 2.195119 PEP exceeds available 2.',
      legacy: true
    }
  ],
  migrateReport: {
    sequenceReports: {
      '6667854d-3cea-49f6-9aac-8a7340c82cb8': [Object],
      '27085251-e3e2-4829-81ee-14004843637d': [Object],
      '6e1c8d68-72f3-4160-9874-6473edd2f7eb': [Object],
      'd972d6f7-1f89-492b-81cf-aaf5fba709f5': [Object],
      '1c9764f9-9feb-462d-8cbe-a61ade8b293c': [Object],
      'a8524493-d06d-4997-9949-ab2bb8e7258b': [Object],
      'e1d517c3-21d5-45d0-8125-fbbb5dbd23f4': [Object]
    },
    legacyTaggedByPortfolio: {},
    changed: false
  }
}
 PUT /api/portfolio/workspace 200 in 369ms (next.js: 1094µs, application-code: 368ms)
[FINSEPA_PROVIDER_TRACE] EODHD fetchEodhdCryptoDailyBars {"symbol":"BTC-USD.CC"}
[FINSEPA_PROVIDER_TRACE] EODHD fetchEodhdCryptoDailyBars {"symbol":"ETH-USD.CC"}
 POST /api/portfolio/live-quotes 200 in 3.8s (next.js: 1127µs, application-code: 3.8s)
 PUT /api/portfolios/listings 200 in 146ms (next.js: 1995µs, application-code: 144ms)
 PUT /api/portfolios/listings 200 in 150ms (next.js: 5ms, application-code: 145ms)
✓ Compiled in 75ms
[FINSEPA_PROVIDER_TRACE] scope=/screener ssr market=stocks eodhd_http=0 byFn={}
 GET /screener 200 in 71ms (next.js: 7ms, proxy.ts: 10ms, application-code: 54ms)
 GET /api/notifications?count=1 200 in 137ms (next.js: 1880µs, application-code: 135ms)
 GET /api/portfolio/workspace 200 in 239ms (next.js: 1538µs, application-code: 237ms)
 GET /api/notifications?count=1 200 in 129ms (next.js: 7ms, application-code: 122ms)
 GET /api/search/recent 200 in 149ms (next.js: 5ms, application-code: 144ms)
 GET /api/search/recent 200 in 219ms (next.js: 7ms, application-code: 211ms)
 GET /api/superinvestor-follows 200 in 222ms (next.js: 10ms, application-code: 212ms)
 GET /api/portfolio/workspace 200 in 181ms (next.js: 2ms, application-code: 179ms)
[FINSEPA_PROVIDER_TRACE] EODHD fetchEodhdRealtimeSymbolsRaw {"symbolsInRequest":14}
 GET /api/watchlist 200 in 315ms (next.js: 64ms, application-code: 251ms)
[portfolio/workspace PUT] ledger warnings {
  userId: '52373158-0eff-48de-80ba-f9206ee0e52a',
  warnings: [
    {
      code: 'SELL_WITHOUT_POSITION',
      portfolioId: '6667854d-3cea-49f6-9aac-8a7340c82cb8',
      transactionId: '484eefe6-d749-45bf-9f2d-4a9006a26b62',
      message: 'Sell of AAL with no open position.',
      legacy: true
    },
    {
      code: 'SELL_WITHOUT_POSITION',
      portfolioId: '6667854d-3cea-49f6-9aac-8a7340c82cb8',
      transactionId: '6d6780cf-80b2-4b0d-a3ef-a5b13da610d6',
      message: 'Sell of WISH with no open position.',
      legacy: true
    },
    {
      code: 'SELL_WITHOUT_POSITION',
      portfolioId: '6667854d-3cea-49f6-9aac-8a7340c82cb8',
      transactionId: 'b3c3668a-1730-4300-bd49-255067fbb9c4',
      message: 'Sell of NNOX with no open position.',
      legacy: true
    },
    {
      code: 'SELL_EXCEEDS_AVAILABLE_SHARES',
      portfolioId: '6667854d-3cea-49f6-9aac-8a7340c82cb8',
      transactionId: '4120dc1a-c777-45f4-b033-802dda8bf9e1',
      message: 'Sell 2.195119 PEP exceeds available 2.',
      legacy: true
    }
  ],
  migrateReport: {
    sequenceReports: {
      '6667854d-3cea-49f6-9aac-8a7340c82cb8': [Object],
      '27085251-e3e2-4829-81ee-14004843637d': [Object],
      '6e1c8d68-72f3-4160-9874-6473edd2f7eb': [Object],
      'd972d6f7-1f89-492b-81cf-aaf5fba709f5': [Object],
      '1c9764f9-9feb-462d-8cbe-a61ade8b293c': [Object],
      'a8524493-d06d-4997-9949-ab2bb8e7258b': [Object],
      'e1d517c3-21d5-45d0-8125-fbbb5dbd23f4': [Object]
    },
    legacyTaggedByPortfolio: {},
    changed: false
  }
}
 PUT /api/portfolio/workspace 200 in 398ms (next.js: 1286µs, application-code: 396ms)
[FINSEPA_PROVIDER_TRACE] EODHD fetchEodhdCryptoDailyBars {"symbol":"BTC-USD.CC"}
[FINSEPA_PROVIDER_TRACE] EODHD fetchEodhdCryptoDailyBars {"symbol":"ETH-USD.CC"}
 POST /api/portfolio/live-quotes 200 in 3.7s (next.js: 5ms, application-code: 3.7s)
 PUT /api/portfolios/listings 200 in 148ms (next.js: 1680µs, application-code: 146ms)
 PUT /api/portfolios/listings 200 in 210ms (next.js: 6ms, application-code: 203ms)
 GET /api/notifications?count=1 200 in 112ms (next.js: 2ms, application-code: 110ms)
✓ Compiled in 158ms
[FINSEPA_PROVIDER_TRACE] scope=/screener ssr market=stocks eodhd_http=0 byFn={}
 GET /screener 200 in 487ms (next.js: 200ms, proxy.ts: 142ms, application-code: 145ms)
[FINSEPA_PROVIDER_TRACE] scope=/screener ssr market=stocks eodhd_http=0 byFn={}
[FINSEPA_PROVIDER_TRACE] scope=/screener ssr market=stocks eodhd_http=0 byFn={}
[FINSEPA_PROVIDER_TRACE] scope=/screener ssr market=stocks eodhd_http=0 byFn={}
[FINSEPA_PROVIDER_TRACE] scope=/screener ssr market=stocks eodhd_http=0 byFn={}
 GET /screener 200 in 236ms (next.js: 1819µs, proxy.ts: 66ms, application-code: 168ms)
 GET /screener 200 in 146ms (next.js: 2ms, proxy.ts: 18ms, application-code: 126ms)
 GET /screener 200 in 100ms (next.js: 1752µs, proxy.ts: 9ms, application-code: 90ms)
 GET /screener 200 in 46ms (next.js: 2ms, proxy.ts: 8ms, application-code: 36ms)
 GET /api/search/recent 200 in 162ms (next.js: 32ms, application-code: 130ms)
 GET /api/notifications?count=1 200 in 412ms (next.js: 81ms, application-code: 331ms)
 GET /api/superinvestor-follows 200 in 238ms (next.js: 77ms, application-code: 161ms)
 GET /api/search/recent 200 in 256ms (next.js: 41ms, application-code: 215ms)
 GET /api/notifications?count=1 200 in 81ms (next.js: 1194µs, application-code: 80ms)
 GET /api/portfolio/workspace 200 in 443ms (next.js: 86ms, application-code: 357ms)
 GET /api/watchlist 200 in 240ms (next.js: 35ms, application-code: 205ms)
 GET /api/portfolio/workspace 200 in 174ms (next.js: 1104µs, application-code: 173ms)
[FINSEPA_PROVIDER_TRACE] EODHD fetchEodhdRealtimeSymbolsRaw {"symbolsInRequest":14}
[portfolio/workspace PUT] ledger warnings {
  userId: '52373158-0eff-48de-80ba-f9206ee0e52a',
  warnings: [
    {
      code: 'SELL_WITHOUT_POSITION',
      portfolioId: '6667854d-3cea-49f6-9aac-8a7340c82cb8',
      transactionId: '484eefe6-d749-45bf-9f2d-4a9006a26b62',
      message: 'Sell of AAL with no open position.',
      legacy: true
    },
    {
      code: 'SELL_WITHOUT_POSITION',
      portfolioId: '6667854d-3cea-49f6-9aac-8a7340c82cb8',
      transactionId: '6d6780cf-80b2-4b0d-a3ef-a5b13da610d6',
      message: 'Sell of WISH with no open position.',
      legacy: true
    },
    {
      code: 'SELL_WITHOUT_POSITION',
      portfolioId: '6667854d-3cea-49f6-9aac-8a7340c82cb8',
      transactionId: 'b3c3668a-1730-4300-bd49-255067fbb9c4',
      message: 'Sell of NNOX with no open position.',
      legacy: true
    },
    {
      code: 'SELL_EXCEEDS_AVAILABLE_SHARES',
      portfolioId: '6667854d-3cea-49f6-9aac-8a7340c82cb8',
      transactionId: '4120dc1a-c777-45f4-b033-802dda8bf9e1',
      message: 'Sell 2.195119 PEP exceeds available 2.',
      legacy: true
    }
  ],
  migrateReport: {
    sequenceReports: {
      '6667854d-3cea-49f6-9aac-8a7340c82cb8': [Object],
      '27085251-e3e2-4829-81ee-14004843637d': [Object],
      '6e1c8d68-72f3-4160-9874-6473edd2f7eb': [Object],
      'd972d6f7-1f89-492b-81cf-aaf5fba709f5': [Object],
      '1c9764f9-9feb-462d-8cbe-a61ade8b293c': [Object],
      'a8524493-d06d-4997-9949-ab2bb8e7258b': [Object],
      'e1d517c3-21d5-45d0-8125-fbbb5dbd23f4': [Object]
    },
    legacyTaggedByPortfolio: {},
    changed: false
  }
}
 PUT /api/portfolio/workspace 200 in 303ms (next.js: 1217µs, application-code: 302ms)
[FINSEPA_PROVIDER_TRACE] EODHD fetchEodhdCryptoDailyBars {"symbol":"BTC-USD.CC"}
[FINSEPA_PROVIDER_TRACE] EODHD fetchEodhdCryptoDailyBars {"symbol":"ETH-USD.CC"}
 POST /api/portfolio/live-quotes 200 in 4.1s (next.js: 59ms, application-code: 4.1s)
 PUT /api/portfolios/listings 200 in 204ms (next.js: 58ms, application-code: 145ms)
 PUT /api/portfolios/listings 200 in 245ms (next.js: 61ms, application-code: 184ms)
 GET /api/notifications?count=1 200 in 130ms (next.js: 3ms, application-code: 127ms)
 GET /api/notifications?count=1 200 in 282ms (next.js: 3ms, application-code: 279ms)
 GET /api/notifications?count=1 200 in 141ms (next.js: 3ms, application-code: 137ms)
[FINSEPA_PROVIDER_TRACE] EODHD fetchEodhdRealtimeSymbolsRaw {"symbolsInRequest":10}
 POST /api/portfolio/live-quotes 200 in 1955ms (next.js: 3ms, application-code: 1952ms)
[FINSEPA_PROVIDER_TRACE] EODHD fetchEodhdRealtimeSymbolsRaw {"symbolsInRequest":14}
[portfolio/workspace PUT] ledger warnings {
  userId: '52373158-0eff-48de-80ba-f9206ee0e52a',
  warnings: [
    {
      code: 'SELL_WITHOUT_POSITION',
      portfolioId: '6667854d-3cea-49f6-9aac-8a7340c82cb8',
      transactionId: '484eefe6-d749-45bf-9f2d-4a9006a26b62',
      message: 'Sell of AAL with no open position.',
      legacy: true
    },
    {
      code: 'SELL_WITHOUT_POSITION',
      portfolioId: '6667854d-3cea-49f6-9aac-8a7340c82cb8',
      transactionId: '6d6780cf-80b2-4b0d-a3ef-a5b13da610d6',
      message: 'Sell of WISH with no open position.',
      legacy: true
    },
    {
      code: 'SELL_WITHOUT_POSITION',
      portfolioId: '6667854d-3cea-49f6-9aac-8a7340c82cb8',
      transactionId: 'b3c3668a-1730-4300-bd49-255067fbb9c4',
      message: 'Sell of NNOX with no open position.',
      legacy: true
    },
    {
      code: 'SELL_EXCEEDS_AVAILABLE_SHARES',
      portfolioId: '6667854d-3cea-49f6-9aac-8a7340c82cb8',
      transactionId: '4120dc1a-c777-45f4-b033-802dda8bf9e1',
      message: 'Sell 2.195119 PEP exceeds available 2.',
      legacy: true
    }
  ],
  migrateReport: {
    sequenceReports: {
      '6667854d-3cea-49f6-9aac-8a7340c82cb8': [Object],
      '27085251-e3e2-4829-81ee-14004843637d': [Object],
      '6e1c8d68-72f3-4160-9874-6473edd2f7eb': [Object],
      'd972d6f7-1f89-492b-81cf-aaf5fba709f5': [Object],
      '1c9764f9-9feb-462d-8cbe-a61ade8b293c': [Object],
      'a8524493-d06d-4997-9949-ab2bb8e7258b': [Object],
      'e1d517c3-21d5-45d0-8125-fbbb5dbd23f4': [Object]
    },
    legacyTaggedByPortfolio: {},
    changed: false
  }
}
 PUT /api/portfolio/workspace 200 in 439ms (next.js: 1808µs, application-code: 438ms)
[FINSEPA_PROVIDER_TRACE] EODHD fetchEodhdCryptoDailyBars {"symbol":"BTC-USD.CC"}
[FINSEPA_PROVIDER_TRACE] EODHD fetchEodhdCryptoDailyBars {"symbol":"ETH-USD.CC"}
 POST /api/portfolio/live-quotes 200 in 3.2s (next.js: 2ms, application-code: 3.2s)
 PUT /api/portfolios/listings 200 in 169ms (next.js: 1840µs, application-code: 167ms)
 GET /api/notifications?count=1 200 in 140ms (next.js: 3ms, application-code: 137ms)
 GET /api/notifications?count=1 200 in 124ms (next.js: 2ms, application-code: 122ms)
 GET /api/notifications?count=1 200 in 120ms (next.js: 3ms, application-code: 118ms)
[FINSEPA_PROVIDER_TRACE] EODHD fetchEodhdRealtimeSymbolsRaw {"symbolsInRequest":10}
 POST /api/portfolio/live-quotes 200 in 2.3s (next.js: 2ms, application-code: 2.3s)
[FINSEPA_PROVIDER_TRACE] EODHD fetchEodhdRealtimeSymbolsRaw {"symbolsInRequest":14}
[portfolio/workspace PUT] ledger warnings {
  userId: '52373158-0eff-48de-80ba-f9206ee0e52a',
  warnings: [
    {
      code: 'SELL_WITHOUT_POSITION',
      portfolioId: '6667854d-3cea-49f6-9aac-8a7340c82cb8',
      transactionId: '484eefe6-d749-45bf-9f2d-4a9006a26b62',
      message: 'Sell of AAL with no open position.',
      legacy: true
    },
    {
      code: 'SELL_WITHOUT_POSITION',
      portfolioId: '6667854d-3cea-49f6-9aac-8a7340c82cb8',
      transactionId: '6d6780cf-80b2-4b0d-a3ef-a5b13da610d6',
      message: 'Sell of WISH with no open position.',
      legacy: true
    },
    {
      code: 'SELL_WITHOUT_POSITION',
      portfolioId: '6667854d-3cea-49f6-9aac-8a7340c82cb8',
      transactionId: 'b3c3668a-1730-4300-bd49-255067fbb9c4',
      message: 'Sell of NNOX with no open position.',
      legacy: true
    },
    {
      code: 'SELL_EXCEEDS_AVAILABLE_SHARES',
      portfolioId: '6667854d-3cea-49f6-9aac-8a7340c82cb8',
      transactionId: '4120dc1a-c777-45f4-b033-802dda8bf9e1',
      message: 'Sell 2.195119 PEP exceeds available 2.',
      legacy: true
    }
  ],
  migrateReport: {
    sequenceReports: {
      '6667854d-3cea-49f6-9aac-8a7340c82cb8': [Object],
      '27085251-e3e2-4829-81ee-14004843637d': [Object],
      '6e1c8d68-72f3-4160-9874-6473edd2f7eb': [Object],
      'd972d6f7-1f89-492b-81cf-aaf5fba709f5': [Object],
      '1c9764f9-9feb-462d-8cbe-a61ade8b293c': [Object],
      'a8524493-d06d-4997-9949-ab2bb8e7258b': [Object],
      'e1d517c3-21d5-45d0-8125-fbbb5dbd23f4': [Object]
    },
    legacyTaggedByPortfolio: {},
    changed: false
  }
}
 PUT /api/portfolio/workspace 200 in 470ms (next.js: 3ms, application-code: 467ms)
[FINSEPA_PROVIDER_TRACE] EODHD fetchEodhdCryptoDailyBars {"symbol":"BTC-USD.CC"}
[FINSEPA_PROVIDER_TRACE] EODHD fetchEodhdCryptoDailyBars {"symbol":"ETH-USD.CC"}
 POST /api/portfolio/live-quotes 200 in 3.2s (next.js: 3ms, application-code: 3.2s)
 PUT /api/portfolios/listings 200 in 179ms (next.js: 1587µs, application-code: 178ms)
 GET /api/notifications?count=1 200 in 128ms (next.js: 8ms, application-code: 120ms)
 GET /api/notifications?count=1 200 in 118ms (next.js: 4ms, application-code: 115ms)
 GET /api/notifications?count=1 200 in 171ms (next.js: 8ms, application-code: 163ms)
[FINSEPA_PROVIDER_TRACE] EODHD fetchEodhdRealtimeSymbolsRaw {"symbolsInRequest":10}
 POST /api/portfolio/live-quotes 200 in 2.4s (next.js: 5ms, application-code: 2.4s)
[FINSEPA_PROVIDER_TRACE] EODHD fetchEodhdRealtimeSymbolsRaw {"symbolsInRequest":14}
[portfolio/workspace PUT] ledger warnings {
  userId: '52373158-0eff-48de-80ba-f9206ee0e52a',
  warnings: [
    {
      code: 'SELL_WITHOUT_POSITION',
      portfolioId: '6667854d-3cea-49f6-9aac-8a7340c82cb8',
      transactionId: '484eefe6-d749-45bf-9f2d-4a9006a26b62',
      message: 'Sell of AAL with no open position.',
      legacy: true
    },
    {
      code: 'SELL_WITHOUT_POSITION',
      portfolioId: '6667854d-3cea-49f6-9aac-8a7340c82cb8',
      transactionId: '6d6780cf-80b2-4b0d-a3ef-a5b13da610d6',
      message: 'Sell of WISH with no open position.',
      legacy: true
    },
    {
      code: 'SELL_WITHOUT_POSITION',
      portfolioId: '6667854d-3cea-49f6-9aac-8a7340c82cb8',
      transactionId: 'b3c3668a-1730-4300-bd49-255067fbb9c4',
      message: 'Sell of NNOX with no open position.',
      legacy: true
    },
    {
      code: 'SELL_EXCEEDS_AVAILABLE_SHARES',
      portfolioId: '6667854d-3cea-49f6-9aac-8a7340c82cb8',
      transactionId: '4120dc1a-c777-45f4-b033-802dda8bf9e1',
      message: 'Sell 2.195119 PEP exceeds available 2.',
      legacy: true
    }
  ],
  migrateReport: {
    sequenceReports: {
      '6667854d-3cea-49f6-9aac-8a7340c82cb8': [Object],
      '27085251-e3e2-4829-81ee-14004843637d': [Object],
      '6e1c8d68-72f3-4160-9874-6473edd2f7eb': [Object],
      'd972d6f7-1f89-492b-81cf-aaf5fba709f5': [Object],
      '1c9764f9-9feb-462d-8cbe-a61ade8b293c': [Object],
      'a8524493-d06d-4997-9949-ab2bb8e7258b': [Object],
      'e1d517c3-21d5-45d0-8125-fbbb5dbd23f4': [Object]
    },
    legacyTaggedByPortfolio: {},
    changed: false
  }
}
 PUT /api/portfolio/workspace 200 in 386ms (next.js: 12ms, application-code: 374ms)
[FINSEPA_PROVIDER_TRACE] EODHD fetchEodhdCryptoDailyBars {"symbol":"BTC-USD.CC"}
[FINSEPA_PROVIDER_TRACE] EODHD fetchEodhdCryptoDailyBars {"symbol":"ETH-USD.CC"}
 POST /api/portfolio/live-quotes 200 in 3.3s (next.js: 4ms, application-code: 3.2s)
 PUT /api/portfolios/listings 200 in 150ms (next.js: 2ms, application-code: 148ms)
 GET /api/notifications?count=1 200 in 135ms (next.js: 11ms, application-code: 124ms)
 GET /api/notifications?count=1 200 in 240ms (next.js: 8ms, application-code: 232ms)
 GET /api/notifications?count=1 200 in 269ms (next.js: 11ms, application-code: 258ms)
[FINSEPA_PROVIDER_TRACE] EODHD fetchEodhdRealtimeSymbolsRaw {"symbolsInRequest":10}
 POST /api/portfolio/live-quotes 200 in 2.7s (next.js: 2ms, application-code: 2.7s)
[FINSEPA_PROVIDER_TRACE] EODHD fetchEodhdRealtimeSymbolsRaw {"symbolsInRequest":14}
[portfolio/workspace PUT] ledger warnings {
  userId: '52373158-0eff-48de-80ba-f9206ee0e52a',
  warnings: [
    {
      code: 'SELL_WITHOUT_POSITION',
      portfolioId: '6667854d-3cea-49f6-9aac-8a7340c82cb8',
      transactionId: '484eefe6-d749-45bf-9f2d-4a9006a26b62',
      message: 'Sell of AAL with no open position.',
      legacy: true
    },
    {
      code: 'SELL_WITHOUT_POSITION',
      portfolioId: '6667854d-3cea-49f6-9aac-8a7340c82cb8',
      transactionId: '6d6780cf-80b2-4b0d-a3ef-a5b13da610d6',
      message: 'Sell of WISH with no open position.',
      legacy: true
    },
    {
      code: 'SELL_WITHOUT_POSITION',
      portfolioId: '6667854d-3cea-49f6-9aac-8a7340c82cb8',
      transactionId: 'b3c3668a-1730-4300-bd49-255067fbb9c4',
      message: 'Sell of NNOX with no open position.',
      legacy: true
    },
    {
      code: 'SELL_EXCEEDS_AVAILABLE_SHARES',
      portfolioId: '6667854d-3cea-49f6-9aac-8a7340c82cb8',
      transactionId: '4120dc1a-c777-45f4-b033-802dda8bf9e1',
      message: 'Sell 2.195119 PEP exceeds available 2.',
      legacy: true
    }
  ],
  migrateReport: {
    sequenceReports: {
      '6667854d-3cea-49f6-9aac-8a7340c82cb8': [Object],
      '27085251-e3e2-4829-81ee-14004843637d': [Object],
      '6e1c8d68-72f3-4160-9874-6473edd2f7eb': [Object],
      'd972d6f7-1f89-492b-81cf-aaf5fba709f5': [Object],
      '1c9764f9-9feb-462d-8cbe-a61ade8b293c': [Object],
      'a8524493-d06d-4997-9949-ab2bb8e7258b': [Object],
      'e1d517c3-21d5-45d0-8125-fbbb5dbd23f4': [Object]
    },
    legacyTaggedByPortfolio: {},
    changed: false
  }
}
 PUT /api/portfolio/workspace 200 in 388ms (next.js: 2ms, application-code: 386ms)
[FINSEPA_PROVIDER_TRACE] EODHD fetchEodhdCryptoDailyBars {"symbol":"BTC-USD.CC"}
[FINSEPA_PROVIDER_TRACE] EODHD fetchEodhdCryptoDailyBars {"symbol":"ETH-USD.CC"}
 POST /api/portfolio/live-quotes 200 in 3.1s (next.js: 1239µs, application-code: 3.1s)
 PUT /api/portfolios/listings 200 in 203ms (next.js: 1791µs, application-code: 201ms)
[FINSEPA_PROVIDER_TRACE] scope=/screener ssr market=stocks eodhd_http=0 byFn={}
 GET /screener 200 in 1576ms (next.js: 7ms, proxy.ts: 162ms, application-code: 1407ms)
[FINSEPA_PROVIDER_TRACE] EODHD fetchEodhdRealtimeSymbolsRaw {"symbolsInRequest":10}
 GET /api/portfolio/workspace 200 in 251ms (next.js: 83ms, application-code: 167ms)
 GET /api/account/billing/summary 200 in 257ms (next.js: 74ms, application-code: 183ms)
 GET /api/notifications?count=1 200 in 293ms (next.js: 77ms, application-code: 215ms)
 GET /api/account/plan 200 in 217ms (next.js: 55ms, application-code: 162ms)
[FINSEPA_PROVIDER_TRACE] EODHD fetchEodhdEodDailyBothCloses {"symbol":"AAPL.US"}
[FINSEPA_PROVIDER_TRACE] EODHD fetchEodhdEodDailyBothCloses {"symbol":"COST.US"}
[FINSEPA_PROVIDER_TRACE] EODHD fetchEodhdEodDailyBothCloses {"symbol":"KO.US"}
[FINSEPA_PROVIDER_TRACE] EODHD fetchEodhdEodDailyBothCloses {"symbol":"META.US"}
[FINSEPA_PROVIDER_TRACE] EODHD fetchEodhdEodDailyBothCloses {"symbol":"NFLX.US"}
[FINSEPA_PROVIDER_TRACE] EODHD fetchEodhdEodDailyBothCloses {"symbol":"QQQ.US"}
[FINSEPA_PROVIDER_TRACE] EODHD fetchEodhdEodDailyBothCloses {"symbol":"SPGI.US"}
[FINSEPA_PROVIDER_TRACE] EODHD fetchEodhdEodDailyBothCloses {"symbol":"TSLA.US"}
[FINSEPA_PROVIDER_TRACE] EODHD fetchEodhdEodDailyBothCloses {"symbol":"UBER.US"}
[FINSEPA_PROVIDER_TRACE] EODHD fetchEodhdEodDailyBothCloses {"symbol":"V.US"}
 GET /api/search/recent 200 in 135ms (next.js: 1708µs, application-code: 133ms)
 GET /api/superinvestor-follows 200 in 102ms (next.js: 2ms, application-code: 100ms)
 GET /api/search/recent 200 in 146ms (next.js: 20ms, application-code: 126ms)
 GET /api/watchlist 200 in 200ms (next.js: 17ms, application-code: 183ms)
 GET /api/watchlist 200 in 159ms (next.js: 11ms, application-code: 148ms)
 PUT /api/portfolio/workspace 200 in 241ms (next.js: 1770µs, application-code: 239ms)
 PUT /api/portfolio/workspace 200 in 220ms (next.js: 3ms, application-code: 217ms)
 POST /api/portfolio/stock-splits 200 in 1328ms (next.js: 87ms, application-code: 1241ms)
[FINSEPA_PROVIDER_TRACE] EODHD fetchEodhdCryptoDailyBars {"symbol":"BTC-USD.CC"}
[FINSEPA_PROVIDER_TRACE] EODHD fetchEodhdCryptoDailyBars {"symbol":"ETH-USD.CC"}
[FINSEPA_PROVIDER_TRACE] EODHD fetchEodhdCryptoDailyBars {"symbol":"SOL-USD.CC"}
[FINSEPA_PROVIDER_TRACE] EODHD fetchEodhdSearch {"q":"amat","limit":120}
[FINSEPA_PROVIDER_TRACE] EODHD fetchEodhdExchangeSymbolListUncached {"exchange":"CC"}
[FINSEPA_PROVIDER_TRACE] EODHD fetchEodhdScreenerUncached {"offset":0,"limit":100}
[FINSEPA_PROVIDER_TRACE] EODHD fetchEodhdScreenerUncached {"offset":100,"limit":100}
[FINSEPA_PROVIDER_TRACE] EODHD fetchEodhdScreenerUncached {"offset":200,"limit":100}
[FINSEPA_PROVIDER_TRACE] EODHD fetchEodhdScreenerUncached {"offset":300,"limit":100}
[FINSEPA_PROVIDER_TRACE] EODHD fetchEodhdScreenerUncached {"offset":400,"limit":100}
 PUT /api/portfolio/workspace 200 in 287ms (next.js: 3ms, application-code: 284ms)
[FINSEPA_PROVIDER_TRACE] EODHD fetchEodhdScreenerUncached {"offset":500,"limit":100}
[FINSEPA_PROVIDER_TRACE] EODHD fetchEodhdScreenerUncached {"offset":600,"limit":100}
[FINSEPA_PROVIDER_TRACE] EODHD fetchEodhdScreenerUncached {"offset":700,"limit":100}
[FINSEPA_PROVIDER_TRACE] EODHD fetchEodhdScreenerUncached {"offset":800,"limit":100}
[FINSEPA_PROVIDER_TRACE] EODHD fetchEodhdScreenerUncached {"offset":900,"limit":100}
 PUT /api/portfolio/workspace 200 in 220ms (next.js: 1548µs, application-code: 219ms)
 POST /api/portfolio/live-quotes 200 in 3.1s (next.js: 2ms, application-code: 3.1s)
 GET /api/search?q=amat 200 in 931ms (next.js: 122ms, application-code: 809ms)
 PUT /api/portfolio/workspace 200 in 228ms (next.js: 1141µs, application-code: 227ms)
 GET /api/media/logo?kind=stock&t=AMAU&theme=light 200 in 644ms (next.js: 42ms, application-code: 602ms)
 GET /api/media/logo?kind=stock&t=AMA&theme=light 200 in 848ms (next.js: 47ms, application-code: 801ms)
 PUT /api/search/recent 200 in 313ms (next.js: 1887µs, application-code: 312ms)
[FINSEPA_PROVIDER_TRACE] EODHD fetchEodhdEodDaily {"symbol":"AMAT.US","closeMode":"adjusted"}
[FINSEPA_PROVIDER_TRACE] EODHD fetchEodhdFundamentalsJsonUncached {"symbol":"AMAT.US"}
[FINSEPA_PROVIDER_TRACE] EODHD fetchEodhdIntraday {"symbol":"AMAT.US"}
[FINSEPA_PROVIDER_TRACE] EODHD loadStockNewsPage {"symbol":"AMAT.US","offset":0,"limit":6}
[FINSEPA_PROVIDER_TRACE] EODHD fetchEodhdIntraday {"symbol":"AMAT.US"}
[eodhd intraday] raw provider row sample {
  sym: 'AMAT.US',
  interval: '1m',
  rowCount: 391,
  firstRow: {
    timestamp: 1788528600,
    gmtoffset: 0,
    datetime: '2026-09-04 13:30:00',
    open: 452.5,
    high: 452.5,
    low: 443.36,
    close: 445.625,
    volume: 171200
  }
}
[eodhd intraday] raw provider row sample {
  sym: 'AMAT.US',
  interval: '1m',
  rowCount: 391,
  firstRow: {
    timestamp: 1788528600,
    gmtoffset: 0,
    datetime: '2026-09-04 13:30:00',
    open: 452.5,
    high: 452.5,
    low: 443.36,
    close: 445.625,
    volume: 171200
  }
}
[FINSEPA_PROVIDER_TRACE] EODHD fetchEodhdEodDaily {"symbol":"AMAT.US","closeMode":"adjusted"}
 GET /stock/AMAT 200 in 3.1s (next.js: 130ms, proxy.ts: 11ms, application-code: 2.9s)
[FINSEPA_PROVIDER_TRACE] EODHD fetchEodhdRealtimeSymbolsRaw {"symbolsInRequest":10}
 GET /api/notifications?count=1 200 in 281ms (next.js: 4ms, application-code: 276ms)
 GET /api/account/billing/summary 200 in 301ms (next.js: 3ms, application-code: 298ms)
[FINSEPA_PROVIDER_TRACE] EODHD fetchEodhdEodDaily {"symbol":"AMAT.US","closeMode":"adjusted"}
 GET /api/portfolio/workspace 200 in 342ms (next.js: 8ms, application-code: 334ms)
[FINSEPA_PROVIDER_TRACE] EODHD fetchEodhdIntraday {"symbol":"AMAT.US"}
 GET /api/account/plan 200 in 168ms (next.js: 4ms, application-code: 165ms)
 GET /api/notifications?count=1 200 in 114ms (next.js: 999µs, application-code: 113ms)
[FINSEPA_PROVIDER_TRACE] EODHD fetchEodhdIntraday {"symbol":"AMAT.US"}
 GET /api/account/billing/summary 200 in 216ms (next.js: 8ms, application-code: 208ms)
 GET /api/portfolio/workspace 200 in 67ms (next.js: 1234µs, application-code: 65ms)
 GET /api/account/plan 200 in 82ms (next.js: 1350µs, application-code: 81ms)
 GET /api/search/recent 200 in 72ms (next.js: 3ms, application-code: 69ms)
 GET /api/search/recent 200 in 68ms (next.js: 1398µs, application-code: 66ms)
[eodhd intraday] raw provider row sample {
  sym: 'AMAT.US',
  interval: '1m',
  rowCount: 391,
  firstRow: {
    timestamp: 1788528600,
    gmtoffset: 0,
    datetime: '2026-09-04 13:30:00',
    open: 452.5,
    high: 452.5,
    low: 443.36,
    close: 445.625,
    volume: 171200
  }
}
[live-price] AMAT {
  price: 455.03,
  quotedAtSec: 1788552000,
  previousClose: null,
  session: 'pre'
}
 GET /api/search/recent 200 in 106ms (next.js: 1317µs, application-code: 105ms)
[eodhd intraday] raw provider row sample {
  sym: 'AMAT.US',
  interval: '1m',
  rowCount: 391,
  firstRow: {
    timestamp: 1788528600,
    gmtoffset: 0,
    datetime: '2026-09-04 13:30:00',
    open: 452.5,
    high: 452.5,
    low: 443.36,
    close: 445.625,
    volume: 171200
  }
}
[live-price] AMAT {
  price: 455.03,
  quotedAtSec: 1788552000,
  previousClose: null,
  session: 'pre'
}
 GET /api/stocks/AMAT/live-price 200 in 961ms (next.js: 128ms, application-code: 833ms)
 GET /api/stocks/AMAT/live-price 200 in 516ms (next.js: 2ms, application-code: 514ms)
 GET /api/superinvestor-follows 200 in 87ms (next.js: 4ms, application-code: 83ms)
 GET /api/search/recent 200 in 91ms (next.js: 1519µs, application-code: 89ms)
[FINSEPA_PROVIDER_TRACE] EODHD fetchEodhdEodDailyBothCloses {"symbol":"AAPL.US"}
[FINSEPA_PROVIDER_TRACE] EODHD fetchEodhdEodDailyBothCloses {"symbol":"COST.US"}
[FINSEPA_PROVIDER_TRACE] EODHD fetchEodhdEodDailyBothCloses {"symbol":"KO.US"}
[FINSEPA_PROVIDER_TRACE] EODHD fetchEodhdEodDailyBothCloses {"symbol":"META.US"}
[FINSEPA_PROVIDER_TRACE] EODHD fetchEodhdEodDailyBothCloses {"symbol":"NFLX.US"}
[FINSEPA_PROVIDER_TRACE] EODHD fetchEodhdEodDailyBothCloses {"symbol":"QQQ.US"}
[FINSEPA_PROVIDER_TRACE] EODHD fetchEodhdEodDailyBothCloses {"symbol":"SPGI.US"}
[FINSEPA_PROVIDER_TRACE] EODHD fetchEodhdEodDailyBothCloses {"symbol":"TSLA.US"}
[FINSEPA_PROVIDER_TRACE] EODHD fetchEodhdEodDailyBothCloses {"symbol":"UBER.US"}
[FINSEPA_PROVIDER_TRACE] EODHD fetchEodhdEodDailyBothCloses {"symbol":"V.US"}
 GET /api/watchlist 200 in 140ms (next.js: 985µs, application-code: 139ms)
 GET /assets/_app/immutable/assets/people_alt.0IqWdIOr.css 404 in 79ms (next.js: 26ms, application-code: 53ms)
 GET /assets/_app/immutable/assets/2.C9hFP7sG.css 404 in 24ms (next.js: 1938µs, application-code: 23ms)
 GET /assets/_app/immutable/assets/AddToFollowing.oHrQzDiM.css 404 in 21ms (next.js: 1459µs, application-code: 20ms)
 GET /assets/_app/immutable/assets/Tabs.B74U1F4k.css 404 in 24ms (next.js: 1865µs, application-code: 22ms)
 PUT /api/portfolio/workspace 200 in 259ms (next.js: 1379µs, application-code: 257ms)
 GET /assets/_app/immutable/assets/Dialogv2.CXvAI8Yx.css 404 in 29ms (next.js: 2ms, application-code: 27ms)
 GET /assets/_app/immutable/assets/GdprBlocked.C3dnYzst.css 404 in 42ms (next.js: 1840µs, application-code: 40ms)
 GET /assets/_app/immutable/assets/AddNewPortfolioButton.B4HmilUN.css 404 in 25ms (next.js: 4ms, application-code: 22ms)
 GET /assets/_app/immutable/assets/AddTickerWithHoldings.DAQnlVJU.css 404 in 48ms (next.js: 3ms, application-code: 45ms)
 GET /assets/_app/immutable/assets/Autocomplete.B6UmZEzz.css 404 in 30ms (next.js: 6ms, application-code: 24ms)
 GET /assets/_app/immutable/assets/Card.7smu_tPD.css 404 in 62ms (next.js: 2ms, application-code: 60ms)
 GET /assets/_app/immutable/assets/PortfolioForm.DVSyO24a.css 404 in 33ms (next.js: 5ms, application-code: 28ms)
 GET /assets/_app/immutable/assets/loadTopAnalystRatings.DjKURJBv.css 404 in 29ms (next.js: 3ms, application-code: 26ms)
 GET /assets/_app/immutable/assets/BannerV2.BUaA8BL6.css 404 in 33ms (next.js: 4ms, application-code: 29ms)
 GET /api/notifications?count=1 200 in 114ms (next.js: 20ms, application-code: 94ms)
 GET /assets/_app/immutable/assets/SwitchGroup.BRNnmGQJ.css 404 in 30ms (next.js: 2ms, application-code: 28ms)
 GET /assets/_app/immutable/assets/TextField.CgB00LnS.css 404 in 32ms (next.js: 3ms, application-code: 29ms)
 GET /assets/_app/immutable/assets/PageProgressBar.DI0pYk3c.css 404 in 26ms (next.js: 3ms, application-code: 23ms)
 GET /assets/_app/immutable/assets/Meta.BmO56adv.css 404 in 39ms (next.js: 2ms, application-code: 37ms)
 GET /assets/_app/immutable/assets/virtual_pwa-register.CI53cJZ_.css 404 in 25ms (next.js: 2ms, application-code: 23ms)
[FINSEPA_PROVIDER_TRACE] EODHD fetchEodhdCryptoDailyBars {"symbol":"BTC-USD.CC"}
[FINSEPA_PROVIDER_TRACE] EODHD fetchEodhdCryptoDailyBars {"symbol":"ETH-USD.CC"}
[FINSEPA_PROVIDER_TRACE] EODHD fetchEodhdCryptoDailyBars {"symbol":"SOL-USD.CC"}
 GET /assets/_app/immutable/assets/Debug.DPMy6RHe.css 404 in 27ms (next.js: 1990µs, application-code: 25ms)
 GET /assets/_app/immutable/assets/AccordionItem.DwPDDhxR.css 404 in 27ms (next.js: 3ms, application-code: 24ms)
 GET /assets/_app/immutable/assets/Switch.BDtPoIsT.css 404 in 25ms (next.js: 2ms, application-code: 23ms)
[FINSEPA_PROVIDER_TRACE] EODHD fetchEodhdUsQuoteDelayed {"symbol":"AMAT.US"}
 GET /assets/_app/immutable/assets/handyman.D9f3MkzC.css 404 in 122ms (next.js: 5ms, application-code: 117ms)
 GET /assets/_app/immutable/assets/Checkbox.BOB5pb6C.css 404 in 29ms (next.js: 2ms, application-code: 27ms)
 GET /assets/_app/immutable/assets/Slider.yXRkISrd.css 404 in 45ms (next.js: 1957µs, application-code: 43ms)
 GET /assets/_app/immutable/assets/Banner.BAIolu3i.css 404 in 27ms (next.js: 1669µs, application-code: 25ms)
 GET /assets/_app/immutable/assets/Header.DnEvKSrq.css 404 in 67ms (next.js: 1826µs, application-code: 65ms)
 GET /assets/_app/immutable/assets/AlphaSpaceWordmark.Cyz3JfC4.css 404 in 50ms (next.js: 5ms, application-code: 45ms)
 GET /assets/_app/immutable/assets/Tag.DXbPsdiY.css 404 in 32ms (next.js: 2ms, application-code: 30ms)
 GET /assets/_app/immutable/assets/NotificationPanel.Di6ZuLWG.css 404 in 45ms (next.js: 5ms, application-code: 41ms)
 GET /assets/_app/immutable/assets/HyperlinkInteractiveWrapper.wfHpgPVA.css 404 in 25ms (next.js: 1851µs, application-code: 23ms)
 GET /assets/_app/immutable/assets/SubscriptionTierTag.BjxOd-yG.css 404 in 31ms (next.js: 1942µs, application-code: 29ms)
 GET /api/stocks/AMAT/extended-hours?exchange=NASDAQ&country=US&close=454.71 200 in 1777ms (next.js: 5ms, application-code: 1771ms)
 GET /assets/_app/immutable/assets/payments.DR6KIYnh.css 404 in 54ms (next.js: 2ms, application-code: 52ms)
 GET /api/stocks/AMAT/extended-hours?exchange=NASDAQ&country=US&close=454.71 200 in 2.3s (next.js: 242ms, application-code: 2.0s)
 GET /assets/_app/immutable/assets/move_down.DOK3sxW5.css 404 in 72ms (next.js: 6ms, application-code: 66ms)
 POST /api/portfolio/stock-splits 200 in 1253ms (next.js: 2ms, application-code: 1251ms)
 GET /assets/_app/immutable/assets/LiveEarningsAudioStream.DeyasBtQ.css 404 in 76ms (next.js: 18ms, application-code: 58ms)
 GET /assets/_app/immutable/assets/event.tkYfSHFl.css 404 in 102ms (next.js: 41ms, application-code: 60ms)
 GET /assets/_app/immutable/assets/LiveBadge.Bz7LaYll.css 404 in 99ms (next.js: 12ms, application-code: 87ms)
 GET /assets/_app/immutable/assets/SubsWelcomeModal.DwRkT9PD.css 404 in 126ms (next.js: 39ms, application-code: 87ms)
 GET /assets/_app/immutable/assets/Hyperlink.ClLyprcN.css 404 in 122ms (next.js: 32ms, application-code: 90ms)
 GET /assets/_app/immutable/assets/Dock.DC-gv-7M.css 404 in 95ms (next.js: 11ms, application-code: 85ms)
 GET /assets/_app/immutable/assets/EventCalendarPreview.Cjhb4pdW.css 404 in 96ms (next.js: 35ms, application-code: 61ms)
 GET /assets/_app/immutable/assets/MenuItem.CmNhmsM2.css 404 in 84ms (next.js: 10ms, application-code: 74ms)
 GET /assets/_app/immutable/assets/ymp-comments.CVezLcHV.css 404 in 89ms (next.js: 8ms, application-code: 82ms)
 GET /assets/_app/immutable/assets/DisclosureInfoIcon.BWZfOVHX.css 404 in 124ms (next.js: 28ms, application-code: 96ms)
 GET /assets/_app/immutable/assets/sources.vNvZi5gW.css 404 in 111ms (next.js: 14ms, application-code: 97ms)
 GET /assets/_app/immutable/assets/scoutFeedback.BUm4YDyH.css 404 in 109ms (next.js: 37ms, application-code: 72ms)
 GET /assets/_app/immutable/assets/UserFeedback.BJdeRhF4.css 404 in 85ms (next.js: 14ms, application-code: 71ms)
 GET /assets/_app/immutable/assets/RemountOnRouteChange.BPW9HNmM.css 404 in 98ms (next.js: 26ms, application-code: 72ms)
 GET /assets/_app/immutable/assets/loadChatResponse.pGCqGAoi.css 404 in 100ms (next.js: 6ms, application-code: 94ms)
 GET /assets/_app/immutable/assets/DynamicNativeAd.CSh-HF8h.css 404 in 79ms (next.js: 25ms, application-code: 54ms)
 GET /assets/_app/immutable/assets/StoryStream.DjN8CIAT.css 404 in 83ms (next.js: 8ms, application-code: 75ms)
 GET /assets/_app/immutable/assets/visibility_off.Cb_iLODS.css 404 in 70ms (next.js: 8ms, application-code: 62ms)
 GET /assets/_app/immutable/assets/PrivacyLinks.BzPh9WuE.css 404 in 105ms (next.js: 17ms, application-code: 88ms)
 GET /assets/_app/immutable/assets/SignedOutVariantB.C9lvvTNs.css 404 in 121ms (next.js: 31ms, application-code: 89ms)
 GET /assets/_app/immutable/assets/FooterV2.HJ9w7v1k.css 404 in 77ms (next.js: 24ms, application-code: 52ms)
 GET /assets/_app/immutable/assets/Layout.BoqcdOAF.css 404 in 80ms (next.js: 8ms, application-code: 72ms)
 GET /assets/_app/immutable/assets/FeatureEngagementSpotlightAlphaspaceOverlayTemplate.CKW3rKAI.css 404 in 91ms (next.js: 27ms, application-code: 64ms)
 GET /assets/_app/immutable/assets/Carousel.CxpOvWCK.css 404 in 98ms (next.js: 11ms, application-code: 87ms)
 GET /assets/_app/immutable/assets/CarouselButtons.DbPv9S4h.css 404 in 115ms (next.js: 40ms, application-code: 75ms)
 POST /api/portfolio/live-quotes 200 in 3.2s (next.js: 6ms, application-code: 3.2s)
 GET /assets/_app/immutable/assets/FeatureBarNeo.Ba19JwfO.css 404 in 87ms (next.js: 27ms, application-code: 60ms)
 GET /assets/_app/immutable/assets/NavBar.Dte_9OX-.css 404 in 91ms (next.js: 9ms, application-code: 82ms)
 GET /assets/_app/immutable/assets/90.DnEB2ky8.css 404 in 93ms (next.js: 24ms, application-code: 68ms)
 GET /assets/_app/immutable/assets/initializePage.DCONDKUZ.css 404 in 96ms (next.js: 10ms, application-code: 86ms)
 GET /assets/_app/immutable/assets/alphaSpaceChartEmbed.DjFyIlH9.css 404 in 419ms (next.js: 47ms, application-code: 372ms)
 GET /assets/_app/immutable/assets/AlphaspaceCTA.BVa3Qul7.css 404 in 424ms (next.js: 30ms, application-code: 395ms)
 GET /assets/_app/immutable/assets/TickerCarousel.DCyCp4jD.css 404 in 610ms (next.js: 307ms, application-code: 303ms)
 GET /assets/_app/immutable/assets/QuoteTitle.B42-RU0-.css 404 in 649ms (next.js: 83ms, application-code: 566ms)
 GET /assets/_app/immutable/assets/HeatMap.DtOpnH7o.css 404 in 341ms (next.js: 36ms, application-code: 305ms)
 GET /assets/_app/immutable/entry/start.CiX9x9XB.js 404 in 321ms (next.js: 243ms, application-code: 78ms)
 GET /assets/_app/immutable/chunks/iframeContainerResizer.DDAVPI6z.js 404 in 100ms (next.js: 32ms, application-code: 69ms)
 GET /assets/_app/immutable/chunks/85.CBD4LYtq.js 404 in 128ms (next.js: 39ms, application-code: 89ms)
 GET /assets/_app/immutable/chunks/people_alt.CKquRi3G.js 404 in 74ms (next.js: 27ms, application-code: 47ms)
 GET /assets/_app/immutable/entry/app.BTlas9fx.js 404 in 97ms (next.js: 29ms, application-code: 68ms)
 GET /assets/_app/immutable/chunks/shopping_cart.vMZ-9_UM.js 404 in 70ms (next.js: 26ms, application-code: 44ms)
 GET /assets/_app/immutable/chunks/security.Cc-H5G3O.js 404 in 84ms (next.js: 25ms, application-code: 59ms)
 GET /assets/_app/immutable/chunks/nimbusAppState.DtldQRip.js 404 in 84ms (next.js: 22ms, application-code: 62ms)
 GET /assets/_app/immutable/chunks/support.C9JVmVCa.js 404 in 87ms (next.js: 7ms, application-code: 80ms)
 GET /assets/_app/immutable/chunks/comment.BeV9SjAa.js 404 in 92ms (next.js: 23ms, application-code: 69ms)
 GET /assets/_app/immutable/chunks/partnerHubRoutes.DGPEUJpT.js 404 in 98ms (next.js: 25ms, application-code: 73ms)
 GET /assets/_app/immutable/nodes/0.dDSeqbcf.js 404 in 97ms (next.js: 43ms, application-code: 55ms)
 GET /assets/_app/immutable/nodes/2.CmTk-6Rs.js 404 in 70ms (next.js: 8ms, application-code: 61ms)
 GET /assets/_app/immutable/chunks/PageProgressBar.BP6uLIIo.js 404 in 66ms (next.js: 7ms, application-code: 59ms)
 GET /assets/_app/immutable/chunks/Meta.T0Wl2rg4.js 404 in 118ms (next.js: 37ms, application-code: 81ms)
 GET /assets/_app/immutable/chunks/paywall.CrgkEqoI.js 404 in 121ms (next.js: 22ms, application-code: 99ms)
 GET /assets/_app/immutable/chunks/virtual_pwa-register.DyEf_4Tv.js 404 in 129ms (next.js: 26ms, application-code: 103ms)
 GET /assets/_app/immutable/chunks/Banner.D7SeGNLN.js 404 in 113ms (next.js: 39ms, application-code: 75ms)
 GET /assets/_app/immutable/chunks/Header.DhVILdfb.js 404 in 91ms (next.js: 14ms, application-code: 76ms)
 GET /assets/_app/immutable/chunks/Logo.BjW2u8QZ.js 404 in 124ms (next.js: 41ms, application-code: 83ms)
 GET /assets/_app/immutable/chunks/AlphaSpaceWordmark.CFlhoJAt.js 404 in 95ms (next.js: 27ms, application-code: 68ms)
 GET /assets/_app/immutable/chunks/tierFeatures.BXOQRWdI.js 404 in 133ms (next.js: 44ms, application-code: 89ms)
 GET /assets/_app/immutable/chunks/numberFormatUtil.VSLNiBZb.js 404 in 76ms (next.js: 28ms, application-code: 49ms)
 GET /assets/_app/immutable/chunks/checklistContent.kIZSDN8d.js 404 in 98ms (next.js: 26ms, application-code: 72ms)
 GET /assets/_app/immutable/chunks/Tag.DWC2acWS.js 404 in 71ms (next.js: 26ms, application-code: 45ms)
 GET /assets/_app/immutable/chunks/NotificationPanel.v5TlGhns.js 404 in 85ms (next.js: 27ms, application-code: 58ms)
 GET /assets/_app/immutable/chunks/SubscriptionTierTag.CszjXbXC.js 404 in 96ms (next.js: 22ms, application-code: 74ms)
 GET /assets/_app/immutable/chunks/HyperlinkInteractiveWrapper.kv_kdRYi.js 404 in 99ms (next.js: 6ms, application-code: 93ms)
 GET /assets/_app/immutable/chunks/List.oYLN2Vo6.js 404 in 100ms (next.js: 24ms, application-code: 76ms)
 GET /assets/_app/immutable/chunks/FeatureCue.1gDfT3tD.js 404 in 103ms (next.js: 38ms, application-code: 65ms)
 GET /assets/_app/immutable/chunks/ThemedImage.DxuirQEV.js 404 in 103ms (next.js: 54ms, application-code: 49ms)
 GET /assets/_app/immutable/chunks/TopAnalystLazy.BdNMEIj7.js 404 in 67ms (next.js: 8ms, application-code: 59ms)
 GET /assets/_app/immutable/chunks/LiveEarningsAudioPlayer.YwtvsFvW.js 404 in 62ms (next.js: 7ms, application-code: 55ms)
 GET /assets/_app/immutable/chunks/SectionHeader.C92_XNpQ.js 404 in 97ms (next.js: 36ms, application-code: 61ms)
 GET /assets/_app/immutable/chunks/move_down.DHsVOia_.js 404 in 100ms (next.js: 22ms, application-code: 78ms)
 GET /assets/_app/immutable/chunks/loadCompany360.CY665Mi0.js 404 in 99ms (next.js: 23ms, application-code: 76ms)
 GET /assets/_app/immutable/chunks/speed.6IxN6Xmb.js 404 in 84ms (next.js: 27ms, application-code: 57ms)
 GET /assets/_app/immutable/chunks/context.C8iCSJxm.js 404 in 60ms (next.js: 20ms, application-code: 40ms)
 GET /assets/_app/immutable/chunks/zh.json.DG_ecmOy.js 404 in 86ms (next.js: 21ms, application-code: 65ms)
 GET /assets/_app/immutable/chunks/event.zCbwBa_c.js 404 in 97ms (next.js: 26ms, application-code: 71ms)
 GET /assets/_app/immutable/chunks/arrow_forward.Dl7DkkBE.js 404 in 116ms (next.js: 22ms, application-code: 93ms)
 GET /assets/_app/immutable/chunks/CurrencyFormat.DmB6WC7W.js 404 in 78ms (next.js: 27ms, application-code: 51ms)
 GET /assets/_app/immutable/chunks/StockStoryLogo.BTbKjg5K.js 404 in 102ms (next.js: 29ms, application-code: 73ms)
 GET /assets/_app/immutable/chunks/Rating.D95x7WHG.js 404 in 76ms (next.js: 28ms, application-code: 48ms)
 GET /assets/_app/immutable/chunks/Change.DMQ9JpIB.js 404 in 107ms (next.js: 27ms, application-code: 79ms)
 GET /assets/_app/immutable/chunks/quote.Dpg10Yau.js 404 in 110ms (next.js: 38ms, application-code: 72ms)
 GET /assets/_app/immutable/chunks/DateFormatCell.TYBjBg_v.js 404 in 114ms (next.js: 9ms, application-code: 106ms)
 GET /assets/_app/immutable/chunks/ColorChange.CckS2Oer.js 404 in 105ms (next.js: 27ms, application-code: 77ms)
 GET /assets/_app/immutable/chunks/QuoteLink.CtGedJCD.js 404 in 108ms (next.js: 33ms, application-code: 76ms)
 GET /assets/_app/immutable/chunks/SparklineCell.Dn1_25FK.js 404 in 108ms (next.js: 53ms, application-code: 54ms)
 GET /assets/_app/immutable/chunks/Sparkline.B2Z4zYgp.js 404 in 73ms (next.js: 11ms, application-code: 62ms)
 GET /assets/_app/immutable/chunks/business_center.CD23sdZd.js 404 in 66ms (next.js: 7ms, application-code: 59ms)
 GET /assets/_app/immutable/chunks/fab.Cg7Ca0s0.js 404 in 109ms (next.js: 40ms, application-code: 69ms)
 GET /assets/_app/immutable/chunks/FeatureEngagementSlot.C1QLirZN.js 404 in 112ms (next.js: 25ms, application-code: 86ms)
 GET /assets/_app/immutable/chunks/balanceSheet_B.CpXlMBpU.js 404 in 96ms (next.js: 23ms, application-code: 73ms)
 GET /assets/_app/immutable/nodes/9.BXz7jBlj.js 404 in 80ms (next.js: 36ms, application-code: 44ms)
 GET /assets/_app/immutable/chunks/9.D0AeR0BX.js 404 in 87ms (next.js: 8ms, application-code: 78ms)
 GET /assets/_app/immutable/chunks/Dock.BJCp0hjt.js 404 in 80ms (next.js: 22ms, application-code: 59ms)
 GET /assets/_app/immutable/chunks/fr.json.CCATqYIZ.js 404 in 84ms (next.js: 23ms, application-code: 60ms)
 GET /assets/_app/immutable/chunks/loadMarketTime.ukk2xSj8.js 404 in 103ms (next.js: 22ms, application-code: 80ms)
 GET /assets/_app/immutable/chunks/optimisticPost.B21FvHIT.js 404 in 73ms (next.js: 24ms, application-code: 50ms)
 GET /assets/_app/immutable/chunks/UpvoteIcon.Bn61eoIo.js 404 in 74ms (next.js: 25ms, application-code: 49ms)
 GET /assets/_app/immutable/chunks/event.BTuX6HPi.js 404 in 100ms (next.js: 25ms, application-code: 75ms)
 GET /assets/_app/immutable/chunks/utils.Wjs3O4Mi.js 404 in 105ms (next.js: 11ms, application-code: 94ms)
 GET /assets/_app/immutable/chunks/MenuItem.CqjqtCWg.js 404 in 87ms (next.js: 26ms, application-code: 60ms)
 GET /assets/_app/immutable/chunks/researchHubUtils.BoSjz6tT.js 404 in 118ms (next.js: 36ms, application-code: 82ms)
 GET /assets/_app/immutable/chunks/ymp-comments.es-US.Dh77axzs.js 404 in 79ms (next.js: 26ms, application-code: 53ms)
 GET /assets/_app/immutable/chunks/arrow_upward.BEO1xOo-.js 404 in 80ms (next.js: 24ms, application-code: 56ms)
 GET /assets/_app/immutable/chunks/DisclosureInfoIcon.2bFWspe1.js 404 in 91ms (next.js: 28ms, application-code: 62ms)
 GET /assets/_app/immutable/chunks/feedback.Do15PkwP.js 404 in 98ms (next.js: 14ms, application-code: 84ms)
 GET /assets/_app/immutable/chunks/sources.CJuKDuM_.js 404 in 99ms (next.js: 26ms, application-code: 73ms)
 GET /assets/_app/immutable/chunks/SparkleIcon.CgK-XJsZ.js 404 in 119ms (next.js: 25ms, application-code: 94ms)
 GET /assets/_app/immutable/chunks/MarkdownRenderer.DQAk5Lgq.js 404 in 86ms (next.js: 24ms, application-code: 61ms)
 GET /assets/_app/immutable/chunks/loadDynamicSeededQuestions.CVHGv94R.js 404 in 85ms (next.js: 35ms, application-code: 51ms)
 GET /assets/_app/immutable/chunks/scoutFeedback.Dwk1GWEU.js 404 in 86ms (next.js: 26ms, application-code: 61ms)
 GET /assets/_app/immutable/chunks/42.CYPj-6Pe.js 404 in 90ms (next.js: 9ms, application-code: 81ms)
 GET /assets/_app/immutable/chunks/UserFeedback.DRN2NKHi.js 404 in 90ms (next.js: 24ms, application-code: 66ms)
 GET /assets/_app/immutable/chunks/UserActionsWrapper.w3TaqSKa.js 404 in 110ms (next.js: 24ms, application-code: 86ms)
 GET /assets/_app/immutable/chunks/loadChatResponse.8MTJsxfh.js 404 in 79ms (next.js: 26ms, application-code: 53ms)
 GET /assets/_app/immutable/chunks/cashFlow_T.CRfoYC_g.js 404 in 77ms (next.js: 27ms, application-code: 51ms)
 GET /assets/_app/immutable/chunks/MarketTime.SnRF1ZH3.js 404 in 107ms (next.js: 25ms, application-code: 82ms)
 GET /assets/_app/immutable/chunks/RemountOnRouteChange.CDKxTARk.js 404 in 112ms (next.js: 10ms, application-code: 101ms)
 GET /assets/_app/immutable/chunks/SymbolBlock.DRNi2sSb.js 404 in 132ms (next.js: 39ms, application-code: 93ms)
 GET /assets/_app/immutable/chunks/StoryStream.D4bIubP0.js 404 in 101ms (next.js: 29ms, application-code: 72ms)
 GET /assets/_app/immutable/chunks/loadMortgageCalcWidgetData.DxSDeOTV.js 404 in 93ms (next.js: 25ms, application-code: 68ms)
 GET /assets/_app/immutable/chunks/DynamicNativeAd.weKdgtGo.js 404 in 116ms (next.js: 27ms, application-code: 90ms)
 GET /assets/_app/immutable/chunks/StoryStreamSkeleton.tloGsJdg.js 404 in 110ms (next.js: 40ms, application-code: 70ms)
 GET /assets/_app/immutable/chunks/DynamicDisplayAd.1aKrf13x.js 404 in 114ms (next.js: 10ms, application-code: 104ms)
 GET /assets/_app/immutable/chunks/SectionHeader.DXxYFi0k.js 404 in 114ms (next.js: 27ms, application-code: 87ms)
 GET /assets/_app/immutable/chunks/ViewMoreLink.D3sN4sr2.js 404 in 111ms (next.js: 28ms, application-code: 83ms)
 GET /assets/_app/immutable/chunks/articleUtil.DjV8Jwm9.js 404 in 88ms (next.js: 21ms, application-code: 66ms)
 GET /assets/_app/immutable/chunks/loadNewsStream.C2JRur-R.js 404 in 105ms (next.js: 40ms, application-code: 65ms)
 GET /assets/_app/immutable/chunks/visibility_off.IdlGg_2w.js 404 in 87ms (next.js: 27ms, application-code: 61ms)
 GET /assets/_app/immutable/chunks/AccordionItem.DRA_AJUt.js 404 in 90ms (next.js: 8ms, application-code: 82ms)
 GET /assets/_app/immutable/chunks/print.CtbYQ658.js 404 in 90ms (next.js: 24ms, application-code: 67ms)
 GET /assets/_app/immutable/chunks/loadVisualization.HU1qD_Q8.js 404 in 91ms (next.js: 23ms, application-code: 67ms)
 GET /assets/_app/immutable/chunks/researchUtil.whXoBdQB.js 404 in 88ms (next.js: 9ms, application-code: 79ms)
 GET /assets/_app/immutable/chunks/EarningsTrendsLazy.DanNeRBO.js 404 in 106ms (next.js: 27ms, application-code: 79ms)
 GET /assets/_app/immutable/chunks/Layout.s4kDwDS-.js 404 in 97ms (next.js: 39ms, application-code: 57ms)
 GET /assets/_app/immutable/chunks/PrivacyLinks.BjtRM91n.js 404 in 100ms (next.js: 11ms, application-code: 89ms)
 GET /assets/_app/immutable/chunks/FooterV2.kVF7HB7B.js 404 in 89ms (next.js: 25ms, application-code: 63ms)
 GET /assets/_app/immutable/chunks/Toast.Cz1ViqXB.js 404 in 88ms (next.js: 22ms, application-code: 66ms)
 GET /assets/_app/immutable/chunks/FeatureEngagementSpotlightAlphaspaceOverlayTemplate.CZJboIGd.js 404 in 76ms (next.js: 7ms, application-code: 69ms)
 GET /assets/_app/immutable/chunks/Carousel.DS77PWeL.js 404 in 94ms (next.js: 27ms, application-code: 67ms)
 GET /assets/_app/immutable/chunks/Hyperlink.BfgfNlw3.js 404 in 98ms (next.js: 25ms, application-code: 72ms)
 GET /assets/_app/immutable/chunks/CarouselButtons.BPVIF6dz.js 404 in 102ms (next.js: 9ms, application-code: 93ms)
 GET /assets/_app/immutable/chunks/NavBar.CnTuQJeQ.js 404 in 107ms (next.js: 24ms, application-code: 84ms)
 GET /assets/_app/immutable/chunks/MarketsBanner.CF0jl25P.js 404 in 107ms (next.js: 25ms, application-code: 82ms)
 GET /assets/_app/immutable/chunks/FeatureBarNeo.DJ_xp5y8.js 404 in 79ms (next.js: 11ms, application-code: 68ms)
 GET /assets/_app/immutable/nodes/90.BbbrlnN2.js 404 in 93ms (next.js: 30ms, application-code: 63ms)
 GET /assets/_app/immutable/chunks/cashFlow_M.wXqB8rEb.js 404 in 86ms (next.js: 25ms, application-code: 61ms)
 GET /assets/_app/immutable/chunks/initializePage.CqZBzloO.js 404 in 89ms (next.js: 8ms, application-code: 81ms)
 GET /assets/_app/immutable/chunks/loadModularBlockStream.BFMuNGv4.js 404 in 91ms (next.js: 23ms, application-code: 68ms)
 GET /assets/_app/immutable/chunks/balanceSheet_T.BTutQS_L.js 404 in 90ms (next.js: 25ms, application-code: 66ms)
 GET /assets/_app/immutable/chunks/VideoPlayer.CAAaSbF9.js 404 in 90ms (next.js: 11ms, application-code: 79ms)
 GET /assets/_app/immutable/chunks/DynamicAdLayoutDebug.BB_X3x9q.js 404 in 105ms (next.js: 24ms, application-code: 81ms)
 GET /assets/_app/immutable/chunks/QuoteChartV2.MiqdadhU.js 404 in 97ms (next.js: 32ms, application-code: 65ms)
 GET /assets/_app/immutable/chunks/AlphaspaceCTA.BRmUpUyJ.js 404 in 111ms (next.js: 23ms, application-code: 88ms)
 GET /assets/_app/immutable/chunks/alphaSpaceChartEmbed._Khswtqc.js 404 in 97ms (next.js: 25ms, application-code: 72ms)
 GET /assets/_app/immutable/chunks/QuoteTitle.IguwUVgi.js 404 in 96ms (next.js: 27ms, application-code: 69ms)
 GET /assets/_app/immutable/chunks/handyman.DQyC07T8.js 404 in 78ms (next.js: 10ms, application-code: 68ms)
 GET /assets/_app/immutable/chunks/Fireplace.CZtm_2kj.js 404 in 96ms (next.js: 29ms, application-code: 68ms)
 GET /assets/_app/immutable/chunks/payments.C0QX6aOM.js 404 in 99ms (next.js: 27ms, application-code: 73ms)
 GET /assets/_app/immutable/chunks/DataTablev2.DFv9TMmc.js 404 in 103ms (next.js: 9ms, application-code: 94ms)
 GET /assets/_app/immutable/chunks/SectionWithSidebar.B4-0LU93.js 404 in 105ms (next.js: 25ms, application-code: 81ms)
 GET /assets/_app/immutable/chunks/loadLatestNewsOrPressReleasesStream.CWr8PwC0.js 404 in 106ms (next.js: 34ms, application-code: 72ms)
 GET /assets/_app/immutable/chunks/sectorUtil.BvoBlSRr.js 404 in 81ms (next.js: 9ms, application-code: 72ms)
 GET /assets/_app/immutable/chunks/LeafNewsStream.B-LFVkPB.js 404 in 97ms (next.js: 28ms, application-code: 68ms)
 GET /assets/_app/immutable/chunks/Pagination.BDynazPF.js 404 in 87ms (next.js: 27ms, application-code: 61ms)
 GET /assets/_app/immutable/chunks/NewsStream.Cyh0Kcz5.js 404 in 91ms (next.js: 8ms, application-code: 83ms)
 GET /assets/_app/immutable/chunks/linear.CSF6ofH7.js 404 in 90ms (next.js: 24ms, application-code: 66ms)
 GET /assets/_app/immutable/chunks/DataTablePagination.XIhPzZky.js 404 in 97ms (next.js: 24ms, application-code: 72ms)
 GET /assets/_app/immutable/chunks/GradientScale.5lBpYqyt.js 404 in 87ms (next.js: 10ms, application-code: 76ms)
 GET /assets/_app/immutable/chunks/heatMapUtils.C2XaLwvr.js 404 in 104ms (next.js: 25ms, application-code: 79ms)
 GET /assets/_app/immutable/chunks/PrivateCompanyPartnerAttribution.CTCPqofS.js 404 in 94ms (next.js: 31ms, application-code: 62ms)
 GET /assets/_app/immutable/chunks/CompanyName.D0OW94_i.js 404 in 97ms (next.js: 10ms, application-code: 87ms)
 GET /assets/_app/immutable/chunks/TickerCarousel.BYF0teYl.js 404 in 94ms (next.js: 25ms, application-code: 69ms)
 GET /assets/_app/immutable/chunks/QuoteSectionHeader.9nu6HKzS.js 404 in 91ms (next.js: 25ms, application-code: 67ms)
 GET /assets/_app/immutable/chunks/cancel.Czysqgps.js 404 in 65ms (next.js: 11ms, application-code: 54ms)
 GET /assets/_app/immutable/chunks/initializeDock.CnMyD_NM.js 404 in 88ms (next.js: 27ms, application-code: 61ms)
 GET /assets/_app/immutable/chunks/MarketsTableWrapper.DJpv3tj3.js 404 in 204ms (next.js: 22ms, application-code: 182ms)
[FINSEPA_PROVIDER_TRACE] EODHD fetchEodhdFundamentalsJsonUncached {"symbol":"AMAT.US"}
[FINSEPA_PROVIDER_TRACE] EODHD fetchEodhdFundamentalsJsonUncached {"symbol":"AMAT.US"}
[FINSEPA_PROVIDER_TRACE] EODHD fetchEodhdFundamentalsJsonUncached {"symbol":"AMAT.US"}
 PUT /api/portfolio/workspace 200 in 553ms (next.js: 19ms, application-code: 534ms)
[FINSEPA_PROVIDER_TRACE] EODHD fetchEodhdFundamentalsJsonUncached {"symbol":"AMAT.US"}
 PUT /api/portfolio/workspace 200 in 366ms (next.js: 5ms, application-code: 361ms)
 PUT /api/portfolio/workspace 200 in 419ms (next.js: 9ms, application-code: 410ms)
 GET /api/stocks/AMAT/target-price 200 in 1671ms (next.js: 49ms, application-code: 1623ms)
[FINSEPA_PROVIDER_TRACE] EODHD fetchEodhdFundamentalsJsonUncached {"symbol":"AMAT.US"}
[FINSEPA_PROVIDER_TRACE] EODHD fetchEodhdFundamentalsJsonUncached {"symbol":"AMAT.US"}
[FINSEPA_PROVIDER_TRACE] EODHD fetchEodhdFundamentalsJsonUncached {"symbol":"AMAT.US"}
[FINSEPA_PROVIDER_TRACE] EODHD fetchEodhdEodDaily {"symbol":"AMAT.US","closeMode":"adjusted"}
[FINSEPA_PROVIDER_TRACE] EODHD fetchEodhdEodDaily {"symbol":"AMAT.US","closeMode":"adjusted"}
[FINSEPA_PROVIDER_TRACE] EODHD fetchEodhdFundamentalsJsonUncached {"symbol":"AMAT.US"}
[FINSEPA_PROVIDER_TRACE] EODHD fetchEodhdEodDaily {"symbol":"AMAT.US","closeMode":"adjusted"}
[FINSEPA_PROVIDER_TRACE] EODHD fetchEodhdEodDaily {"symbol":"AMAT.US","closeMode":"adjusted"}
[FINSEPA_PROVIDER_TRACE] EODHD fetchEodhdEodDaily {"symbol":"AMAT.US","closeMode":"adjusted"}
 GET /api/stocks/AMAT/earnings?preview=1 200 in 3.5s (next.js: 150ms, application-code: 3.3s)
 GET /stock/AMAT?tab=earnings 200 in 3.6s (next.js: 207ms, proxy.ts: 17ms, application-code: 3.4s)
 GET /api/stocks/AMAT/earnings 200 in 3.1s (next.js: 3ms, application-code: 3.1s)
[FINSEPA_PROVIDER_TRACE] EODHD fetchEodhdFundamentalsJsonUncached {"symbol":"AMAT.US"}
[FINSEPA_PROVIDER_TRACE] EODHD fetchEodhdIntraday {"symbol":"AMAT.US"}
 GET /api/stocks/AMAT/chart?range=1D&series=price 200 in 331ms (next.js: 258ms, application-code: 73ms)
 GET /api/stocks/AMAT/chart?range=1D&series=price 200 in 339ms (next.js: 266ms, application-code: 73ms)
 GET /api/stocks/AMAT/key-indicators 200 in 466ms (next.js: 119ms, application-code: 347ms)
[eodhd intraday] raw provider row sample {
  sym: 'AMAT.US',
  interval: '1m',
  rowCount: 391,
  firstRow: {
    timestamp: 1788528600,
    gmtoffset: 0,
    datetime: '2026-09-04 13:30:00',
    open: 452.5,
    high: 452.5,
    low: 443.36,
    close: 445.625,
    volume: 171200
  }
}
[live-price] AMAT {
  price: 455.03,
  quotedAtSec: 1788552000,
  previousClose: null,
  session: 'pre'
}
 GET /api/stocks/AMAT/live-price 200 in 789ms (next.js: 291ms, application-code: 499ms)
[FINSEPA_PROVIDER_TRACE] EODHD fetchEodhdFundamentalsJsonUncached {"symbol":"AMAT.US"}
[FINSEPA_PROVIDER_TRACE] EODHD fetchEodhdFundamentalsJsonUncached {"symbol":"AMAT.US"}
[FINSEPA_PROVIDER_TRACE] EODHD fetchEodhdEodDaily {"symbol":"AMAT.US","closeMode":"adjusted"}
 GET /api/stocks/AMAT/earnings 200 in 2.6s (next.js: 4ms, application-code: 2.6s)
[FINSEPA_PROVIDER_TRACE] EODHD fetchEodhdEodDaily {"symbol":"AMAT.US","closeMode":"adjusted"}
 GET /api/ir-pdf?u=https%3A%2F%2Fpjwzvqvrqqvjgwuouoxy.supabase.co%2Fstorage%2Fv1%2Fobject%2Fpublic%2Fearnings-ir-docs%2FAMAT%2F2026-07-31%2Fslides.pdf 200 in 64ms (next.js: 2ms, application-code: 62ms)
[FINSEPA_PROVIDER_TRACE] EODHD fetchEodhdUsQuoteDelayed {"symbol":"AMAT.US"}
 GET /api/stocks/AMAT/extended-hours?exchange=NASDAQ&country=US&close=454.71 200 in 1778ms (next.js: 4ms, application-code: 1774ms)
 GET /api/ir-pdf?u=https%3A%2F%2Fpjwzvqvrqqvjgwuouoxy.supabase.co%2Fstorage%2Fv1%2Fobject%2Fpublic%2Fearnings-ir-docs%2FAMAT%2F2026-07-31%2Fslides.pdf 200 in 2.8s (next.js: 34ms, application-code: 2.8s)
 GET /api/sec-exhibit?u=https%3A%2F%2Fwww.sec.gov%2FArchives%2Fedgar%2Fdata%2F6951%2F000162828026007661%2Fexhibit991q12026earningsre.htm 200 in 879ms (next.js: 356ms, application-code: 523ms)
[FINSEPA_PROVIDER_TRACE] EODHD fetchEodhdSearch {"q":"mr","limit":120}
[FINSEPA_PROVIDER_TRACE] EODHD fetchEodhdExchangeSymbolListUncached {"exchange":"CC"}
[FINSEPA_PROVIDER_TRACE] EODHD fetchEodhdScreenerUncached {"offset":0,"limit":100}
[FINSEPA_PROVIDER_TRACE] EODHD fetchEodhdScreenerUncached {"offset":100,"limit":100}
[FINSEPA_PROVIDER_TRACE] EODHD fetchEodhdScreenerUncached {"offset":200,"limit":100}
[FINSEPA_PROVIDER_TRACE] EODHD fetchEodhdScreenerUncached {"offset":300,"limit":100}
[FINSEPA_PROVIDER_TRACE] EODHD fetchEodhdScreenerUncached {"offset":400,"limit":100}
 GET /api/search?q=mr 200 in 395ms (next.js: 2ms, application-code: 393ms)
[FINSEPA_PROVIDER_TRACE] EODHD fetchEodhdSearch {"q":"mrk","limit":120}
[FINSEPA_PROVIDER_TRACE] EODHD fetchEodhdExchangeSymbolListUncached {"exchange":"CC"}
[FINSEPA_PROVIDER_TRACE] EODHD fetchEodhdScreenerUncached {"offset":0,"limit":100}
[FINSEPA_PROVIDER_TRACE] EODHD fetchEodhdScreenerUncached {"offset":100,"limit":100}
[FINSEPA_PROVIDER_TRACE] EODHD fetchEodhdScreenerUncached {"offset":200,"limit":100}
[FINSEPA_PROVIDER_TRACE] EODHD fetchEodhdScreenerUncached {"offset":300,"limit":100}
[FINSEPA_PROVIDER_TRACE] EODHD fetchEodhdScreenerUncached {"offset":400,"limit":100}
[FINSEPA_PROVIDER_TRACE] EODHD fetchEodhdScreenerUncached {"offset":500,"limit":100}
[FINSEPA_PROVIDER_TRACE] EODHD fetchEodhdScreenerUncached {"offset":600,"limit":100}
[FINSEPA_PROVIDER_TRACE] EODHD fetchEodhdScreenerUncached {"offset":700,"limit":100}
[FINSEPA_PROVIDER_TRACE] EODHD fetchEodhdScreenerUncached {"offset":800,"limit":100}
[FINSEPA_PROVIDER_TRACE] EODHD fetchEodhdScreenerUncached {"offset":900,"limit":100}
[FINSEPA_PROVIDER_TRACE] EODHD fetchEodhdScreenerUncached {"offset":500,"limit":100}
[FINSEPA_PROVIDER_TRACE] EODHD fetchEodhdScreenerUncached {"offset":600,"limit":100}
[FINSEPA_PROVIDER_TRACE] EODHD fetchEodhdScreenerUncached {"offset":700,"limit":100}
[FINSEPA_PROVIDER_TRACE] EODHD fetchEodhdScreenerUncached {"offset":800,"limit":100}
[FINSEPA_PROVIDER_TRACE] EODHD fetchEodhdScreenerUncached {"offset":900,"limit":100}
[FINSEPA_PROVIDER_TRACE] EODHD fetchEodhdIntraday {"symbol":"AMAT.US"}
 GET /api/search?q=mrk 200 in 1476ms (next.js: 1307µs, application-code: 1474ms)
[eodhd intraday] raw provider row sample {
  sym: 'AMAT.US',
  interval: '1m',
  rowCount: 391,
  firstRow: {
    timestamp: 1788528600,
    gmtoffset: 0,
    datetime: '2026-09-04 13:30:00',
    open: 452.5,
    high: 452.5,
    low: 443.36,
    close: 445.625,
    volume: 171200
  }
}
[live-price] AMAT {
  price: 455.03,
  quotedAtSec: 1788552000,
  previousClose: null,
  session: 'pre'
}
 GET /api/stocks/AMAT/live-price 200 in 437ms (next.js: 4ms, application-code: 433ms)
 GET /api/media/logo?kind=stock&t=USX&theme=light 200 in 465ms (next.js: 5ms, application-code: 460ms)
 GET /api/media/logo?kind=stock&t=MRKR&theme=light 200 in 533ms (next.js: 1743µs, application-code: 532ms)
 GET /api/media/logo?kind=stock&t=EMXX&theme=light 200 in 707ms (next.js: 2ms, application-code: 705ms)
 GET /api/media/logo?kind=crypto&c=RMRK&theme=light 200 in 788ms (next.js: 1231µs, application-code: 787ms)
 PUT /api/search/recent 200 in 208ms (next.js: 3ms, application-code: 206ms)
 GET /stock/MRK 200 in 320ms (next.js: 15ms, proxy.ts: 9ms, application-code: 295ms)
[FINSEPA_PROVIDER_TRACE] EODHD fetchEodhdIntraday {"symbol":"MRK.US"}
[FINSEPA_PROVIDER_TRACE] EODHD fetchEodhdEodDaily {"symbol":"MRK.US","closeMode":"adjusted"}
[FINSEPA_PROVIDER_TRACE] EODHD fetchEodhdIntraday {"symbol":"MRK.US"}
[FINSEPA_PROVIDER_TRACE] EODHD fetchEodhdEodDaily {"symbol":"MRK.US","closeMode":"adjusted"}
[FINSEPA_PROVIDER_TRACE] EODHD fetchEodhdEodDaily {"symbol":"GSPC.INDX","closeMode":"adjusted"}
[eodhd intraday] raw provider row sample {
  sym: 'MRK.US',
  interval: '1m',
  rowCount: 391,
  firstRow: {
    timestamp: 1788528600,
    gmtoffset: 0,
    datetime: '2026-09-04 13:30:00',
    open: 150.83,
    high: 151.4575,
    low: 150.65,
    close: 151.41,
    volume: 119686
  }
}
[live-price] MRK {
  price: 150,
  quotedAtSec: 1788552000,
  previousClose: null,
  session: 'pre'
}
 GET /api/stocks/MRK/live-price 200 in 488ms (next.js: 3ms, application-code: 485ms)
[eodhd intraday] raw provider row sample {
  sym: 'MRK.US',
  interval: '1m',
  rowCount: 391,
  firstRow: {
    timestamp: 1788528600,
    gmtoffset: 0,
    datetime: '2026-09-04 13:30:00',
    open: 150.83,
    high: 151.4575,
    low: 150.65,
    close: 151.41,
    volume: 119686
  }
}
[live-price] MRK {
  price: 150,
  quotedAtSec: 1788552000,
  previousClose: null,
  session: 'pre'
}
 GET /api/search/recent 200 in 92ms (next.js: 1676µs, application-code: 90ms)
 GET /api/stocks/MRK/live-price 200 in 555ms (next.js: 4ms, application-code: 552ms)
 GET /api/search/recent 200 in 74ms (next.js: 1892µs, application-code: 72ms)
[FINSEPA_PROVIDER_TRACE] EODHD fetchEodhdFundamentalsJsonUncached {"symbol":"MRK.US"}
[FINSEPA_PROVIDER_TRACE] EODHD fetchEodhdFundamentalsJsonUncached {"symbol":"MRK.US"}
[FINSEPA_PROVIDER_TRACE] EODHD fetchEodhdUsQuoteDelayed {"symbol":"MRK.US"}
 GET /api/stocks/MRK/key-indicators 200 in 2.7s (next.js: 2ms, application-code: 2.7s)
 GET /api/stocks/MRK/key-indicators 200 in 2.7s (next.js: 3ms, application-code: 2.7s)
[FINSEPA_PROVIDER_TRACE] EODHD fetchEodhdFundamentalsJsonUncached {"symbol":"MRK.US"}
 GET /api/stocks/MRK/extended-hours?exchange=NYSE&country=US&close=150.33 200 in 2.8s (next.js: 9ms, application-code: 2.7s)
 GET /api/stocks/MRK/extended-hours?exchange=NYSE&country=US&close=150.33 200 in 2.8s (next.js: 8ms, application-code: 2.8s)
[FINSEPA_PROVIDER_TRACE] EODHD fetchEodhdFundamentalsJsonUncached {"symbol":"MRK.US"}
[FINSEPA_PROVIDER_TRACE] EODHD fetchEodhdEarningsCalendarForSymbol {"symbols":"MRK.US"}
[FINSEPA_PROVIDER_TRACE] EODHD fetchEodhdFundamentalsJsonUncached {"symbol":"MRK.US"}
[FINSEPA_PROVIDER_TRACE] EODHD fetchEodhdEodDaily {"symbol":"MRK.US","closeMode":"adjusted"}
[FINSEPA_PROVIDER_TRACE] EODHD fetchEodhdFundamentalsJsonUncached {"symbol":"MRK.US"}
[FINSEPA_PROVIDER_TRACE] EODHD fetchEodhdFundamentalsJsonUncached {"symbol":"MRK.US"}
[FINSEPA_PROVIDER_TRACE] EODHD fetchEodhdEodDaily {"symbol":"MRK.US","closeMode":"adjusted"}
 GET /stock/MRK?tab=earnings 200 in 3.0s (next.js: 6ms, proxy.ts: 8ms, application-code: 3.0s)
 GET /api/stocks/MRK/earnings 200 in 2.1s (next.js: 3ms, application-code: 2.1s)
[FINSEPA_PROVIDER_TRACE] EODHD fetchEodhdIntraday {"symbol":"MRK.US"}
[FINSEPA_PROVIDER_TRACE] EODHD fetchEodhdIntraday {"symbol":"MRK.US"}
[FINSEPA_PROVIDER_TRACE] EODHD fetchEodhdFundamentalsJsonUncached {"symbol":"MRK.US"}
[FINSEPA_PROVIDER_TRACE] EODHD fetchEodhdIntraday {"symbol":"MRK.US"}
[eodhd intraday] raw provider row sample {
  sym: 'MRK.US',
  interval: '1m',
  rowCount: 391,
  firstRow: {
    timestamp: 1788528600,
    gmtoffset: 0,
    datetime: '2026-09-04 13:30:00',
    open: 150.83,
    high: 151.4575,
    low: 150.65,
    close: 151.41,
    volume: 119686
  }
}
[live-price] MRK {
  price: 150,
  quotedAtSec: 1788552000,
  previousClose: null,
  session: 'pre'
}
[FINSEPA_PROVIDER_TRACE] EODHD fetchEodhdEarningsCalendarForSymbol {"symbols":"MRK.US"}
[FINSEPA_PROVIDER_TRACE] EODHD fetchEodhdFundamentalsJsonUncached {"symbol":"MRK.US"}
[eodhd intraday] raw provider row sample {
  sym: 'MRK.US',
  interval: '1m',
  rowCount: 391,
  firstRow: {
    timestamp: 1788528600,
    gmtoffset: 0,
    datetime: '2026-09-04 13:30:00',
    open: 150.83,
    high: 151.4575,
    low: 150.65,
    close: 151.41,
    volume: 119686
  }
}
 GET /api/stocks/MRK/live-price 200 in 638ms (next.js: 3ms, application-code: 635ms)
[eodhd intraday] raw provider row sample {
  sym: 'MRK.US',
  interval: '1m',
  rowCount: 391,
  firstRow: {
    timestamp: 1788528600,
    gmtoffset: 0,
    datetime: '2026-09-04 13:30:00',
    open: 150.83,
    high: 151.4575,
    low: 150.65,
    close: 151.41,
    volume: 119686
  }
}
 GET /api/stocks/MRK/chart?range=1D&series=price 200 in 738ms (next.js: 11ms, application-code: 727ms)
 GET /api/stocks/MRK/chart?range=1D&series=price 200 in 740ms (next.js: 4ms, application-code: 736ms)
 GET /api/stocks/MRK/earnings?preview=1 200 in 4.2s (next.js: 4ms, application-code: 4.2s)
[FINSEPA_PROVIDER_TRACE] EODHD fetchEodhdFundamentalsJsonUncached {"symbol":"MRK.US"}
[FINSEPA_PROVIDER_TRACE] EODHD fetchEodhdEodDaily {"symbol":"MRK.US","closeMode":"adjusted"}
 GET /api/stocks/MRK/earnings 200 in 2.5s (next.js: 11ms, application-code: 2.4s)
 GET /api/ir-pdf?u=https%3A%2F%2Fpjwzvqvrqqvjgwuouoxy.supabase.co%2Fstorage%2Fv1%2Fobject%2Fpublic%2Fearnings-ir-docs%2FMRK%2F2026-03-31%2Fslides.pdf 200 in 57ms (next.js: 2ms, application-code: 55ms)
 GET /api/ir-pdf?u=https%3A%2F%2Fpjwzvqvrqqvjgwuouoxy.supabase.co%2Fstorage%2Fv1%2Fobject%2Fpublic%2Fearnings-ir-docs%2FMRK%2F2026-03-31%2Fslides.pdf 200 in 2.8s (next.js: 2ms, application-code: 2.8s)
 GET /api/sec-exhibit?u=https%3A%2F%2Fwww.sec.gov%2FArchives%2Fedgar%2Fdata%2F310158%2F000110465923111585%2Ftm2328962d1_ex99-1.htm 200 in 522ms (next.js: 4ms, application-code: 518ms)
[FINSEPA_PROVIDER_TRACE] EODHD fetchEodhdEodDaily {"symbol":"MRK.US","closeMode":"adjusted"}
 GET /api/sec-exhibit?u=https%3A%2F%2Fwww.sec.gov%2FArchives%2Fedgar%2Fdata%2F310158%2F000110465923050654%2Ftm2313695d1_ex99-2.htm 200 in 789ms (next.js: 5ms, application-code: 784ms)
 GET /api/sec-exhibit?u=https%3A%2F%2Fwww.sec.gov%2FArchives%2Fedgar%2Fdata%2F310158%2F000110465923111585%2Ftm2328962d1_ex99-2.htm 200 in 430ms (next.js: 1506µs, application-code: 428ms)
[FINSEPA_PROVIDER_TRACE] EODHD fetchEodhdUsQuoteDelayed {"symbol":"MRK.US"}
 GET /api/stocks/MRK/extended-hours?exchange=NYSE&country=US&close=150.33 200 in 2.8s (next.js: 9ms, application-code: 2.8s)
[FINSEPA_PROVIDER_TRACE] EODHD fetchEodhdIntraday {"symbol":"MRK.US"}
[eodhd intraday] raw provider row sample {
  sym: 'MRK.US',
  interval: '1m',
  rowCount: 391,
  firstRow: {
    timestamp: 1788528600,
    gmtoffset: 0,
    datetime: '2026-09-04 13:30:00',
    open: 150.83,
    high: 151.4575,
    low: 150.65,
    close: 151.41,
    volume: 119686
  }
}
[live-price] MRK {
  price: 150,
  quotedAtSec: 1788552000,
  previousClose: null,
  session: 'pre'
}
 GET /api/stocks/MRK/live-price 200 in 481ms (next.js: 6ms, application-code: 476ms)
 GET /api/sec-exhibit?u=https%3A%2F%2Fwww.sec.gov%2FArchives%2Fedgar%2Fdata%2F310158%2F000110465924112841%2Ftm2426878d1_ex99-2.htm 200 in 281ms (next.js: 1683µs, application-code: 279ms)
 GET /api/sec-exhibit?u=https%3A%2F%2Fwww.sec.gov%2FArchives%2Fedgar%2Fdata%2F310158%2F000110465924112841%2Ftm2426878d1_ex99-1.htm 200 in 300ms (next.js: 17ms, application-code: 283ms)
 GET /api/sec-exhibit?u=https%3A%2F%2Fwww.sec.gov%2FArchives%2Fedgar%2Fdata%2F310158%2F000110465925038301%2Ftm2512885d1_ex99-2.htm 200 in 67ms (next.js: 2ms, application-code: 64ms)
 GET /api/sec-exhibit?u=https%3A%2F%2Fwww.sec.gov%2FArchives%2Fedgar%2Fdata%2F310158%2F000110465925038301%2Ftm2512885d1_ex99-1.htm 200 in 69ms (next.js: 3ms, application-code: 66ms)
 GET /api/sec-exhibit?u=https%3A%2F%2Fwww.sec.gov%2FArchives%2Fedgar%2Fdata%2F310158%2F000110465922083410%2Ftm2221828d1_ex99-2.htm 200 in 516ms (next.js: 1588µs, application-code: 514ms)
[FINSEPA_PROVIDER_TRACE] EODHD fetchEodhdEodDaily {"symbol":"MRK.US","closeMode":"adjusted"}
[FINSEPA_PROVIDER_TRACE] EODHD fetchEodhdUsQuoteDelayed {"symbol":"MRK.US"}
 GET /api/notifications?count=1 200 in 114ms (next.js: 1843µs, application-code: 112ms)
 GET /api/stocks/MRK/extended-hours?exchange=NYSE&country=US&close=150.33 200 in 2.7s (next.js: 5ms, application-code: 2.7s)
 GET /api/notifications?count=1 200 in 119ms (next.js: 5ms, application-code: 114ms)
[FINSEPA_PROVIDER_TRACE] EODHD fetchEodhdIntraday {"symbol":"MRK.US"}
[eodhd intraday] raw provider row sample {
  sym: 'MRK.US',
  interval: '1m',
  rowCount: 391,
  firstRow: {
    timestamp: 1788528600,
    gmtoffset: 0,
    datetime: '2026-09-04 13:30:00',
    open: 150.83,
    high: 151.4575,
    low: 150.65,
    close: 151.41,
    volume: 119686
  }
}
[live-price] MRK {
  price: 150,
  quotedAtSec: 1788552000,
  previousClose: null,
  session: 'pre'
}
 GET /api/stocks/MRK/live-price 200 in 497ms (next.js: 6ms, application-code: 491ms)
[FINSEPA_PROVIDER_TRACE] EODHD fetchEodhdSearch {"q":"ko","limit":120}
[FINSEPA_PROVIDER_TRACE] EODHD fetchEodhdExchangeSymbolListUncached {"exchange":"CC"}
[FINSEPA_PROVIDER_TRACE] EODHD fetchEodhdScreenerUncached {"offset":0,"limit":100}
[FINSEPA_PROVIDER_TRACE] EODHD fetchEodhdScreenerUncached {"offset":100,"limit":100}
[FINSEPA_PROVIDER_TRACE] EODHD fetchEodhdScreenerUncached {"offset":200,"limit":100}
[FINSEPA_PROVIDER_TRACE] EODHD fetchEodhdScreenerUncached {"offset":300,"limit":100}
[FINSEPA_PROVIDER_TRACE] EODHD fetchEodhdScreenerUncached {"offset":400,"limit":100}
[FINSEPA_PROVIDER_TRACE] EODHD fetchEodhdScreenerUncached {"offset":500,"limit":100}
[FINSEPA_PROVIDER_TRACE] EODHD fetchEodhdScreenerUncached {"offset":600,"limit":100}
[FINSEPA_PROVIDER_TRACE] EODHD fetchEodhdScreenerUncached {"offset":700,"limit":100}
[FINSEPA_PROVIDER_TRACE] EODHD fetchEodhdScreenerUncached {"offset":800,"limit":100}
[FINSEPA_PROVIDER_TRACE] EODHD fetchEodhdScreenerUncached {"offset":900,"limit":100}
 GET /api/search?q=ko 200 in 1365ms (next.js: 3ms, application-code: 1362ms)
 GET /api/media/logo?kind=stock&t=KOBNF&theme=light 200 in 116ms (next.js: 3ms, application-code: 114ms)
 GET /api/media/logo?kind=stock&t=KOCT&theme=light 200 in 420ms (next.js: 7ms, application-code: 413ms)
 GET /api/media/logo?kind=crypto&c=KOBO&theme=light 200 in 421ms (next.js: 4ms, application-code: 417ms)
 GET /api/media/logo?kind=stock&t=KOD&theme=light 200 in 546ms (next.js: 6ms, application-code: 540ms)
 GET /api/media/logo?kind=stock&t=KOAN&theme=light 200 in 562ms (next.js: 2ms, application-code: 560ms)
 GET /api/media/logo?kind=stock&t=KODK&theme=light 200 in 543ms (next.js: 5ms, application-code: 538ms)
 GET /api/media/logo?kind=stock&t=KOF&theme=light 200 in 585ms (next.js: 1617µs, application-code: 583ms)
 GET /api/media/logo?kind=stock&t=KOID&theme=light 200 in 357ms (next.js: 4ms, application-code: 354ms)
 GET /api/media/logo?kind=crypto&c=KOGECOIN&theme=light 200 in 387ms (next.js: 1716µs, application-code: 385ms)
 GET /api/media/logo?kind=stock&t=KOJAF&theme=light 200 in 357ms (next.js: 1172µs, application-code: 356ms)
[FINSEPA_PROVIDER_TRACE] EODHD fetchEodhdEodDaily {"symbol":"MRK.US","closeMode":"adjusted"}
 GET /api/media/logo?kind=stock&t=KOLD&theme=light 200 in 375ms (next.js: 3ms, application-code: 372ms)
 GET /api/media/logo?kind=stock&t=KOKU&theme=light 200 in 557ms (next.js: 4ms, application-code: 553ms)
 PUT /api/search/recent 200 in 225ms (next.js: 2ms, application-code: 223ms)
 GET /api/media/logo?kind=stock&t=KONG&theme=light 200 in 351ms (next.js: 1259µs, application-code: 350ms)
 GET /api/media/logo?kind=crypto&c=KOMPETE&theme=light 200 in 391ms (next.js: 1309µs, application-code: 390ms)
 GET /api/media/logo?kind=stock&t=KOMP&theme=light 200 in 553ms (next.js: 1277µs, application-code: 552ms)
 GET /stock/KO 200 in 353ms (next.js: 8ms, proxy.ts: 9ms, application-code: 337ms)
[FINSEPA_PROVIDER_TRACE] EODHD fetchEodhdIntraday {"symbol":"KO.US"}
[FINSEPA_PROVIDER_TRACE] EODHD fetchEodhdEodDaily {"symbol":"KO.US","closeMode":"adjusted"}
[FINSEPA_PROVIDER_TRACE] EODHD fetchEodhdIntraday {"symbol":"KO.US"}
[FINSEPA_PROVIDER_TRACE] EODHD fetchEodhdEodDaily {"symbol":"KO.US","closeMode":"adjusted"}
[FINSEPA_PROVIDER_TRACE] EODHD fetchEodhdEodDaily {"symbol":"GSPC.INDX","closeMode":"adjusted"}
[eodhd intraday] raw provider row sample {
  sym: 'KO.US',
  interval: '1m',
  rowCount: 391,
  firstRow: {
    timestamp: 1788528600,
    gmtoffset: 0,
    datetime: '2026-09-04 13:30:00',
    open: 88.585,
    high: 88.8,
    low: 88.3,
    close: 88.53,
    volume: 268767
  }
}
[live-price] KO {
  price: 88.04,
  quotedAtSec: 1788552000,
  previousClose: null,
  session: 'pre'
}
[eodhd intraday] raw provider row sample {
  sym: 'KO.US',
  interval: '1m',
  rowCount: 391,
  firstRow: {
    timestamp: 1788528600,
    gmtoffset: 0,
    datetime: '2026-09-04 13:30:00',
    open: 88.585,
    high: 88.8,
    low: 88.3,
    close: 88.53,
    volume: 268767
  }
}
[live-price] KO {
  price: 88.04,
  quotedAtSec: 1788552000,
  previousClose: null,
  session: 'pre'
}
 GET /api/stocks/KO/live-price 200 in 635ms (next.js: 3ms, application-code: 631ms)
 GET /api/stocks/KO/live-price 200 in 615ms (next.js: 19ms, application-code: 596ms)
 GET /api/search/recent 200 in 118ms (next.js: 6ms, application-code: 112ms)
 GET /api/search/recent 200 in 81ms (next.js: 1232µs, application-code: 80ms)
[FINSEPA_PROVIDER_TRACE] EODHD fetchEodhdFundamentalsJsonUncached {"symbol":"KO.US"}
[FINSEPA_PROVIDER_TRACE] EODHD fetchEodhdUsQuoteDelayed {"symbol":"MRK.US"}
 GET /api/stocks/MRK/extended-hours?exchange=NYSE&country=US&close=150.33 200 in 2.1s (next.js: 4ms, application-code: 2.1s)
[FINSEPA_PROVIDER_TRACE] EODHD fetchEodhdFundamentalsJsonUncached {"symbol":"KO.US"}
[FINSEPA_PROVIDER_TRACE] EODHD fetchEodhdUsQuoteDelayed {"symbol":"KO.US"}
 GET /api/stocks/KO/extended-hours?exchange=NYSE&country=US&close=88.07 200 in 1393ms (next.js: 4ms, application-code: 1389ms)
 GET /api/stocks/KO/extended-hours?exchange=NYSE&country=US&close=88.07 200 in 2.0s (next.js: 8ms, application-code: 2.0s)
[FINSEPA_PROVIDER_TRACE] EODHD fetchEodhdFundamentalsJsonUncached {"symbol":"KO.US"}
[FINSEPA_PROVIDER_TRACE] EODHD fetchEodhdFundamentalsJsonUncached {"symbol":"KO.US"}
[FINSEPA_PROVIDER_TRACE] EODHD fetchEodhdFundamentalsJsonUncached {"symbol":"KO.US"}
 GET /api/stocks/KO/key-indicators 200 in 2.8s (next.js: 1428µs, application-code: 2.8s)
 GET /api/stocks/KO/key-indicators 200 in 2.9s (next.js: 4ms, application-code: 2.9s)
[FINSEPA_PROVIDER_TRACE] EODHD fetchEodhdFundamentalsJsonUncached {"symbol":"KO.US"}
[FINSEPA_PROVIDER_TRACE] EODHD fetchEodhdEarningsCalendarForSymbol {"symbols":"KO.US"}
[FINSEPA_PROVIDER_TRACE] EODHD fetchEodhdFundamentalsJsonUncached {"symbol":"KO.US"}
 GET /api/stocks/KO/target-price 200 in 1084ms (next.js: 3ms, application-code: 1081ms)
[FINSEPA_PROVIDER_TRACE] EODHD fetchEodhdEodDaily {"symbol":"KO.US","closeMode":"adjusted"}
[FINSEPA_PROVIDER_TRACE] EODHD fetchEodhdEodDaily {"symbol":"KO.US","closeMode":"adjusted"}
[FINSEPA_PROVIDER_TRACE] EODHD fetchEodhdFundamentalsJsonUncached {"symbol":"KO.US"}
 GET /stock/KO?tab=earnings 200 in 3.0s (next.js: 5ms, proxy.ts: 6ms, application-code: 3.0s)
 GET /api/stocks/KO/earnings 200 in 2.4s (next.js: 3ms, application-code: 2.4s)
[FINSEPA_PROVIDER_TRACE] EODHD fetchEodhdFundamentalsJsonUncached {"symbol":"KO.US"}
[FINSEPA_PROVIDER_TRACE] EODHD fetchEodhdIntraday {"symbol":"KO.US"}
[FINSEPA_PROVIDER_TRACE] EODHD fetchEodhdIntraday {"symbol":"KO.US"}
[FINSEPA_PROVIDER_TRACE] EODHD fetchEodhdIntraday {"symbol":"KO.US"}
 GET /api/stocks/KO/earnings?preview=1 200 in 3.7s (next.js: 4ms, application-code: 3.7s)
[eodhd intraday] raw provider row sample {
  sym: 'KO.US',
  interval: '1m',
  rowCount: 391,
  firstRow: {
    timestamp: 1788528600,
    gmtoffset: 0,
    datetime: '2026-09-04 13:30:00',
    open: 88.585,
    high: 88.8,
    low: 88.3,
    close: 88.53,
    volume: 268767
  }
}
 GET /api/stocks/KO/chart?range=1D&series=price 200 in 483ms (next.js: 4ms, application-code: 479ms)
[eodhd intraday] raw provider row sample {
  sym: 'KO.US',
  interval: '1m',
  rowCount: 391,
  firstRow: {
    timestamp: 1788528600,
    gmtoffset: 0,
    datetime: '2026-09-04 13:30:00',
    open: 88.585,
    high: 88.8,
    low: 88.3,
    close: 88.53,
    volume: 268767
  }
}
[live-price] KO {
  price: 88.04,
  quotedAtSec: 1788552000,
  previousClose: null,
  session: 'pre'
}
[FINSEPA_PROVIDER_TRACE] EODHD fetchEodhdEarningsCalendarForSymbol {"symbols":"KO.US"}
[FINSEPA_PROVIDER_TRACE] EODHD fetchEodhdFundamentalsJsonUncached {"symbol":"KO.US"}
[eodhd intraday] raw provider row sample {
  sym: 'KO.US',
  interval: '1m',
  rowCount: 391,
  firstRow: {
    timestamp: 1788528600,
    gmtoffset: 0,
    datetime: '2026-09-04 13:30:00',
    open: 88.585,
    high: 88.8,
    low: 88.3,
    close: 88.53,
    volume: 268767
  }
}
 GET /api/stocks/KO/live-price 200 in 625ms (next.js: 3ms, application-code: 622ms)
 GET /api/stocks/KO/chart?range=1D&series=price 200 in 648ms (next.js: 7ms, application-code: 641ms)
[FINSEPA_PROVIDER_TRACE] EODHD fetchEodhdFundamentalsJsonUncached {"symbol":"KO.US"}
[FINSEPA_PROVIDER_TRACE] EODHD fetchEodhdEodDaily {"symbol":"KO.US","closeMode":"adjusted"}
 GET /api/sec-exhibit?u=https%3A%2F%2Fwww.sec.gov%2FArchives%2Fedgar%2Fdata%2F21344%2F000162828026006642%2Fa2025q4earningsreleaseex-9.htm 200 in 357ms (next.js: 3ms, application-code: 354ms)
 GET /api/stocks/KO/earnings 200 in 2.7s (next.js: 11ms, application-code: 2.7s)
 GET /api/ir-pdf?u=https%3A%2F%2Finvestors.coca-colacompany.com%2F_assets%2F_9ab4d43d194750b7680fa1b65cbad85c%2Fcocacolacompany%2Fdb%2F861%2F11123%2Fpdf%2F1Q26%2BIR%2BOverview%2BPresentation.pdf 502 in 585ms (next.js: 4ms, application-code: 580ms)
 GET /api/ir-pdf?u=https%3A%2F%2Fpjwzvqvrqqvjgwuouoxy.supabase.co%2Fstorage%2Fv1%2Fobject%2Fpublic%2Fearnings-ir-docs%2FKO%2F2026-03-31%2Ffilings.pdf 200 in 783ms (next.js: 1635µs, application-code: 781ms)
[FINSEPA_PROVIDER_TRACE] EODHD fetchEodhdEodDaily {"symbol":"KO.US","closeMode":"adjusted"}
[FINSEPA_PROVIDER_TRACE] EODHD fetchEodhdUsQuoteDelayed {"symbol":"KO.US"}
 GET /api/stocks/KO/extended-hours?exchange=NYSE&country=US&close=88.07 200 in 2.6s (next.js: 4ms, application-code: 2.6s)
[FINSEPA_PROVIDER_TRACE] EODHD fetchEodhdIntraday {"symbol":"KO.US"}
[eodhd intraday] raw provider row sample {
  sym: 'KO.US',
  interval: '1m',
  rowCount: 391,
  firstRow: {
    timestamp: 1788528600,
    gmtoffset: 0,
    datetime: '2026-09-04 13:30:00',
    open: 88.585,
    high: 88.8,
    low: 88.3,
    close: 88.53,
    volume: 268767
  }
}
[live-price] KO {
  price: 88.04,
  quotedAtSec: 1788552000,
  previousClose: null,
  session: 'pre'
}
 GET /api/stocks/KO/live-price 200 in 577ms (next.js: 4ms, application-code: 573ms)
[FINSEPA_PROVIDER_TRACE] EODHD fetchEodhdEodDaily {"symbol":"KO.US","closeMode":"adjusted"}
[FINSEPA_PROVIDER_TRACE] EODHD fetchEodhdUsQuoteDelayed {"symbol":"KO.US"}
 GET /api/stocks/KO/extended-hours?exchange=NYSE&country=US&close=88.07 200 in 2.5s (next.js: 9ms, application-code: 2.5s)
[FINSEPA_PROVIDER_TRACE] EODHD fetchEodhdIntraday {"symbol":"KO.US"}
[eodhd intraday] raw provider row sample {
  sym: 'KO.US',
  interval: '1m',
  rowCount: 391,
  firstRow: {
    timestamp: 1788528600,
    gmtoffset: 0,
    datetime: '2026-09-04 13:30:00',
    open: 88.585,
    high: 88.8,
    low: 88.3,
    close: 88.53,
    volume: 268767
  }
}
[live-price] KO {
  price: 88.04,
  quotedAtSec: 1788552000,
  previousClose: null,
  session: 'pre'
}
 GET /api/stocks/KO/live-price 200 in 565ms (next.js: 4ms, application-code: 561ms)
 GET /api/notifications?count=1 200 in 130ms (next.js: 8ms, application-code: 122ms)
[FINSEPA_PROVIDER_TRACE] EODHD fetchEodhdRealtimeSymbolsRaw {"symbolsInRequest":10}
 POST /api/portfolio/live-quotes 200 in 2.7s (next.js: 3ms, application-code: 2.7s)
[FINSEPA_PROVIDER_TRACE] EODHD fetchEodhdRealtimeSymbolsRaw {"symbolsInRequest":14}
[portfolio/workspace PUT] ledger warnings {
  userId: '52373158-0eff-48de-80ba-f9206ee0e52a',
  warnings: [
    {
      code: 'SELL_WITHOUT_POSITION',
      portfolioId: '6667854d-3cea-49f6-9aac-8a7340c82cb8',
      transactionId: '484eefe6-d749-45bf-9f2d-4a9006a26b62',
      message: 'Sell of AAL with no open position.',
      legacy: true
    },
    {
      code: 'SELL_WITHOUT_POSITION',
      portfolioId: '6667854d-3cea-49f6-9aac-8a7340c82cb8',
      transactionId: '6d6780cf-80b2-4b0d-a3ef-a5b13da610d6',
      message: 'Sell of WISH with no open position.',
      legacy: true
    },
    {
      code: 'SELL_WITHOUT_POSITION',
      portfolioId: '6667854d-3cea-49f6-9aac-8a7340c82cb8',
      transactionId: 'b3c3668a-1730-4300-bd49-255067fbb9c4',
      message: 'Sell of NNOX with no open position.',
      legacy: true
    },
    {
      code: 'SELL_EXCEEDS_AVAILABLE_SHARES',
      portfolioId: '6667854d-3cea-49f6-9aac-8a7340c82cb8',
      transactionId: '4120dc1a-c777-45f4-b033-802dda8bf9e1',
      message: 'Sell 2.195119 PEP exceeds available 2.',
      legacy: true
    }
  ],
  migrateReport: {
    sequenceReports: {
      '6667854d-3cea-49f6-9aac-8a7340c82cb8': [Object],
      '27085251-e3e2-4829-81ee-14004843637d': [Object],
      '6e1c8d68-72f3-4160-9874-6473edd2f7eb': [Object],
      'd972d6f7-1f89-492b-81cf-aaf5fba709f5': [Object],
      '1c9764f9-9feb-462d-8cbe-a61ade8b293c': [Object],
      'a8524493-d06d-4997-9949-ab2bb8e7258b': [Object],
      'e1d517c3-21d5-45d0-8125-fbbb5dbd23f4': [Object]
    },
    legacyTaggedByPortfolio: {},
    changed: false
  }
}
 PUT /api/portfolio/workspace 200 in 437ms (next.js: 1777µs, application-code: 435ms)
[FINSEPA_PROVIDER_TRACE] EODHD fetchEodhdCryptoDailyBars {"symbol":"BTC-USD.CC"}
[FINSEPA_PROVIDER_TRACE] EODHD fetchEodhdCryptoDailyBars {"symbol":"ETH-USD.CC"}
 POST /api/portfolio/live-quotes 200 in 3.1s (next.js: 1446µs, application-code: 3.1s)
 PUT /api/portfolios/listings 200 in 134ms (next.js: 1913µs, application-code: 132ms)
 GET /api/notifications?count=1 200 in 332ms (next.js: 30ms, application-code: 302ms)
 GET /api/notifications?count=1 200 in 190ms (next.js: 12ms, application-code: 178ms)
✓ Compiled in 218ms
[FINSEPA_PROVIDER_TRACE] scope=/screener ssr market=stocks eodhd_http=0 byFn={}
 GET /screener 200 in 116ms (next.js: 8ms, proxy.ts: 25ms, application-code: 82ms)
 GET /api/search/recent 200 in 193ms (next.js: 9ms, application-code: 184ms)
 GET /api/notifications?count=1 200 in 487ms (next.js: 39ms, application-code: 448ms)
 GET /api/search/recent 200 in 295ms (next.js: 6ms, application-code: 288ms)
 GET /api/superinvestor-follows 200 in 284ms (next.js: 7ms, application-code: 277ms)
 GET /api/portfolio/workspace 200 in 316ms (next.js: 5ms, application-code: 311ms)
 GET /api/notifications?count=1 200 in 139ms (next.js: 1029µs, application-code: 138ms)
 GET /api/watchlist 200 in 350ms (next.js: 3ms, application-code: 347ms)
 GET /api/portfolio/workspace 200 in 120ms (next.js: 1872µs, application-code: 118ms)
[FINSEPA_PROVIDER_TRACE] EODHD fetchEodhdRealtimeSymbolsRaw {"symbolsInRequest":14}
✓ Compiled in 99ms
[FINSEPA_PROVIDER_TRACE] scope=/screener ssr market=stocks eodhd_http=0 byFn={}
 GET /screener 200 in 79ms (next.js: 2ms, proxy.ts: 9ms, application-code: 67ms)
 GET /api/notifications?count=1 200 in 64ms (next.js: 1220µs, application-code: 62ms)
 GET /api/portfolio/workspace 200 in 128ms (next.js: 1194µs, application-code: 127ms)
 GET /api/notifications?count=1 200 in 110ms (next.js: 2ms, application-code: 108ms)
 GET /api/search/recent 200 in 92ms (next.js: 7ms, application-code: 85ms)
 GET /api/search/recent 200 in 196ms (next.js: 5ms, application-code: 192ms)
 GET /api/superinvestor-follows 200 in 195ms (next.js: 8ms, application-code: 187ms)
 GET /api/portfolio/workspace 200 in 202ms (next.js: 6ms, application-code: 196ms)
 GET /api/watchlist 200 in 231ms (next.js: 1636µs, application-code: 230ms)
[portfolio/workspace PUT] ledger warnings {
  userId: '52373158-0eff-48de-80ba-f9206ee0e52a',
  warnings: [
    {
      code: 'SELL_WITHOUT_POSITION',
      portfolioId: '6667854d-3cea-49f6-9aac-8a7340c82cb8',
      transactionId: '484eefe6-d749-45bf-9f2d-4a9006a26b62',
      message: 'Sell of AAL with no open position.',
      legacy: true
    },
    {
      code: 'SELL_WITHOUT_POSITION',
      portfolioId: '6667854d-3cea-49f6-9aac-8a7340c82cb8',
      transactionId: '6d6780cf-80b2-4b0d-a3ef-a5b13da610d6',
      message: 'Sell of WISH with no open position.',
      legacy: true
    },
    {
      code: 'SELL_WITHOUT_POSITION',
      portfolioId: '6667854d-3cea-49f6-9aac-8a7340c82cb8',
      transactionId: 'b3c3668a-1730-4300-bd49-255067fbb9c4',
      message: 'Sell of NNOX with no open position.',
      legacy: true
    },
    {
      code: 'SELL_EXCEEDS_AVAILABLE_SHARES',
      portfolioId: '6667854d-3cea-49f6-9aac-8a7340c82cb8',
      transactionId: '4120dc1a-c777-45f4-b033-802dda8bf9e1',
      message: 'Sell 2.195119 PEP exceeds available 2.',
      legacy: true
    }
  ],
  migrateReport: {
    sequenceReports: {
      '6667854d-3cea-49f6-9aac-8a7340c82cb8': [Object],
      '27085251-e3e2-4829-81ee-14004843637d': [Object],
      '6e1c8d68-72f3-4160-9874-6473edd2f7eb': [Object],
      'd972d6f7-1f89-492b-81cf-aaf5fba709f5': [Object],
      '1c9764f9-9feb-462d-8cbe-a61ade8b293c': [Object],
      'a8524493-d06d-4997-9949-ab2bb8e7258b': [Object],
      'e1d517c3-21d5-45d0-8125-fbbb5dbd23f4': [Object]
    },
    legacyTaggedByPortfolio: {},
    changed: false
  }
}
 PUT /api/portfolio/workspace 200 in 381ms (next.js: 1268µs, application-code: 380ms)
[portfolio/workspace PUT] ledger warnings {
  userId: '52373158-0eff-48de-80ba-f9206ee0e52a',
  warnings: [
    {
      code: 'SELL_WITHOUT_POSITION',
      portfolioId: '6667854d-3cea-49f6-9aac-8a7340c82cb8',
      transactionId: '484eefe6-d749-45bf-9f2d-4a9006a26b62',
      message: 'Sell of AAL with no open position.',
      legacy: true
    },
    {
      code: 'SELL_WITHOUT_POSITION',
      portfolioId: '6667854d-3cea-49f6-9aac-8a7340c82cb8',
      transactionId: '6d6780cf-80b2-4b0d-a3ef-a5b13da610d6',
      message: 'Sell of WISH with no open position.',
      legacy: true
    },
    {
      code: 'SELL_WITHOUT_POSITION',
      portfolioId: '6667854d-3cea-49f6-9aac-8a7340c82cb8',
      transactionId: 'b3c3668a-1730-4300-bd49-255067fbb9c4',
      message: 'Sell of NNOX with no open position.',
      legacy: true
    },
    {
      code: 'SELL_EXCEEDS_AVAILABLE_SHARES',
      portfolioId: '6667854d-3cea-49f6-9aac-8a7340c82cb8',
      transactionId: '4120dc1a-c777-45f4-b033-802dda8bf9e1',
      message: 'Sell 2.195119 PEP exceeds available 2.',
      legacy: true
    }
  ],
  migrateReport: {
    sequenceReports: {
      '6667854d-3cea-49f6-9aac-8a7340c82cb8': [Object],
      '27085251-e3e2-4829-81ee-14004843637d': [Object],
      '6e1c8d68-72f3-4160-9874-6473edd2f7eb': [Object],
      'd972d6f7-1f89-492b-81cf-aaf5fba709f5': [Object],
      '1c9764f9-9feb-462d-8cbe-a61ade8b293c': [Object],
      'a8524493-d06d-4997-9949-ab2bb8e7258b': [Object],
      'e1d517c3-21d5-45d0-8125-fbbb5dbd23f4': [Object]
    },
    legacyTaggedByPortfolio: {},
    changed: false
  }
}
[FINSEPA_PROVIDER_TRACE] EODHD fetchEodhdCryptoDailyBars {"symbol":"BTC-USD.CC"}
[FINSEPA_PROVIDER_TRACE] EODHD fetchEodhdCryptoDailyBars {"symbol":"ETH-USD.CC"}
 PUT /api/portfolio/workspace 200 in 984ms (next.js: 1388µs, application-code: 983ms)
 POST /api/portfolio/live-quotes 200 in 4.3s (next.js: 3ms, application-code: 4.3s)
 PUT /api/portfolios/listings 200 in 256ms (next.js: 9ms, application-code: 246ms)
 PUT /api/portfolios/listings 200 in 257ms (next.js: 15ms, application-code: 242ms)
 PUT /api/portfolios/listings 200 in 274ms (next.js: 2ms, application-code: 272ms)
[FINSEPA_PROVIDER_TRACE] scope=/screener ssr market=stocks eodhd_http=0 byFn={}
✓ Compiled in 154ms
 GET /screener 200 in 76ms (next.js: 3ms, proxy.ts: 19ms, application-code: 55ms)
 GET /api/notifications?count=1 200 in 113ms (next.js: 1610µs, application-code: 111ms)
 GET /api/portfolio/workspace 200 in 176ms (next.js: 2ms, application-code: 174ms)
✓ Compiled in 234ms
 GET /api/search/recent 200 in 194ms (next.js: 19ms, application-code: 175ms)
[FINSEPA_PROVIDER_TRACE] scope=/screener ssr market=stocks eodhd_http=0 byFn={}
 GET /api/notifications?count=1 200 in 371ms (next.js: 1376µs, application-code: 369ms)
 GET /api/portfolio/workspace 200 in 291ms (next.js: 6ms, application-code: 286ms)
 GET /screener 200 in 62ms (next.js: 2ms, proxy.ts: 7ms, application-code: 53ms)
[FINSEPA_PROVIDER_TRACE] EODHD fetchEodhdRealtimeSymbolsRaw {"symbolsInRequest":14}
 GET /api/superinvestor-follows 200 in 334ms (next.js: 43ms, application-code: 291ms)
 GET /api/search/recent 200 in 359ms (next.js: 37ms, application-code: 322ms)
 GET /api/watchlist 200 in 232ms (next.js: 1750µs, application-code: 230ms)
 GET /api/notifications?count=1 200 in 108ms (next.js: 1164µs, application-code: 107ms)
 GET /api/portfolio/workspace 200 in 208ms (next.js: 1382µs, application-code: 206ms)
 GET /api/search/recent 200 in 147ms (next.js: 1526µs, application-code: 146ms)
 GET /api/superinvestor-follows 200 in 138ms (next.js: 1996µs, application-code: 136ms)
 GET /api/notifications?count=1 200 in 183ms (next.js: 1213µs, application-code: 182ms)
 GET /api/search/recent 200 in 180ms (next.js: 3ms, application-code: 177ms)
 GET /api/portfolio/workspace 200 in 134ms (next.js: 1413µs, application-code: 133ms)
 GET /api/watchlist 200 in 275ms (next.js: 1782µs, application-code: 273ms)
[portfolio/workspace PUT] ledger warnings {
  userId: '52373158-0eff-48de-80ba-f9206ee0e52a',
  warnings: [
    {
      code: 'SELL_WITHOUT_POSITION',
      portfolioId: '6667854d-3cea-49f6-9aac-8a7340c82cb8',
      transactionId: '484eefe6-d749-45bf-9f2d-4a9006a26b62',
      message: 'Sell of AAL with no open position.',
      legacy: true
    },
    {
      code: 'SELL_WITHOUT_POSITION',
      portfolioId: '6667854d-3cea-49f6-9aac-8a7340c82cb8',
      transactionId: '6d6780cf-80b2-4b0d-a3ef-a5b13da610d6',
      message: 'Sell of WISH with no open position.',
      legacy: true
    },
    {
      code: 'SELL_WITHOUT_POSITION',
      portfolioId: '6667854d-3cea-49f6-9aac-8a7340c82cb8',
      transactionId: 'b3c3668a-1730-4300-bd49-255067fbb9c4',
      message: 'Sell of NNOX with no open position.',
      legacy: true
    },
    {
      code: 'SELL_EXCEEDS_AVAILABLE_SHARES',
      portfolioId: '6667854d-3cea-49f6-9aac-8a7340c82cb8',
      transactionId: '4120dc1a-c777-45f4-b033-802dda8bf9e1',
      message: 'Sell 2.195119 PEP exceeds available 2.',
      legacy: true
    }
  ],
  migrateReport: {
    sequenceReports: {
      '6667854d-3cea-49f6-9aac-8a7340c82cb8': [Object],
      '27085251-e3e2-4829-81ee-14004843637d': [Object],
      '6e1c8d68-72f3-4160-9874-6473edd2f7eb': [Object],
      'd972d6f7-1f89-492b-81cf-aaf5fba709f5': [Object],
      '1c9764f9-9feb-462d-8cbe-a61ade8b293c': [Object],
      'a8524493-d06d-4997-9949-ab2bb8e7258b': [Object],
      'e1d517c3-21d5-45d0-8125-fbbb5dbd23f4': [Object]
    },
    legacyTaggedByPortfolio: {},
    changed: false
  }
}
 PUT /api/portfolio/workspace 200 in 545ms (next.js: 1192µs, application-code: 544ms)
[portfolio/workspace PUT] ledger warnings {
  userId: '52373158-0eff-48de-80ba-f9206ee0e52a',
  warnings: [
    {
      code: 'SELL_WITHOUT_POSITION',
      portfolioId: '6667854d-3cea-49f6-9aac-8a7340c82cb8',
      transactionId: '484eefe6-d749-45bf-9f2d-4a9006a26b62',
      message: 'Sell of AAL with no open position.',
      legacy: true
    },
    {
      code: 'SELL_WITHOUT_POSITION',
      portfolioId: '6667854d-3cea-49f6-9aac-8a7340c82cb8',
      transactionId: '6d6780cf-80b2-4b0d-a3ef-a5b13da610d6',
      message: 'Sell of WISH with no open position.',
      legacy: true
    },
    {
      code: 'SELL_WITHOUT_POSITION',
      portfolioId: '6667854d-3cea-49f6-9aac-8a7340c82cb8',
      transactionId: 'b3c3668a-1730-4300-bd49-255067fbb9c4',
      message: 'Sell of NNOX with no open position.',
      legacy: true
    },
    {
      code: 'SELL_EXCEEDS_AVAILABLE_SHARES',
      portfolioId: '6667854d-3cea-49f6-9aac-8a7340c82cb8',
      transactionId: '4120dc1a-c777-45f4-b033-802dda8bf9e1',
      message: 'Sell 2.195119 PEP exceeds available 2.',
      legacy: true
    }
  ],
  migrateReport: {
    sequenceReports: {
      '6667854d-3cea-49f6-9aac-8a7340c82cb8': [Object],
      '27085251-e3e2-4829-81ee-14004843637d': [Object],
      '6e1c8d68-72f3-4160-9874-6473edd2f7eb': [Object],
      'd972d6f7-1f89-492b-81cf-aaf5fba709f5': [Object],
      '1c9764f9-9feb-462d-8cbe-a61ade8b293c': [Object],
      'a8524493-d06d-4997-9949-ab2bb8e7258b': [Object],
      'e1d517c3-21d5-45d0-8125-fbbb5dbd23f4': [Object]
    },
    legacyTaggedByPortfolio: {},
    changed: false
  }
}
[FINSEPA_PROVIDER_TRACE] EODHD fetchEodhdCryptoDailyBars {"symbol":"BTC-USD.CC"}
[FINSEPA_PROVIDER_TRACE] EODHD fetchEodhdCryptoDailyBars {"symbol":"ETH-USD.CC"}
 PUT /api/portfolio/workspace 200 in 543ms (next.js: 1272µs, application-code: 541ms)
[FINSEPA_PROVIDER_TRACE] scope=/screener ssr market=stocks eodhd_http=0 byFn={}
✓ Compiled in 78ms
 GET /screener 200 in 47ms (next.js: 2ms, proxy.ts: 8ms, application-code: 37ms)
 GET /api/notifications?count=1 200 in 63ms (next.js: 2ms, application-code: 61ms)
 GET /api/portfolio/workspace 200 in 113ms (next.js: 1127µs, application-code: 112ms)
 GET /api/notifications?count=1 200 in 179ms (next.js: 1489µs, application-code: 178ms)
 GET /api/portfolio/workspace 200 in 149ms (next.js: 2ms, application-code: 147ms)
 GET /api/superinvestor-follows 200 in 159ms (next.js: 17ms, application-code: 142ms)
 GET /api/search/recent 200 in 176ms (next.js: 13ms, application-code: 163ms)
 GET /api/search/recent 200 in 199ms (next.js: 4ms, application-code: 194ms)
 GET /api/watchlist 200 in 183ms (next.js: 2ms, application-code: 181ms)
 POST /api/portfolio/live-quotes 200 in 3.4s (next.js: 1664µs, application-code: 3.4s)
[portfolio/workspace PUT] ledger warnings {
  userId: '52373158-0eff-48de-80ba-f9206ee0e52a',
  warnings: [
    {
      code: 'SELL_WITHOUT_POSITION',
      portfolioId: '6667854d-3cea-49f6-9aac-8a7340c82cb8',
      transactionId: '484eefe6-d749-45bf-9f2d-4a9006a26b62',
      message: 'Sell of AAL with no open position.',
      legacy: true
    },
    {
      code: 'SELL_WITHOUT_POSITION',
      portfolioId: '6667854d-3cea-49f6-9aac-8a7340c82cb8',
      transactionId: '6d6780cf-80b2-4b0d-a3ef-a5b13da610d6',
      message: 'Sell of WISH with no open position.',
      legacy: true
    },
    {
      code: 'SELL_WITHOUT_POSITION',
      portfolioId: '6667854d-3cea-49f6-9aac-8a7340c82cb8',
      transactionId: 'b3c3668a-1730-4300-bd49-255067fbb9c4',
      message: 'Sell of NNOX with no open position.',
      legacy: true
    },
    {
      code: 'SELL_EXCEEDS_AVAILABLE_SHARES',
      portfolioId: '6667854d-3cea-49f6-9aac-8a7340c82cb8',
      transactionId: '4120dc1a-c777-45f4-b033-802dda8bf9e1',
      message: 'Sell 2.195119 PEP exceeds available 2.',
      legacy: true
    }
  ],
  migrateReport: {
    sequenceReports: {
      '6667854d-3cea-49f6-9aac-8a7340c82cb8': [Object],
      '27085251-e3e2-4829-81ee-14004843637d': [Object],
      '6e1c8d68-72f3-4160-9874-6473edd2f7eb': [Object],
      'd972d6f7-1f89-492b-81cf-aaf5fba709f5': [Object],
      '1c9764f9-9feb-462d-8cbe-a61ade8b293c': [Object],
      'a8524493-d06d-4997-9949-ab2bb8e7258b': [Object],
      'e1d517c3-21d5-45d0-8125-fbbb5dbd23f4': [Object]
    },
    legacyTaggedByPortfolio: {},
    changed: false
  }
}
✓ Compiled in 79ms
 PUT /api/portfolios/listings 200 in 142ms (next.js: 7ms, application-code: 136ms)
 PUT /api/portfolios/listings 200 in 174ms (next.js: 8ms, application-code: 165ms)
 PUT /api/portfolios/listings 200 in 181ms (next.js: 2ms, application-code: 179ms)
[FINSEPA_PROVIDER_TRACE] scope=/screener ssr market=stocks eodhd_http=0 byFn={}
 PUT /api/portfolios/listings 200 in 173ms (next.js: 7ms, application-code: 166ms)
 PUT /api/portfolios/listings 200 in 189ms (next.js: 17ms, application-code: 172ms)
 GET /screener 200 in 50ms (next.js: 1851µs, proxy.ts: 6ms, application-code: 41ms)
 PUT /api/portfolio/workspace 200 in 418ms (next.js: 1611µs, application-code: 417ms)
 GET /api/notifications?count=1 200 in 116ms (next.js: 1196µs, application-code: 115ms)
 GET /api/superinvestor-follows 200 in 84ms (next.js: 3ms, application-code: 81ms)
 GET /api/search/recent 200 in 93ms (next.js: 1084µs, application-code: 92ms)
 GET /api/notifications?count=1 200 in 108ms (next.js: 1197µs, application-code: 107ms)
 GET /api/search/recent 200 in 91ms (next.js: 1099µs, application-code: 90ms)
 GET /api/portfolio/workspace 200 in 227ms (next.js: 1060µs, application-code: 226ms)
 GET /api/watchlist 200 in 138ms (next.js: 1789µs, application-code: 136ms)
 GET /api/portfolio/workspace 200 in 182ms (next.js: 1697µs, application-code: 180ms)
[FINSEPA_PROVIDER_TRACE] EODHD fetchEodhdRealtimeSymbolsRaw {"symbolsInRequest":14}
[portfolio/workspace PUT] ledger warnings {
  userId: '52373158-0eff-48de-80ba-f9206ee0e52a',
  warnings: [
    {
      code: 'SELL_WITHOUT_POSITION',
      portfolioId: '6667854d-3cea-49f6-9aac-8a7340c82cb8',
      transactionId: '484eefe6-d749-45bf-9f2d-4a9006a26b62',
      message: 'Sell of AAL with no open position.',
      legacy: true
    },
    {
      code: 'SELL_WITHOUT_POSITION',
      portfolioId: '6667854d-3cea-49f6-9aac-8a7340c82cb8',
      transactionId: '6d6780cf-80b2-4b0d-a3ef-a5b13da610d6',
      message: 'Sell of WISH with no open position.',
      legacy: true
    },
    {
      code: 'SELL_WITHOUT_POSITION',
      portfolioId: '6667854d-3cea-49f6-9aac-8a7340c82cb8',
      transactionId: 'b3c3668a-1730-4300-bd49-255067fbb9c4',
      message: 'Sell of NNOX with no open position.',
      legacy: true
    },
    {
      code: 'SELL_EXCEEDS_AVAILABLE_SHARES',
      portfolioId: '6667854d-3cea-49f6-9aac-8a7340c82cb8',
      transactionId: '4120dc1a-c777-45f4-b033-802dda8bf9e1',
      message: 'Sell 2.195119 PEP exceeds available 2.',
      legacy: true
    }
  ],
  migrateReport: {
    sequenceReports: {
      '6667854d-3cea-49f6-9aac-8a7340c82cb8': [Object],
      '27085251-e3e2-4829-81ee-14004843637d': [Object],
      '6e1c8d68-72f3-4160-9874-6473edd2f7eb': [Object],
      'd972d6f7-1f89-492b-81cf-aaf5fba709f5': [Object],
      '1c9764f9-9feb-462d-8cbe-a61ade8b293c': [Object],
      'a8524493-d06d-4997-9949-ab2bb8e7258b': [Object],
      'e1d517c3-21d5-45d0-8125-fbbb5dbd23f4': [Object]
    },
    legacyTaggedByPortfolio: {},
    changed: false
  }
}
 PUT /api/portfolio/workspace 200 in 505ms (next.js: 992µs, application-code: 504ms)
[FINSEPA_PROVIDER_TRACE] EODHD fetchEodhdCryptoDailyBars {"symbol":"BTC-USD.CC"}
[FINSEPA_PROVIDER_TRACE] EODHD fetchEodhdCryptoDailyBars {"symbol":"ETH-USD.CC"}
 POST /api/portfolio/live-quotes 200 in 2.6s (next.js: 1466µs, application-code: 2.6s)
 PUT /api/portfolios/listings 200 in 183ms (next.js: 3ms, application-code: 180ms)
 PUT /api/portfolios/listings 200 in 190ms (next.js: 1205µs, application-code: 189ms)
✓ Compiled in 105ms
 GET /api/notifications?count=1 200 in 175ms (next.js: 7ms, application-code: 167ms)
 GET /api/notifications?count=1 200 in 143ms (next.js: 4ms, application-code: 139ms)
[FINSEPA_PROVIDER_TRACE] scope=/screener ssr market=stocks eodhd_http=0 byFn={}
 GET /screener 200 in 827ms (next.js: 27ms, proxy.ts: 37ms, application-code: 763ms)
[FINSEPA_PROVIDER_TRACE] EODHD fetchEodhdRealtimeSymbolsRaw {"symbolsInRequest":10}
 GET /api/account/billing/summary 200 in 278ms (next.js: 7ms, application-code: 271ms)
 GET /api/notifications?count=1 200 in 288ms (next.js: 10ms, application-code: 278ms)
 GET /api/account/plan 200 in 300ms (next.js: 16ms, application-code: 284ms)
 GET /api/superinvestor-follows 200 in 96ms (next.js: 3ms, application-code: 92ms)
 GET /api/search/recent 200 in 97ms (next.js: 11ms, application-code: 86ms)
 GET /api/search/recent 200 in 264ms (next.js: 2ms, application-code: 262ms)
 GET /api/portfolio/workspace 200 in 723ms (next.js: 13ms, application-code: 710ms)
[FINSEPA_PROVIDER_TRACE] EODHD fetchEodhdEodDailyBothCloses {"symbol":"AAPL.US"}
[FINSEPA_PROVIDER_TRACE] EODHD fetchEodhdEodDailyBothCloses {"symbol":"COST.US"}
[FINSEPA_PROVIDER_TRACE] EODHD fetchEodhdEodDailyBothCloses {"symbol":"KO.US"}
[FINSEPA_PROVIDER_TRACE] EODHD fetchEodhdEodDailyBothCloses {"symbol":"META.US"}
[FINSEPA_PROVIDER_TRACE] EODHD fetchEodhdEodDailyBothCloses {"symbol":"NFLX.US"}
[FINSEPA_PROVIDER_TRACE] EODHD fetchEodhdEodDailyBothCloses {"symbol":"QQQ.US"}
[FINSEPA_PROVIDER_TRACE] EODHD fetchEodhdEodDailyBothCloses {"symbol":"SPGI.US"}
[FINSEPA_PROVIDER_TRACE] EODHD fetchEodhdEodDailyBothCloses {"symbol":"TSLA.US"}
[FINSEPA_PROVIDER_TRACE] EODHD fetchEodhdEodDailyBothCloses {"symbol":"UBER.US"}
[FINSEPA_PROVIDER_TRACE] EODHD fetchEodhdEodDailyBothCloses {"symbol":"V.US"}
 GET /api/watchlist 200 in 360ms (next.js: 3ms, application-code: 357ms)
 GET /api/watchlist 200 in 220ms (next.js: 1615µs, application-code: 219ms)
 PUT /api/portfolio/workspace 200 in 311ms (next.js: 1541µs, application-code: 309ms)
 POST /api/portfolio/stock-splits 200 in 1155ms (next.js: 3ms, application-code: 1152ms)
[FINSEPA_PROVIDER_TRACE] EODHD fetchEodhdCryptoDailyBars {"symbol":"BTC-USD.CC"}
[FINSEPA_PROVIDER_TRACE] EODHD fetchEodhdCryptoDailyBars {"symbol":"ETH-USD.CC"}
[FINSEPA_PROVIDER_TRACE] EODHD fetchEodhdCryptoDailyBars {"symbol":"SOL-USD.CC"}
 PUT /api/portfolio/workspace 200 in 262ms (next.js: 1372µs, application-code: 260ms)
 PUT /api/portfolio/workspace 200 in 372ms (next.js: 11ms, application-code: 361ms)
 POST /api/portfolio/live-quotes 200 in 3.1s (next.js: 3ms, application-code: 3.1s)
 PUT /api/portfolio/workspace 200 in 257ms (next.js: 1687µs, application-code: 255ms)
 PUT /api/portfolio/workspace 200 in 325ms (next.js: 1542µs, application-code: 324ms)
✓ Compiled in 134ms
[FINSEPA_PROVIDER_TRACE] scope=/screener ssr market=stocks eodhd_http=0 byFn={}
 GET /screener 200 in 132ms (next.js: 10ms, proxy.ts: 21ms, application-code: 101ms)
 GET /api/notifications?count=1 200 in 214ms (next.js: 8ms, application-code: 206ms)
 GET /api/portfolio/workspace 200 in 349ms (next.js: 1994µs, application-code: 347ms)
 GET /api/search/recent 200 in 84ms (next.js: 8ms, application-code: 76ms)
 GET /api/notifications?count=1 200 in 211ms (next.js: 9ms, application-code: 202ms)
 GET /api/search/recent 200 in 118ms (next.js: 6ms, application-code: 112ms)
 GET /api/superinvestor-follows 200 in 125ms (next.js: 8ms, application-code: 117ms)
 GET /api/portfolio/workspace 200 in 162ms (next.js: 6ms, application-code: 156ms)
[FINSEPA_PROVIDER_TRACE] EODHD fetchEodhdRealtimeSymbolsRaw {"symbolsInRequest":14}
 GET /api/watchlist 200 in 216ms (next.js: 5ms, application-code: 211ms)
[portfolio/workspace PUT] ledger warnings {
  userId: '52373158-0eff-48de-80ba-f9206ee0e52a',
  warnings: [
    {
      code: 'SELL_WITHOUT_POSITION',
      portfolioId: '6667854d-3cea-49f6-9aac-8a7340c82cb8',
      transactionId: '484eefe6-d749-45bf-9f2d-4a9006a26b62',
      message: 'Sell of AAL with no open position.',
      legacy: true
    },
    {
      code: 'SELL_WITHOUT_POSITION',
      portfolioId: '6667854d-3cea-49f6-9aac-8a7340c82cb8',
      transactionId: '6d6780cf-80b2-4b0d-a3ef-a5b13da610d6',
      message: 'Sell of WISH with no open position.',
      legacy: true
    },
    {
      code: 'SELL_WITHOUT_POSITION',
      portfolioId: '6667854d-3cea-49f6-9aac-8a7340c82cb8',
      transactionId: 'b3c3668a-1730-4300-bd49-255067fbb9c4',
      message: 'Sell of NNOX with no open position.',
      legacy: true
    },
    {
      code: 'SELL_EXCEEDS_AVAILABLE_SHARES',
      portfolioId: '6667854d-3cea-49f6-9aac-8a7340c82cb8',
      transactionId: '4120dc1a-c777-45f4-b033-802dda8bf9e1',
      message: 'Sell 2.195119 PEP exceeds available 2.',
      legacy: true
    }
  ],
  migrateReport: {
    sequenceReports: {
      '6667854d-3cea-49f6-9aac-8a7340c82cb8': [Object],
      '27085251-e3e2-4829-81ee-14004843637d': [Object],
      '6e1c8d68-72f3-4160-9874-6473edd2f7eb': [Object],
      'd972d6f7-1f89-492b-81cf-aaf5fba709f5': [Object],
      '1c9764f9-9feb-462d-8cbe-a61ade8b293c': [Object],
      'a8524493-d06d-4997-9949-ab2bb8e7258b': [Object],
      'e1d517c3-21d5-45d0-8125-fbbb5dbd23f4': [Object]
    },
    legacyTaggedByPortfolio: {},
    changed: false
  }
}
 PUT /api/portfolio/workspace 200 in 407ms (next.js: 1563µs, application-code: 405ms)
[FINSEPA_PROVIDER_TRACE] EODHD fetchEodhdCryptoDailyBars {"symbol":"BTC-USD.CC"}
[FINSEPA_PROVIDER_TRACE] EODHD fetchEodhdCryptoDailyBars {"symbol":"ETH-USD.CC"}
 POST /api/portfolio/live-quotes 200 in 3.6s (next.js: 4ms, application-code: 3.6s)
 PUT /api/portfolios/listings 200 in 154ms (next.js: 6ms, application-code: 148ms)
 PUT /api/portfolios/listings 200 in 157ms (next.js: 3ms, application-code: 154ms)
 GET /api/notifications?count=1 200 in 465ms (next.js: 16ms, application-code: 449ms)
[FINSEPA_PROVIDER_TRACE] scope=/screener ssr market=stocks eodhd_http=0 byFn={}
 GET /screener 200 in 609ms (next.js: 9ms, proxy.ts: 57ms, application-code: 543ms)
[FINSEPA_PROVIDER_TRACE] EODHD fetchEodhdRealtimeSymbolsRaw {"symbolsInRequest":10}
 GET /api/notifications?count=1 200 in 149ms (next.js: 10ms, application-code: 140ms)
 GET /api/account/billing/summary 200 in 182ms (next.js: 6ms, application-code: 176ms)
 GET /api/portfolio/workspace 200 in 201ms (next.js: 13ms, application-code: 188ms)
 GET /api/account/plan 200 in 205ms (next.js: 21ms, application-code: 184ms)
[FINSEPA_PROVIDER_TRACE] EODHD fetchEodhdEodDailyBothCloses {"symbol":"AAPL.US"}
[FINSEPA_PROVIDER_TRACE] EODHD fetchEodhdEodDailyBothCloses {"symbol":"COST.US"}
[FINSEPA_PROVIDER_TRACE] EODHD fetchEodhdEodDailyBothCloses {"symbol":"KO.US"}
[FINSEPA_PROVIDER_TRACE] EODHD fetchEodhdEodDailyBothCloses {"symbol":"META.US"}
[FINSEPA_PROVIDER_TRACE] EODHD fetchEodhdEodDailyBothCloses {"symbol":"NFLX.US"}
[FINSEPA_PROVIDER_TRACE] EODHD fetchEodhdEodDailyBothCloses {"symbol":"QQQ.US"}
[FINSEPA_PROVIDER_TRACE] EODHD fetchEodhdEodDailyBothCloses {"symbol":"SPGI.US"}
[FINSEPA_PROVIDER_TRACE] EODHD fetchEodhdEodDailyBothCloses {"symbol":"TSLA.US"}
[FINSEPA_PROVIDER_TRACE] EODHD fetchEodhdEodDailyBothCloses {"symbol":"UBER.US"}
[FINSEPA_PROVIDER_TRACE] EODHD fetchEodhdEodDailyBothCloses {"symbol":"V.US"}
 GET /api/search/recent 200 in 81ms (next.js: 1655µs, application-code: 79ms)
 GET /api/superinvestor-follows 200 in 80ms (next.js: 2ms, application-code: 78ms)
 GET /api/search/recent 200 in 87ms (next.js: 1598µs, application-code: 85ms)
 GET /api/watchlist 200 in 185ms (next.js: 4ms, application-code: 181ms)
 GET /api/watchlist 200 in 157ms (next.js: 1391µs, application-code: 156ms)
 PUT /api/portfolio/workspace 200 in 268ms (next.js: 4ms, application-code: 265ms)
 PUT /api/portfolio/workspace 200 in 244ms (next.js: 1271µs, application-code: 243ms)
[FINSEPA_PROVIDER_TRACE] EODHD fetchEodhdSearch {"q":"amat","limit":120}
[FINSEPA_PROVIDER_TRACE] EODHD fetchEodhdExchangeSymbolListUncached {"exchange":"CC"}
[FINSEPA_PROVIDER_TRACE] EODHD fetchEodhdScreenerUncached {"offset":0,"limit":100}
[FINSEPA_PROVIDER_TRACE] EODHD fetchEodhdScreenerUncached {"offset":100,"limit":100}
[FINSEPA_PROVIDER_TRACE] EODHD fetchEodhdScreenerUncached {"offset":200,"limit":100}
[FINSEPA_PROVIDER_TRACE] EODHD fetchEodhdScreenerUncached {"offset":300,"limit":100}
[FINSEPA_PROVIDER_TRACE] EODHD fetchEodhdScreenerUncached {"offset":400,"limit":100}
[FINSEPA_PROVIDER_TRACE] EODHD fetchEodhdCryptoDailyBars {"symbol":"BTC-USD.CC"}
[FINSEPA_PROVIDER_TRACE] EODHD fetchEodhdCryptoDailyBars {"symbol":"ETH-USD.CC"}
[FINSEPA_PROVIDER_TRACE] EODHD fetchEodhdCryptoDailyBars {"symbol":"SOL-USD.CC"}
[FINSEPA_PROVIDER_TRACE] EODHD fetchEodhdScreenerUncached {"offset":500,"limit":100}
[FINSEPA_PROVIDER_TRACE] EODHD fetchEodhdScreenerUncached {"offset":600,"limit":100}
[FINSEPA_PROVIDER_TRACE] EODHD fetchEodhdScreenerUncached {"offset":700,"limit":100}
[FINSEPA_PROVIDER_TRACE] EODHD fetchEodhdScreenerUncached {"offset":800,"limit":100}
[FINSEPA_PROVIDER_TRACE] EODHD fetchEodhdScreenerUncached {"offset":900,"limit":100}
 POST /api/portfolio/stock-splits 200 in 2.2s (next.js: 1943µs, application-code: 2.2s)
 GET /api/search?q=amat 200 in 833ms (next.js: 1673µs, application-code: 831ms)
 POST /api/portfolio/live-quotes 200 in 3.3s (next.js: 13ms, application-code: 3.3s)
 PUT /api/portfolio/workspace 200 in 242ms (next.js: 1321µs, application-code: 240ms)
 GET /api/notifications?count=1 200 in 80ms (next.js: 1282µs, application-code: 79ms)
 PUT /api/search/recent 200 in 164ms (next.js: 2ms, application-code: 162ms)
 GET /stock/AMAT 200 in 368ms (next.js: 24ms, proxy.ts: 21ms, application-code: 323ms)
[FINSEPA_PROVIDER_TRACE] EODHD fetchEodhdRealtimeSymbolsRaw {"symbolsInRequest":10}
 GET /api/notifications?count=1 200 in 99ms (next.js: 6ms, application-code: 93ms)
 GET /api/account/billing/summary 200 in 150ms (next.js: 18ms, application-code: 132ms)
 GET /api/account/plan 200 in 135ms (next.js: 15ms, application-code: 120ms)
 GET /api/account/billing/summary 200 in 174ms (next.js: 17ms, application-code: 157ms)
 GET /api/portfolio/workspace 200 in 202ms (next.js: 9ms, application-code: 194ms)
 GET /api/notifications?count=1 200 in 91ms (next.js: 9ms, application-code: 81ms)
 GET /api/portfolio/workspace 200 in 110ms (next.js: 11ms, application-code: 99ms)
[FINSEPA_PROVIDER_TRACE] EODHD fetchEodhdIntraday {"symbol":"AMAT.US"}
 GET /api/search/recent 200 in 83ms (next.js: 1566µs, application-code: 82ms)
[FINSEPA_PROVIDER_TRACE] EODHD fetchEodhdEodDaily {"symbol":"AMAT.US","closeMode":"adjusted"}
 GET /api/account/plan 200 in 152ms (next.js: 10ms, application-code: 143ms)
[FINSEPA_PROVIDER_TRACE] EODHD fetchEodhdIntraday {"symbol":"AMAT.US"}
 GET /api/stocks/AMAT/key-indicators 200 in 135ms (next.js: 5ms, application-code: 131ms)
 GET /api/stocks/AMAT/key-indicators 200 in 223ms (next.js: 3ms, application-code: 220ms)
 GET /api/search/recent 200 in 77ms (next.js: 3ms, application-code: 73ms)
 GET /api/superinvestor-follows 200 in 77ms (next.js: 2ms, application-code: 75ms)
[eodhd intraday] raw provider row sample {
  sym: 'AMAT.US',
  interval: '1m',
  rowCount: 391,
  firstRow: {
    timestamp: 1788528600,
    gmtoffset: 0,
    datetime: '2026-09-04 13:30:00',
    open: 452.5,
    high: 452.5,
    low: 443.36,
    close: 445.625,
    volume: 171200
  }
}
[live-price] AMAT {
  price: 455.03,
  quotedAtSec: 1788552000,
  previousClose: null,
  session: 'pre'
}
[FINSEPA_PROVIDER_TRACE] EODHD fetchEodhdEodDailyBothCloses {"symbol":"AAPL.US"}
[FINSEPA_PROVIDER_TRACE] EODHD fetchEodhdEodDailyBothCloses {"symbol":"COST.US"}
[FINSEPA_PROVIDER_TRACE] EODHD fetchEodhdEodDailyBothCloses {"symbol":"KO.US"}
[FINSEPA_PROVIDER_TRACE] EODHD fetchEodhdEodDailyBothCloses {"symbol":"META.US"}
[FINSEPA_PROVIDER_TRACE] EODHD fetchEodhdEodDailyBothCloses {"symbol":"NFLX.US"}
[FINSEPA_PROVIDER_TRACE] EODHD fetchEodhdEodDailyBothCloses {"symbol":"QQQ.US"}
[FINSEPA_PROVIDER_TRACE] EODHD fetchEodhdEodDailyBothCloses {"symbol":"SPGI.US"}
[FINSEPA_PROVIDER_TRACE] EODHD fetchEodhdEodDailyBothCloses {"symbol":"TSLA.US"}
[FINSEPA_PROVIDER_TRACE] EODHD fetchEodhdEodDailyBothCloses {"symbol":"UBER.US"}
[FINSEPA_PROVIDER_TRACE] EODHD fetchEodhdEodDailyBothCloses {"symbol":"V.US"}
 GET /api/stocks/AMAT/live-price 200 in 452ms (next.js: 4ms, application-code: 448ms)
[eodhd intraday] raw provider row sample {
  sym: 'AMAT.US',
  interval: '1m',
  rowCount: 391,
  firstRow: {
    timestamp: 1788528600,
    gmtoffset: 0,
    datetime: '2026-09-04 13:30:00',
    open: 452.5,
    high: 452.5,
    low: 443.36,
    close: 445.625,
    volume: 171200
  }
}
[live-price] AMAT {
  price: 455.03,
  quotedAtSec: 1788552000,
  previousClose: null,
  session: 'pre'
}
 GET /api/stocks/AMAT/live-price 200 in 487ms (next.js: 1190µs, application-code: 486ms)
 GET /api/search/recent 200 in 81ms (next.js: 1130µs, application-code: 79ms)
 GET /api/search/recent 200 in 124ms (next.js: 3ms, application-code: 121ms)
 GET /api/watchlist 200 in 155ms (next.js: 1235µs, application-code: 153ms)
 PUT /api/portfolio/workspace 200 in 238ms (next.js: 1320µs, application-code: 237ms)
[FINSEPA_PROVIDER_TRACE] EODHD fetchEodhdFundamentalsJsonUncached {"symbol":"AMAT.US"}
[FINSEPA_PROVIDER_TRACE] EODHD fetchEodhdCryptoDailyBars {"symbol":"BTC-USD.CC"}
[FINSEPA_PROVIDER_TRACE] EODHD fetchEodhdCryptoDailyBars {"symbol":"ETH-USD.CC"}
[FINSEPA_PROVIDER_TRACE] EODHD fetchEodhdCryptoDailyBars {"symbol":"SOL-USD.CC"}
 GET /assets/_app/immutable/assets/people_alt.0IqWdIOr.css 404 in 38ms (next.js: 4ms, application-code: 34ms)
 GET /assets/_app/immutable/assets/2.C9hFP7sG.css 404 in 41ms (next.js: 2ms, application-code: 39ms)
 GET /assets/_app/immutable/assets/AddToFollowing.oHrQzDiM.css 404 in 25ms (next.js: 2ms, application-code: 23ms)
 GET /assets/_app/immutable/assets/Tabs.B74U1F4k.css 404 in 28ms (next.js: 2ms, application-code: 26ms)
 GET /assets/_app/immutable/assets/Dialogv2.CXvAI8Yx.css 404 in 25ms (next.js: 2ms, application-code: 23ms)
 GET /assets/_app/immutable/assets/GdprBlocked.C3dnYzst.css 404 in 43ms (next.js: 1714µs, application-code: 42ms)
[FINSEPA_PROVIDER_TRACE] EODHD fetchEodhdUsQuoteDelayed {"symbol":"AMAT.US"}
 GET /assets/_app/immutable/assets/AddNewPortfolioButton.B4HmilUN.css 404 in 72ms (next.js: 1823µs, application-code: 70ms)
 POST /api/portfolio/stock-splits 200 in 1227ms (next.js: 76ms, application-code: 1151ms)
 GET /assets/_app/immutable/assets/AddTickerWithHoldings.DAQnlVJU.css 404 in 64ms (next.js: 1746µs, application-code: 62ms)
 GET /assets/_app/immutable/assets/Autocomplete.B6UmZEzz.css 404 in 119ms (next.js: 2ms, application-code: 117ms)
 GET /assets/_app/immutable/assets/Card.7smu_tPD.css 404 in 114ms (next.js: 3ms, application-code: 111ms)
 GET /assets/_app/immutable/assets/PortfolioForm.DVSyO24a.css 404 in 584ms (next.js: 11ms, application-code: 574ms)
 GET /api/stocks/AMAT/extended-hours?exchange=NASDAQ&country=US&close=454.71 200 in 2.2s (next.js: 3ms, application-code: 2.2s)
 GET /api/stocks/AMAT/extended-hours?exchange=NASDAQ&country=US&close=454.71 200 in 2.3s (next.js: 4ms, application-code: 2.3s)
 GET /assets/_app/immutable/assets/loadTopAnalystRatings.DjKURJBv.css 404 in 604ms (next.js: 45ms, application-code: 559ms)
 GET /assets/_app/immutable/assets/BannerV2.BUaA8BL6.css 404 in 87ms (next.js: 7ms, application-code: 80ms)
 GET /assets/_app/immutable/assets/SwitchGroup.BRNnmGQJ.css 404 in 86ms (next.js: 45ms, application-code: 41ms)
 GET /assets/_app/immutable/assets/PageProgressBar.DI0pYk3c.css 404 in 80ms (next.js: 25ms, application-code: 55ms)
 GET /assets/_app/immutable/assets/TextField.CgB00LnS.css 404 in 87ms (next.js: 10ms, application-code: 77ms)
 GET /assets/_app/immutable/assets/Meta.BmO56adv.css 404 in 67ms (next.js: 7ms, application-code: 60ms)
 GET /assets/_app/immutable/assets/virtual_pwa-register.CI53cJZ_.css 404 in 66ms (next.js: 30ms, application-code: 36ms)
 GET /assets/_app/immutable/assets/Debug.DPMy6RHe.css 404 in 68ms (next.js: 5ms, application-code: 63ms)
 GET /assets/_app/immutable/assets/AccordionItem.DwPDDhxR.css 404 in 89ms (next.js: 30ms, application-code: 58ms)
 GET /assets/_app/immutable/assets/Switch.BDtPoIsT.css 404 in 81ms (next.js: 11ms, application-code: 70ms)
 POST /api/portfolio/live-quotes 200 in 3.0s (next.js: 9ms, application-code: 3.0s)
 GET /assets/_app/immutable/assets/handyman.D9f3MkzC.css 404 in 121ms (next.js: 30ms, application-code: 91ms)
 GET /assets/_app/immutable/assets/Slider.yXRkISrd.css 404 in 55ms (next.js: 24ms, application-code: 32ms)
 GET /assets/_app/immutable/assets/Checkbox.BOB5pb6C.css 404 in 58ms (next.js: 5ms, application-code: 53ms)
 GET /assets/_app/immutable/assets/Banner.BAIolu3i.css 404 in 76ms (next.js: 9ms, application-code: 68ms)
 GET /assets/_app/immutable/assets/Header.DnEvKSrq.css 404 in 100ms (next.js: 35ms, application-code: 65ms)
 GET /assets/_app/immutable/assets/AlphaSpaceWordmark.Cyz3JfC4.css 404 in 101ms (next.js: 25ms, application-code: 76ms)
 GET /assets/_app/immutable/assets/Tag.DXbPsdiY.css 404 in 112ms (next.js: 10ms, application-code: 102ms)
 GET /assets/_app/immutable/assets/NotificationPanel.Di6ZuLWG.css 404 in 109ms (next.js: 28ms, application-code: 81ms)
 GET /assets/_app/immutable/assets/HyperlinkInteractiveWrapper.wfHpgPVA.css 404 in 104ms (next.js: 35ms, application-code: 69ms)
 GET /assets/_app/immutable/assets/SubscriptionTierTag.BjxOd-yG.css 404 in 59ms (next.js: 8ms, application-code: 51ms)
 GET /assets/_app/immutable/assets/payments.DR6KIYnh.css 404 in 113ms (next.js: 24ms, application-code: 89ms)
 GET /assets/_app/immutable/assets/event.tkYfSHFl.css 404 in 110ms (next.js: 64ms, application-code: 46ms)
 GET /assets/_app/immutable/assets/move_down.DOK3sxW5.css 404 in 117ms (next.js: 46ms, application-code: 71ms)
 GET /assets/_app/immutable/assets/LiveEarningsAudioStream.DeyasBtQ.css 404 in 108ms (next.js: 25ms, application-code: 83ms)
 GET /assets/_app/immutable/assets/LiveBadge.Bz7LaYll.css 404 in 83ms (next.js: 13ms, application-code: 71ms)
 GET /assets/_app/immutable/assets/SubsWelcomeModal.DwRkT9PD.css 404 in 97ms (next.js: 38ms, application-code: 59ms)
 GET /assets/_app/immutable/assets/Dock.DC-gv-7M.css 404 in 74ms (next.js: 24ms, application-code: 50ms)
 GET /assets/_app/immutable/assets/Hyperlink.ClLyprcN.css 404 in 77ms (next.js: 6ms, application-code: 71ms)
[FINSEPA_PROVIDER_TRACE] EODHD fetchEodhdFundamentalsJsonUncached {"symbol":"AMAT.US"}
 GET /assets/_app/immutable/assets/EventCalendarPreview.Cjhb4pdW.css 404 in 100ms (next.js: 27ms, application-code: 73ms)
 GET /assets/_app/immutable/assets/ymp-comments.CVezLcHV.css 404 in 77ms (next.js: 30ms, application-code: 47ms)
 GET /assets/_app/immutable/assets/MenuItem.CmNhmsM2.css 404 in 82ms (next.js: 13ms, application-code: 69ms)
 GET /assets/_app/immutable/assets/DisclosureInfoIcon.BWZfOVHX.css 404 in 77ms (next.js: 7ms, application-code: 70ms)
 GET /assets/_app/immutable/assets/sources.vNvZi5gW.css 404 in 74ms (next.js: 25ms, application-code: 49ms)
 GET /assets/_app/immutable/assets/scoutFeedback.BUm4YDyH.css 404 in 97ms (next.js: 25ms, application-code: 72ms)
 GET /assets/_app/immutable/assets/UserFeedback.BJdeRhF4.css 404 in 110ms (next.js: 26ms, application-code: 84ms)
 GET /assets/_app/immutable/assets/loadChatResponse.pGCqGAoi.css 404 in 109ms (next.js: 26ms, application-code: 83ms)
 GET /assets/_app/immutable/assets/RemountOnRouteChange.BPW9HNmM.css 404 in 83ms (next.js: 13ms, application-code: 70ms)
 GET /assets/_app/immutable/assets/StoryStream.DjN8CIAT.css 404 in 80ms (next.js: 33ms, application-code: 46ms)
 GET /assets/_app/immutable/assets/DynamicNativeAd.CSh-HF8h.css 404 in 72ms (next.js: 24ms, application-code: 49ms)
 GET /assets/_app/immutable/assets/visibility_off.Cb_iLODS.css 404 in 74ms (next.js: 5ms, application-code: 68ms)
 GET /assets/_app/immutable/assets/PrivacyLinks.BzPh9WuE.css 404 in 93ms (next.js: 24ms, application-code: 69ms)
 GET /assets/_app/immutable/assets/Layout.BoqcdOAF.css 404 in 84ms (next.js: 26ms, application-code: 57ms)
 GET /assets/_app/immutable/assets/SignedOutVariantB.C9lvvTNs.css 404 in 87ms (next.js: 9ms, application-code: 78ms)
 GET /assets/_app/immutable/assets/FooterV2.HJ9w7v1k.css 404 in 100ms (next.js: 34ms, application-code: 66ms)
 GET /assets/_app/immutable/assets/FeatureEngagementSpotlightAlphaspaceOverlayTemplate.CKW3rKAI.css 404 in 68ms (next.js: 6ms, application-code: 63ms)
 GET /assets/_app/immutable/assets/Carousel.CxpOvWCK.css 404 in 84ms (next.js: 22ms, application-code: 63ms)
 GET /assets/_app/immutable/assets/CarouselButtons.DbPv9S4h.css 404 in 73ms (next.js: 9ms, application-code: 65ms)
 GET /assets/_app/immutable/assets/NavBar.Dte_9OX-.css 404 in 71ms (next.js: 23ms, application-code: 48ms)
 GET /assets/_app/immutable/assets/FeatureBarNeo.Ba19JwfO.css 404 in 77ms (next.js: 7ms, application-code: 70ms)
 GET /assets/_app/immutable/assets/90.DnEB2ky8.css 404 in 92ms (next.js: 5ms, application-code: 87ms)
 GET /assets/_app/immutable/assets/initializePage.DCONDKUZ.css 404 in 113ms (next.js: 25ms, application-code: 87ms)
 GET /assets/_app/immutable/assets/AlphaspaceCTA.BVa3Qul7.css 404 in 94ms (next.js: 10ms, application-code: 84ms)
 GET /assets/_app/immutable/assets/alphaSpaceChartEmbed.DjFyIlH9.css 404 in 94ms (next.js: 41ms, application-code: 53ms)
 GET /assets/_app/immutable/assets/QuoteTitle.B42-RU0-.css 404 in 75ms (next.js: 7ms, application-code: 68ms)
 GET /assets/_app/immutable/assets/TickerCarousel.DCyCp4jD.css 404 in 80ms (next.js: 7ms, application-code: 72ms)
 GET /assets/_app/immutable/assets/HeatMap.DtOpnH7o.css 404 in 98ms (next.js: 25ms, application-code: 73ms)
 GET /assets/_app/immutable/entry/start.CiX9x9XB.js 404 in 87ms (next.js: 10ms, application-code: 77ms)
 GET /assets/_app/immutable/chunks/85.CBD4LYtq.js 404 in 86ms (next.js: 28ms, application-code: 58ms)
 GET /assets/_app/immutable/chunks/iframeContainerResizer.DDAVPI6z.js 404 in 89ms (next.js: 8ms, application-code: 82ms)
 GET /assets/_app/immutable/entry/app.BTlas9fx.js 404 in 84ms (next.js: 8ms, application-code: 76ms)
 GET /assets/_app/immutable/chunks/people_alt.CKquRi3G.js 404 in 100ms (next.js: 24ms, application-code: 76ms)
 GET /assets/_app/immutable/chunks/shopping_cart.vMZ-9_UM.js 404 in 73ms (next.js: 7ms, application-code: 66ms)
 GET /assets/_app/immutable/chunks/security.Cc-H5G3O.js 404 in 72ms (next.js: 25ms, application-code: 47ms)
 GET /assets/_app/immutable/chunks/support.C9JVmVCa.js 404 in 68ms (next.js: 6ms, application-code: 62ms)
 GET /assets/_app/immutable/chunks/nimbusAppState.DtldQRip.js 404 in 70ms (next.js: 6ms, application-code: 65ms)
 GET /assets/_app/immutable/chunks/comment.BeV9SjAa.js 404 in 87ms (next.js: 22ms, application-code: 65ms)
 GET /assets/_app/immutable/chunks/partnerHubRoutes.DGPEUJpT.js 404 in 73ms (next.js: 9ms, application-code: 64ms)
 GET /assets/_app/immutable/nodes/0.dDSeqbcf.js 404 in 84ms (next.js: 26ms, application-code: 58ms)
 GET /assets/_app/immutable/nodes/2.CmTk-6Rs.js 404 in 85ms (next.js: 6ms, application-code: 79ms)
 GET /assets/_app/immutable/chunks/PageProgressBar.BP6uLIIo.js 404 in 90ms (next.js: 19ms, application-code: 71ms)
 GET /assets/_app/immutable/chunks/paywall.CrgkEqoI.js 404 in 98ms (next.js: 25ms, application-code: 73ms)
 GET /assets/_app/immutable/chunks/Meta.T0Wl2rg4.js 404 in 84ms (next.js: 10ms, application-code: 74ms)
 GET /assets/_app/immutable/chunks/virtual_pwa-register.DyEf_4Tv.js 404 in 83ms (next.js: 28ms, application-code: 55ms)
 GET /assets/_app/immutable/chunks/Banner.D7SeGNLN.js 404 in 75ms (next.js: 9ms, application-code: 65ms)
 GET /assets/_app/immutable/chunks/Header.DhVILdfb.js 404 in 76ms (next.js: 5ms, application-code: 71ms)
 GET /assets/_app/immutable/chunks/Logo.BjW2u8QZ.js 404 in 116ms (next.js: 24ms, application-code: 92ms)
 GET /assets/_app/immutable/chunks/tierFeatures.BXOQRWdI.js 404 in 107ms (next.js: 10ms, application-code: 97ms)
[FINSEPA_PROVIDER_TRACE] EODHD fetchEodhdFundamentalsJsonUncached {"symbol":"AMAT.US"}
 GET /assets/_app/immutable/chunks/AlphaSpaceWordmark.CFlhoJAt.js 404 in 121ms (next.js: 29ms, application-code: 92ms)
 GET /assets/_app/immutable/chunks/checklistContent.kIZSDN8d.js 404 in 99ms (next.js: 10ms, application-code: 89ms)
 GET /assets/_app/immutable/chunks/numberFormatUtil.VSLNiBZb.js 404 in 96ms (next.js: 10ms, application-code: 86ms)
 GET /assets/_app/immutable/chunks/Tag.DWC2acWS.js 404 in 112ms (next.js: 29ms, application-code: 82ms)
 GET /assets/_app/immutable/chunks/NotificationPanel.v5TlGhns.js 404 in 96ms (next.js: 20ms, application-code: 76ms)
 GET /assets/_app/immutable/chunks/HyperlinkInteractiveWrapper.kv_kdRYi.js 404 in 94ms (next.js: 41ms, application-code: 53ms)
 GET /assets/_app/immutable/chunks/SubscriptionTierTag.CszjXbXC.js 404 in 76ms (next.js: 11ms, application-code: 65ms)
 GET /assets/_app/immutable/chunks/List.oYLN2Vo6.js 404 in 101ms (next.js: 5ms, application-code: 96ms)
 GET /assets/_app/immutable/chunks/FeatureCue.1gDfT3tD.js 404 in 99ms (next.js: 24ms, application-code: 75ms)
 GET /assets/_app/immutable/chunks/ThemedImage.DxuirQEV.js 404 in 259ms (next.js: 17ms, application-code: 241ms)
 GET /assets/_app/immutable/chunks/TopAnalystLazy.BdNMEIj7.js 404 in 301ms (next.js: 24ms, application-code: 277ms)
 GET /assets/_app/immutable/chunks/LiveEarningsAudioPlayer.YwtvsFvW.js 404 in 321ms (next.js: 10ms, application-code: 312ms)
 GET /assets/_app/immutable/chunks/SectionHeader.C92_XNpQ.js 404 in 135ms (next.js: 57ms, application-code: 78ms)
 GET /assets/_app/immutable/chunks/move_down.DHsVOia_.js 404 in 142ms (next.js: 14ms, application-code: 128ms)
 GET /assets/_app/immutable/chunks/loadCompany360.CY665Mi0.js 404 in 119ms (next.js: 32ms, application-code: 86ms)
 GET /assets/_app/immutable/chunks/speed.6IxN6Xmb.js 404 in 96ms (next.js: 31ms, application-code: 65ms)
 GET /assets/_app/immutable/chunks/context.C8iCSJxm.js 404 in 92ms (next.js: 11ms, application-code: 80ms)
 GET /assets/_app/immutable/chunks/arrow_forward.Dl7DkkBE.js 404 in 124ms (next.js: 48ms, application-code: 76ms)
 GET /assets/_app/immutable/chunks/zh.json.DG_ecmOy.js 404 in 128ms (next.js: 11ms, application-code: 117ms)
 GET /assets/_app/immutable/chunks/event.zCbwBa_c.js 404 in 108ms (next.js: 32ms, application-code: 76ms)
 GET /assets/_app/immutable/chunks/StockStoryLogo.BTbKjg5K.js 404 in 83ms (next.js: 28ms, application-code: 55ms)
 GET /assets/_app/immutable/chunks/CurrencyFormat.DmB6WC7W.js 404 in 86ms (next.js: 8ms, application-code: 77ms)
 GET /assets/_app/immutable/chunks/Change.DMQ9JpIB.js 404 in 113ms (next.js: 25ms, application-code: 89ms)
 GET /assets/_app/immutable/chunks/Rating.D95x7WHG.js 404 in 115ms (next.js: 6ms, application-code: 110ms)
 GET /assets/_app/immutable/chunks/DateFormatCell.TYBjBg_v.js 404 in 139ms (next.js: 35ms, application-code: 104ms)
 GET /assets/_app/immutable/chunks/quote.Dpg10Yau.js 404 in 110ms (next.js: 38ms, application-code: 72ms)
 GET /assets/_app/immutable/chunks/ColorChange.CckS2Oer.js 404 in 91ms (next.js: 6ms, application-code: 85ms)
 GET /assets/_app/immutable/chunks/QuoteLink.CtGedJCD.js 404 in 61ms (next.js: 7ms, application-code: 54ms)
 GET /assets/_app/immutable/chunks/SparklineCell.Dn1_25FK.js 404 in 79ms (next.js: 26ms, application-code: 52ms)
 GET /assets/_app/immutable/chunks/business_center.CD23sdZd.js 404 in 77ms (next.js: 27ms, application-code: 50ms)
 GET /assets/_app/immutable/chunks/Sparkline.B2Z4zYgp.js 404 in 81ms (next.js: 9ms, application-code: 72ms)
 GET /assets/_app/immutable/chunks/FeatureEngagementSlot.C1QLirZN.js 404 in 95ms (next.js: 26ms, application-code: 69ms)
 GET /assets/_app/immutable/chunks/fab.Cg7Ca0s0.js 404 in 59ms (next.js: 8ms, application-code: 51ms)
 GET /assets/_app/immutable/chunks/balanceSheet_B.CpXlMBpU.js 404 in 75ms (next.js: 23ms, application-code: 52ms)
 GET /assets/_app/immutable/chunks/9.D0AeR0BX.js 404 in 189ms (next.js: 27ms, application-code: 162ms)
 GET /assets/_app/immutable/nodes/9.BXz7jBlj.js 404 in 200ms (next.js: 10ms, application-code: 190ms)
 GET /assets/_app/immutable/chunks/Dock.BJCp0hjt.js 404 in 261ms (next.js: 65ms, application-code: 196ms)
 GET /assets/_app/immutable/chunks/loadMarketTime.ukk2xSj8.js 404 in 141ms (next.js: 54ms, application-code: 87ms)
 GET /assets/_app/immutable/chunks/fr.json.CCATqYIZ.js 404 in 124ms (next.js: 56ms, application-code: 68ms)
 GET /assets/_app/immutable/chunks/UpvoteIcon.Bn61eoIo.js 404 in 91ms (next.js: 31ms, application-code: 60ms)
 GET /assets/_app/immutable/chunks/optimisticPost.B21FvHIT.js 404 in 96ms (next.js: 12ms, application-code: 84ms)
 GET /assets/_app/immutable/chunks/utils.Wjs3O4Mi.js 404 in 123ms (next.js: 32ms, application-code: 92ms)
 GET /assets/_app/immutable/chunks/event.BTuX6HPi.js 404 in 98ms (next.js: 22ms, application-code: 76ms)
 GET /assets/_app/immutable/chunks/researchHubUtils.BoSjz6tT.js 404 in 142ms (next.js: 39ms, application-code: 103ms)
 GET /assets/_app/immutable/chunks/ymp-comments.es-US.Dh77axzs.js 404 in 94ms (next.js: 28ms, application-code: 66ms)
 GET /assets/_app/immutable/chunks/MenuItem.CqjqtCWg.js 404 in 98ms (next.js: 8ms, application-code: 90ms)
 GET /assets/_app/immutable/chunks/arrow_upward.BEO1xOo-.js 404 in 101ms (next.js: 32ms, application-code: 69ms)
 GET /assets/_app/immutable/chunks/feedback.Do15PkwP.js 404 in 71ms (next.js: 9ms, application-code: 62ms)
 GET /assets/_app/immutable/chunks/DisclosureInfoIcon.2bFWspe1.js 404 in 112ms (next.js: 32ms, application-code: 80ms)
 GET /assets/_app/immutable/chunks/SparkleIcon.CgK-XJsZ.js 404 in 90ms (next.js: 9ms, application-code: 81ms)
 GET /assets/_app/immutable/chunks/sources.CJuKDuM_.js 404 in 88ms (next.js: 32ms, application-code: 56ms)
 GET /assets/_app/immutable/chunks/MarkdownRenderer.DQAk5Lgq.js 404 in 105ms (next.js: 27ms, application-code: 78ms)
 GET /assets/_app/immutable/chunks/loadDynamicSeededQuestions.CVHGv94R.js 404 in 93ms (next.js: 10ms, application-code: 82ms)
 GET /assets/_app/immutable/chunks/42.CYPj-6Pe.js 404 in 128ms (next.js: 47ms, application-code: 81ms)
 GET /assets/_app/immutable/chunks/UserActionsWrapper.w3TaqSKa.js 404 in 70ms (next.js: 26ms, application-code: 44ms)
 GET /assets/_app/immutable/chunks/scoutFeedback.Dwk1GWEU.js 404 in 74ms (next.js: 7ms, application-code: 67ms)
 GET /assets/_app/immutable/chunks/UserFeedback.DRN2NKHi.js 404 in 70ms (next.js: 24ms, application-code: 47ms)
 GET /assets/_app/immutable/chunks/loadChatResponse.8MTJsxfh.js 404 in 73ms (next.js: 25ms, application-code: 49ms)
 GET /assets/_app/immutable/chunks/cashFlow_T.CRfoYC_g.js 404 in 76ms (next.js: 7ms, application-code: 69ms)
 GET /assets/_app/immutable/chunks/RemountOnRouteChange.CDKxTARk.js 404 in 96ms (next.js: 8ms, application-code: 88ms)
 GET /assets/_app/immutable/chunks/MarketTime.SnRF1ZH3.js 404 in 128ms (next.js: 26ms, application-code: 102ms)
 GET /assets/_app/immutable/chunks/SymbolBlock.DRNi2sSb.js 404 in 130ms (next.js: 44ms, application-code: 86ms)
 GET /assets/_app/immutable/chunks/StoryStream.D4bIubP0.js 404 in 81ms (next.js: 18ms, application-code: 63ms)
 GET /assets/_app/immutable/chunks/DynamicNativeAd.weKdgtGo.js 404 in 68ms (next.js: 9ms, application-code: 59ms)
 GET /assets/_app/immutable/chunks/loadMortgageCalcWidgetData.DxSDeOTV.js 404 in 107ms (next.js: 27ms, application-code: 80ms)
 GET /assets/_app/immutable/chunks/DynamicDisplayAd.1aKrf13x.js 404 in 136ms (next.js: 37ms, application-code: 99ms)
 GET /assets/_app/immutable/chunks/StoryStreamSkeleton.tloGsJdg.js 404 in 111ms (next.js: 31ms, application-code: 80ms)
 GET /assets/_app/immutable/chunks/SectionHeader.DXxYFi0k.js 404 in 86ms (next.js: 33ms, application-code: 52ms)
 GET /assets/_app/immutable/chunks/ViewMoreLink.D3sN4sr2.js 404 in 169ms (next.js: 29ms, application-code: 140ms)
 GET /assets/_app/immutable/chunks/articleUtil.DjV8Jwm9.js 404 in 217ms (next.js: 28ms, application-code: 189ms)
[FINSEPA_PROVIDER_TRACE] EODHD fetchEodhdEodDaily {"symbol":"AMAT.US","closeMode":"adjusted"}
 GET /assets/_app/immutable/chunks/AccordionItem.DRA_AJUt.js 404 in 810ms (next.js: 156ms, application-code: 654ms)
 GET /assets/_app/immutable/chunks/loadNewsStream.C2JRur-R.js 404 in 906ms (next.js: 121ms, application-code: 786ms)
 GET /assets/_app/immutable/chunks/visibility_off.IdlGg_2w.js 404 in 713ms (next.js: 655ms, application-code: 58ms)
 GET /assets/_app/immutable/chunks/print.CtbYQ658.js 404 in 83ms (next.js: 37ms, application-code: 45ms)
 GET /assets/_app/immutable/chunks/loadVisualization.HU1qD_Q8.js 404 in 91ms (next.js: 25ms, application-code: 66ms)
 GET /assets/_app/immutable/chunks/researchUtil.whXoBdQB.js 404 in 70ms (next.js: 6ms, application-code: 65ms)
 GET /assets/_app/immutable/chunks/PrivacyLinks.BjtRM91n.js 404 in 90ms (next.js: 41ms, application-code: 49ms)
 GET /assets/_app/immutable/chunks/EarningsTrendsLazy.DanNeRBO.js 404 in 93ms (next.js: 23ms, application-code: 70ms)
 GET /assets/_app/immutable/chunks/Layout.s4kDwDS-.js 404 in 79ms (next.js: 27ms, application-code: 51ms)
 GET /assets/_app/immutable/chunks/FooterV2.kVF7HB7B.js 404 in 50ms (next.js: 8ms, application-code: 43ms)
 GET /assets/_app/immutable/chunks/Toast.Cz1ViqXB.js 404 in 93ms (next.js: 23ms, application-code: 71ms)
 GET /assets/_app/immutable/chunks/Carousel.DS77PWeL.js 404 in 85ms (next.js: 34ms, application-code: 51ms)
 GET /assets/_app/immutable/chunks/FeatureEngagementSpotlightAlphaspaceOverlayTemplate.CZJboIGd.js 404 in 105ms (next.js: 25ms, application-code: 80ms)
 GET /assets/_app/immutable/chunks/CarouselButtons.BPVIF6dz.js 404 in 62ms (next.js: 8ms, application-code: 54ms)
 GET /assets/_app/immutable/chunks/Hyperlink.BfgfNlw3.js 404 in 80ms (next.js: 28ms, application-code: 52ms)
 GET /assets/_app/immutable/chunks/NavBar.CnTuQJeQ.js 404 in 79ms (next.js: 30ms, application-code: 49ms)
 GET /assets/_app/immutable/chunks/MarketsBanner.CF0jl25P.js 404 in 71ms (next.js: 7ms, application-code: 65ms)
 GET /assets/_app/immutable/nodes/90.BbbrlnN2.js 404 in 112ms (next.js: 42ms, application-code: 70ms)
 GET /assets/_app/immutable/chunks/FeatureBarNeo.DJ_xp5y8.js 404 in 115ms (next.js: 24ms, application-code: 90ms)
 GET /assets/_app/immutable/chunks/initializePage.CqZBzloO.js 404 in 98ms (next.js: 28ms, application-code: 71ms)
 GET /assets/_app/immutable/chunks/cashFlow_M.wXqB8rEb.js 404 in 73ms (next.js: 24ms, application-code: 48ms)
 GET /assets/_app/immutable/chunks/loadModularBlockStream.BFMuNGv4.js 404 in 73ms (next.js: 7ms, application-code: 66ms)
 GET /assets/_app/immutable/chunks/VideoPlayer.CAAaSbF9.js 404 in 83ms (next.js: 26ms, application-code: 56ms)
 GET /assets/_app/immutable/chunks/balanceSheet_T.BTutQS_L.js 404 in 103ms (next.js: 23ms, application-code: 80ms)
 GET /assets/_app/immutable/chunks/DynamicAdLayoutDebug.BB_X3x9q.js 404 in 83ms (next.js: 28ms, application-code: 55ms)
 GET /assets/_app/immutable/chunks/AlphaspaceCTA.BRmUpUyJ.js 404 in 54ms (next.js: 9ms, application-code: 45ms)
 GET /assets/_app/immutable/chunks/QuoteChartV2.MiqdadhU.js 404 in 100ms (next.js: 23ms, application-code: 77ms)
 GET /assets/_app/immutable/chunks/QuoteTitle.IguwUVgi.js 404 in 84ms (next.js: 23ms, application-code: 61ms)
 GET /assets/_app/immutable/chunks/alphaSpaceChartEmbed._Khswtqc.js 404 in 88ms (next.js: 7ms, application-code: 81ms)
 GET /assets/_app/immutable/chunks/handyman.DQyC07T8.js 404 in 86ms (next.js: 35ms, application-code: 51ms)
 GET /assets/_app/immutable/chunks/Fireplace.CZtm_2kj.js 404 in 78ms (next.js: 29ms, application-code: 49ms)
 GET /assets/_app/immutable/chunks/DataTablev2.DFv9TMmc.js 404 in 75ms (next.js: 6ms, application-code: 69ms)
 GET /assets/_app/immutable/chunks/payments.C0QX6aOM.js 404 in 71ms (next.js: 6ms, application-code: 65ms)
 GET /assets/_app/immutable/chunks/SectionWithSidebar.B4-0LU93.js 404 in 97ms (next.js: 25ms, application-code: 71ms)
 GET /assets/_app/immutable/chunks/loadLatestNewsOrPressReleasesStream.CWr8PwC0.js 404 in 97ms (next.js: 44ms, application-code: 53ms)
 GET /assets/_app/immutable/chunks/sectorUtil.BvoBlSRr.js 404 in 60ms (next.js: 7ms, application-code: 53ms)
 GET /assets/_app/immutable/chunks/LeafNewsStream.B-LFVkPB.js 404 in 70ms (next.js: 6ms, application-code: 64ms)
 GET /assets/_app/immutable/chunks/NewsStream.Cyh0Kcz5.js 404 in 113ms (next.js: 25ms, application-code: 88ms)
 GET /assets/_app/immutable/chunks/linear.CSF6ofH7.js 404 in 87ms (next.js: 30ms, application-code: 58ms)
 GET /assets/_app/immutable/chunks/Pagination.BDynazPF.js 404 in 124ms (next.js: 43ms, application-code: 81ms)
 GET /assets/_app/immutable/chunks/DataTablePagination.XIhPzZky.js 404 in 59ms (next.js: 9ms, application-code: 50ms)
 GET /assets/_app/immutable/chunks/GradientScale.5lBpYqyt.js 404 in 76ms (next.js: 28ms, application-code: 48ms)
 GET /assets/_app/immutable/chunks/heatMapUtils.C2XaLwvr.js 404 in 74ms (next.js: 26ms, application-code: 48ms)
 GET /assets/_app/immutable/chunks/CompanyName.D0OW94_i.js 404 in 73ms (next.js: 6ms, application-code: 67ms)
 GET /assets/_app/immutable/chunks/TickerCarousel.BYF0teYl.js 404 in 113ms (next.js: 45ms, application-code: 69ms)
 GET /assets/_app/immutable/chunks/PrivateCompanyPartnerAttribution.CTCPqofS.js 404 in 116ms (next.js: 24ms, application-code: 92ms)
 GET /assets/_app/immutable/chunks/QuoteSectionHeader.9nu6HKzS.js 404 in 106ms (next.js: 27ms, application-code: 80ms)
 GET /assets/_app/immutable/chunks/cancel.Czysqgps.js 404 in 81ms (next.js: 10ms, application-code: 71ms)
 GET /assets/_app/immutable/chunks/initializeDock.CnMyD_NM.js 404 in 88ms (next.js: 16ms, application-code: 72ms)
 GET /assets/_app/immutable/chunks/MarketsTableWrapper.DJpv3tj3.js 404 in 91ms (next.js: 58ms, application-code: 33ms)
 GET /api/stocks/AMAT/earnings?preview=1 200 in 8.4s (next.js: 129ms, application-code: 8.2s)
 PUT /api/portfolio/workspace 200 in 476ms (next.js: 12ms, application-code: 464ms)
[FINSEPA_PROVIDER_TRACE] EODHD fetchEodhdFundamentalsJsonUncached {"symbol":"AMAT.US"}
[FINSEPA_PROVIDER_TRACE] EODHD fetchEodhdInsiderTransactionsForm4 {"symbol":"AMAT","offset":0,"pageLimit":100}
 GET /stock/AMAT?tab=earnings 200 in 514ms (next.js: 80ms, proxy.ts: 35ms, application-code: 399ms)
 PUT /api/portfolio/workspace 200 in 454ms (next.js: 44ms, application-code: 410ms)
 PUT /api/portfolio/workspace 200 in 467ms (next.js: 45ms, application-code: 421ms)
 PUT /api/portfolio/workspace 200 in 481ms (next.js: 2ms, application-code: 479ms)
 GET /api/stocks/AMAT/chart?range=1D&series=price 200 in 35ms (next.js: 10ms, application-code: 25ms)
[FINSEPA_PROVIDER_TRACE] EODHD fetchEodhdIntraday {"symbol":"AMAT.US"}
[FINSEPA_PROVIDER_TRACE] EODHD fetchEodhdFundamentalsJsonUncached {"symbol":"AMAT.US"}
[eodhd intraday] raw provider row sample {
  sym: 'AMAT.US',
  interval: '1m',
  rowCount: 391,
  firstRow: {
    timestamp: 1788528600,
    gmtoffset: 0,
    datetime: '2026-09-04 13:30:00',
    open: 452.5,
    high: 452.5,
    low: 443.36,
    close: 445.625,
    volume: 171200
  }
}
[live-price] AMAT {
  price: 455.03,
  quotedAtSec: 1788552000,
  previousClose: null,
  session: 'pre'
}
 GET /api/stocks/AMAT/live-price 200 in 1071ms (next.js: 13ms, application-code: 1058ms)
 GET /api/stocks/AMAT/insider-transactions 200 in 1600ms (next.js: 125ms, application-code: 1475ms)
[FINSEPA_PROVIDER_TRACE] EODHD fetchEodhdFundamentalsJsonUncached {"symbol":"AMAT.US"}
 GET /api/sec-exhibit?u=https%3A%2F%2Fwww.sec.gov%2FArchives%2Fedgar%2Fdata%2F6951%2F000162828026056699%2Fexhibit991q32026earningsre.htm 200 in 373ms (next.js: 2ms, application-code: 371ms)
[FINSEPA_PROVIDER_TRACE] EODHD fetchEodhdEodDaily {"symbol":"AMAT.US","closeMode":"adjusted"}
 GET /api/stocks/AMAT/earnings 200 in 2.9s (next.js: 5ms, application-code: 2.9s)
[FINSEPA_PROVIDER_TRACE] EODHD fetchEodhdEodDaily {"symbol":"AMAT.US","closeMode":"adjusted"}
 GET /api/ir-pdf?u=https%3A%2F%2Fpjwzvqvrqqvjgwuouoxy.supabase.co%2Fstorage%2Fv1%2Fobject%2Fpublic%2Fearnings-ir-docs%2FAMAT%2F2026-07-31%2Fslides.pdf 200 in 73ms (next.js: 2ms, application-code: 71ms)
 GET /api/ir-pdf?u=https%3A%2F%2Fpjwzvqvrqqvjgwuouoxy.supabase.co%2Fstorage%2Fv1%2Fobject%2Fpublic%2Fearnings-ir-docs%2FAMAT%2F2026-07-31%2Fslides.pdf 200 in 903ms (next.js: 33ms, application-code: 870ms)
[FINSEPA_PROVIDER_TRACE] EODHD fetchEodhdUsQuoteDelayed {"symbol":"AMAT.US"}
 GET /api/stocks/AMAT/extended-hours?exchange=NASDAQ&country=US&close=454.71 200 in 1804ms (next.js: 5ms, application-code: 1799ms)
 GET /api/sec-exhibit?u=https%3A%2F%2Fwww.sec.gov%2FArchives%2Fedgar%2Fdata%2F6951%2F000162828026035071%2Fexhibit991q22026earningsre.htm 200 in 286ms (next.js: 1515µs, application-code: 284ms)
 GET /api/ir-pdf?u=https%3A%2F%2Fpjwzvqvrqqvjgwuouoxy.supabase.co%2Fstorage%2Fv1%2Fobject%2Fpublic%2Fearnings-ir-docs%2FAMAT%2F2022-07-31%2Fslides.pdf 200 in 83ms (next.js: 3ms, application-code: 80ms)
 GET /api/ir-pdf?u=https%3A%2F%2Fpjwzvqvrqqvjgwuouoxy.supabase.co%2Fstorage%2Fv1%2Fobject%2Fpublic%2Fearnings-ir-docs%2FAMAT%2F2022-07-31%2Fslides.pdf 200 in 76ms (next.js: 1484µs, application-code: 75ms)
 GET /api/ir-pdf?u=https%3A%2F%2Fpjwzvqvrqqvjgwuouoxy.supabase.co%2Fstorage%2Fv1%2Fobject%2Fpublic%2Fearnings-ir-docs%2FAMAT%2F2022-07-31%2Fslides.pdf 200 in 2.5s (next.js: 1584µs, application-code: 2.5s)
 GET /api/sec-exhibit?u=https%3A%2F%2Fwww.sec.gov%2FArchives%2Fedgar%2Fdata%2F6951%2F000000695123000017%2Fexhibit991q22023earningsre.htm 200 in 485ms (next.js: 2ms, application-code: 483ms)
[FINSEPA_PROVIDER_TRACE] EODHD fetchEodhdIntraday {"symbol":"AMAT.US"}
[eodhd intraday] raw provider row sample {
  sym: 'AMAT.US',
  interval: '1m',
  rowCount: 391,
  firstRow: {
    timestamp: 1788528600,
    gmtoffset: 0,
    datetime: '2026-09-04 13:30:00',
    open: 452.5,
    high: 452.5,
    low: 443.36,
    close: 445.625,
    volume: 171200
  }
}
[live-price] AMAT {
  price: 455.03,
  quotedAtSec: 1788552000,
  previousClose: null,
  session: 'pre'
}
 GET /api/stocks/AMAT/live-price 200 in 1093ms (next.js: 4ms, application-code: 1089ms)
[FINSEPA_PROVIDER_TRACE] EODHD fetchEodhdEodDaily {"symbol":"AMAT.US","closeMode":"adjusted"}
[FINSEPA_PROVIDER_TRACE] EODHD fetchEodhdUsQuoteDelayed {"symbol":"AMAT.US"}
 GET /api/stocks/AMAT/extended-hours?exchange=NASDAQ&country=US&close=454.71 200 in 2.4s (next.js: 8ms, application-code: 2.4s)
[FINSEPA_PROVIDER_TRACE] EODHD fetchEodhdIntraday {"symbol":"AMAT.US"}
[eodhd intraday] raw provider row sample {
  sym: 'AMAT.US',
  interval: '1m',
  rowCount: 391,
  firstRow: {
    timestamp: 1788528600,
    gmtoffset: 0,
    datetime: '2026-09-04 13:30:00',
    open: 452.5,
    high: 452.5,
    low: 443.36,
    close: 445.625,
    volume: 171200
  }
}
[live-price] AMAT {
  price: 455.03,
  quotedAtSec: 1788552000,
  previousClose: null,
  session: 'pre'
}
 GET /api/stocks/AMAT/live-price 200 in 968ms (next.js: 5ms, application-code: 963ms)
[FINSEPA_PROVIDER_TRACE] EODHD fetchEodhdEodDaily {"symbol":"AMAT.US","closeMode":"adjusted"}
[FINSEPA_PROVIDER_TRACE] EODHD fetchEodhdUsQuoteDelayed {"symbol":"AMAT.US"}
 GET /api/stocks/AMAT/extended-hours?exchange=NASDAQ&country=US&close=454.71 200 in 2.6s (next.js: 17ms, application-code: 2.6s)
 PUT /api/search/recent 200 in 243ms (next.js: 19ms, application-code: 224ms)
 GET /stock/GOOGL 200 in 463ms (next.js: 10ms, proxy.ts: 90ms, application-code: 363ms)
[FINSEPA_PROVIDER_TRACE] EODHD fetchEodhdIntraday {"symbol":"GOOGL.US"}
[FINSEPA_PROVIDER_TRACE] EODHD fetchEodhdIntraday {"symbol":"GOOGL.US"}
[FINSEPA_PROVIDER_TRACE] EODHD fetchEodhdEodDaily {"symbol":"GOOGL.US","closeMode":"adjusted"}
[FINSEPA_PROVIDER_TRACE] EODHD fetchEodhdIntraday {"symbol":"GOOGL.US"}
[FINSEPA_PROVIDER_TRACE] EODHD fetchEodhdIntraday {"symbol":"GOOGL.US"}
[FINSEPA_PROVIDER_TRACE] EODHD fetchEodhdEodDaily {"symbol":"GOOGL.US","closeMode":"adjusted"}
[FINSEPA_PROVIDER_TRACE] EODHD fetchEodhdEodDaily {"symbol":"GSPC.INDX","closeMode":"adjusted"}
[eodhd intraday] raw provider row sample {
  sym: 'GOOGL.US',
  interval: '1m',
  rowCount: 391,
  firstRow: {
    timestamp: 1788528600,
    gmtoffset: 0,
    datetime: '2026-09-04 13:30:00',
    open: 342.465,
    high: 343.22,
    low: 341.9,
    close: 343.11,
    volume: 349129
  }
}
[live-price] GOOGL {
  price: 338.4926,
  quotedAtSec: 1788552000,
  previousClose: null,
  session: 'pre'
}
 GET /api/stocks/GOOGL/live-price 200 in 513ms (next.js: 11ms, application-code: 503ms)
[FINSEPA_PROVIDER_TRACE] EODHD fetchEodhdIntraday {"symbol":"GOOGL.US"}
[eodhd intraday] raw provider row sample {
  sym: 'GOOGL.US',
  interval: '1m',
  rowCount: 391,
  firstRow: {
    timestamp: 1788528600,
    gmtoffset: 0,
    datetime: '2026-09-04 13:30:00',
    open: 342.465,
    high: 343.22,
    low: 341.9,
    close: 343.11,
    volume: 349129
  }
}
 GET /api/stocks/GOOGL/chart?range=1D&series=price 200 in 429ms (next.js: 4ms, application-code: 425ms)
[eodhd intraday] raw provider row sample {
  sym: 'GOOGL.US',
  interval: '1m',
  rowCount: 391,
  firstRow: {
    timestamp: 1788528600,
    gmtoffset: 0,
    datetime: '2026-09-04 13:30:00',
    open: 342.465,
    high: 343.22,
    low: 341.9,
    close: 343.11,
    volume: 349129
  }
}
[eodhd intraday] raw provider row sample {
  sym: 'GOOGL.US',
  interval: '1m',
  rowCount: 391,
  firstRow: {
    timestamp: 1788528600,
    gmtoffset: 0,
    datetime: '2026-09-04 13:30:00',
    open: 342.465,
    high: 343.22,
    low: 341.9,
    close: 343.11,
    volume: 349129
  }
}
[eodhd intraday] raw provider row sample {
  sym: 'GOOGL.US',
  interval: '1m',
  rowCount: 391,
  firstRow: {
    timestamp: 1788528600,
    gmtoffset: 0,
    datetime: '2026-09-04 13:30:00',
    open: 342.465,
    high: 343.22,
    low: 341.9,
    close: 343.11,
    volume: 349129
  }
}
 GET /api/stocks/GOOGL/chart?range=1D&series=price 200 in 1330ms (next.js: 4ms, application-code: 1325ms)
 GET /api/stocks/GOOGL/chart?range=1D&series=price 200 in 1309ms (next.js: 4ms, application-code: 1305ms)
 GET /api/stocks/GOOGL/chart?range=1D&series=price 200 in 1259ms (next.js: 40ms, application-code: 1219ms)
[FINSEPA_PROVIDER_TRACE] EODHD fetchEodhdIntraday {"symbol":"GOOGL.US"}
 GET /api/search/recent 200 in 86ms (next.js: 7ms, application-code: 79ms)
 GET /api/search/recent 200 in 78ms (next.js: 1483µs, application-code: 76ms)
[FINSEPA_PROVIDER_TRACE] EODHD fetchEodhdFundamentalsJsonUncached {"symbol":"GOOGL.US"}
[eodhd intraday] raw provider row sample {
  sym: 'GOOGL.US',
  interval: '1m',
  rowCount: 391,
  firstRow: {
    timestamp: 1788528600,
    gmtoffset: 0,
    datetime: '2026-09-04 13:30:00',
    open: 342.465,
    high: 343.22,
    low: 341.9,
    close: 343.11,
    volume: 349129
  }
}
[live-price] GOOGL {
  price: 338.4926,
  quotedAtSec: 1788552000,
  previousClose: null,
  session: 'pre'
}
 GET /api/stocks/GOOGL/live-price 200 in 472ms (next.js: 4ms, application-code: 468ms)
[FINSEPA_PROVIDER_TRACE] EODHD fetchEodhdUsQuoteDelayed {"symbol":"GOOGL.US"}
 GET /api/stocks/GOOGL/target-price 200 in 8ms (next.js: 3ms, application-code: 4ms)
[FINSEPA_PROVIDER_TRACE] EODHD fetchEodhdFundamentalsJsonUncached {"symbol":"GOOGL.US"}
 GET /api/stocks/GOOGL/extended-hours?exchange=NASDAQ&country=US&close=338.46 200 in 951ms (next.js: 8ms, application-code: 942ms)
 GET /api/stocks/GOOGL/extended-hours?exchange=NASDAQ&country=US&close=338.46 200 in 2.3s (next.js: 17ms, application-code: 2.3s)
[FINSEPA_PROVIDER_TRACE] EODHD fetchEodhdIntraday {"symbol":"GOOGL.US"}
[FINSEPA_PROVIDER_TRACE] EODHD fetchEodhdIntraday {"symbol":"GOOGL.US"}
[eodhd intraday] raw provider row sample {
  sym: 'GOOGL.US',
  interval: '1m',
  rowCount: 391,
  firstRow: {
    timestamp: 1788528600,
    gmtoffset: 0,
    datetime: '2026-09-04 13:30:00',
    open: 342.465,
    high: 343.22,
    low: 341.9,
    close: 343.11,
    volume: 349129
  }
}
[FINSEPA_PROVIDER_TRACE] EODHD fetchEodhdFundamentalsJsonUncached {"symbol":"GOOGL.US"}
 GET /api/stocks/GOOGL/chart?range=1D&series=price 200 in 423ms (next.js: 4ms, application-code: 420ms)
[eodhd intraday] raw provider row sample {
  sym: 'GOOGL.US',
  interval: '1m',
  rowCount: 391,
  firstRow: {
    timestamp: 1788528600,
    gmtoffset: 0,
    datetime: '2026-09-04 13:30:00',
    open: 342.465,
    high: 343.22,
    low: 341.9,
    close: 343.11,
    volume: 349129
  }
}
 GET /api/stocks/GOOGL/chart?range=1D&series=price 200 in 487ms (next.js: 4ms, application-code: 483ms)
[FINSEPA_PROVIDER_TRACE] EODHD fetchEodhdFundamentalsJsonUncached {"symbol":"GOOGL.US"}
 GET /api/stocks/GOOGL/key-indicators 200 in 2.3s (next.js: 3ms, application-code: 2.3s)
 GET /api/stocks/GOOGL/key-indicators 200 in 3.3s (next.js: 8ms, application-code: 3.2s)
[FINSEPA_PROVIDER_TRACE] EODHD fetchEodhdEodDaily {"symbol":"GOOGL.US","closeMode":"adjusted"}
[FINSEPA_PROVIDER_TRACE] EODHD fetchEodhdFundamentalsJsonUncached {"symbol":"GOOGL.US"}
[FINSEPA_PROVIDER_TRACE] EODHD fetchEodhdEarningsCalendarForSymbol {"symbols":"GOOGL.US"}
[FINSEPA_PROVIDER_TRACE] EODHD fetchEodhdFundamentalsJsonUncached {"symbol":"GOOGL.US"}
[FINSEPA_PROVIDER_TRACE] EODHD fetchEodhdEodDaily {"symbol":"GOOGL.US","closeMode":"adjusted"}
 GET /stock/GOOGL?tab=earnings 200 in 2.1s (next.js: 5ms, proxy.ts: 6ms, application-code: 2.1s)
 GET /api/stocks/GOOGL/earnings 200 in 1350ms (next.js: 3ms, application-code: 1347ms)
[FINSEPA_PROVIDER_TRACE] EODHD fetchEodhdFundamentalsJsonUncached {"symbol":"GOOGL.US"}
 GET /api/stocks/GOOGL/chart?range=1D&series=price 200 in 15ms (next.js: 3ms, application-code: 12ms)
[FINSEPA_PROVIDER_TRACE] EODHD fetchEodhdIntraday {"symbol":"GOOGL.US"}
[FINSEPA_PROVIDER_TRACE] EODHD fetchEodhdFundamentalsJsonUncached {"symbol":"GOOGL.US"}
[eodhd intraday] raw provider row sample {
  sym: 'GOOGL.US',
  interval: '1m',
  rowCount: 391,
  firstRow: {
    timestamp: 1788528600,
    gmtoffset: 0,
    datetime: '2026-09-04 13:30:00',
    open: 342.465,
    high: 343.22,
    low: 341.9,
    close: 343.11,
    volume: 349129
  }
}
[live-price] GOOGL {
  price: 338.4926,
  quotedAtSec: 1788552000,
  previousClose: null,
  session: 'pre'
}
 GET /api/stocks/GOOGL/live-price 200 in 443ms (next.js: 3ms, application-code: 440ms)
 GET /api/stocks/GOOGL/earnings?preview=1 200 in 3.1s (next.js: 4ms, application-code: 3.1s)
[FINSEPA_PROVIDER_TRACE] EODHD fetchEodhdEarningsCalendarForSymbol {"symbols":"GOOGL.US"}
[FINSEPA_PROVIDER_TRACE] EODHD fetchEodhdFundamentalsJsonUncached {"symbol":"GOOGL.US"}
[FINSEPA_PROVIDER_TRACE] EODHD fetchEodhdEodDaily {"symbol":"GOOGL.US","closeMode":"adjusted"}
[FINSEPA_PROVIDER_TRACE] EODHD fetchEodhdFundamentalsJsonUncached {"symbol":"GOOGL.US"}
 GET /api/stocks/GOOGL/earnings 200 in 1799ms (next.js: 8ms, application-code: 1791ms)
 GET /api/ir-pdf?u=https%3A%2F%2Fpjwzvqvrqqvjgwuouoxy.supabase.co%2Fstorage%2Fv1%2Fobject%2Fpublic%2Fearnings-ir-docs%2FGOOGL%2F2026-06-30%2Ffilings.pdf 200 in 56ms (next.js: 3ms, application-code: 52ms)
 GET /api/ir-pdf?u=https%3A%2F%2Fpjwzvqvrqqvjgwuouoxy.supabase.co%2Fstorage%2Fv1%2Fobject%2Fpublic%2Fearnings-ir-docs%2FGOOGL%2F2026-06-30%2Ffilings.pdf 200 in 2.7s (next.js: 4ms, application-code: 2.7s)
 GET /api/notifications?count=1 200 in 108ms (next.js: 3ms, application-code: 105ms)
[FINSEPA_PROVIDER_TRACE] EODHD fetchEodhdRealtimeSymbolsRaw {"symbolsInRequest":10}
 GET /api/notifications?count=1 200 in 153ms (next.js: 1318µs, application-code: 152ms)
 POST /api/portfolio/live-quotes 200 in 2.3s (next.js: 1812µs, application-code: 2.3s)
[FINSEPA_PROVIDER_TRACE] EODHD fetchEodhdRealtimeSymbolsRaw {"symbolsInRequest":14}
[portfolio/workspace PUT] ledger warnings {
  userId: '52373158-0eff-48de-80ba-f9206ee0e52a',
  warnings: [
    {
      code: 'SELL_WITHOUT_POSITION',
      portfolioId: '6667854d-3cea-49f6-9aac-8a7340c82cb8',
      transactionId: '484eefe6-d749-45bf-9f2d-4a9006a26b62',
      message: 'Sell of AAL with no open position.',
      legacy: true
    },
    {
      code: 'SELL_WITHOUT_POSITION',
      portfolioId: '6667854d-3cea-49f6-9aac-8a7340c82cb8',
      transactionId: '6d6780cf-80b2-4b0d-a3ef-a5b13da610d6',
      message: 'Sell of WISH with no open position.',
      legacy: true
    },
    {
      code: 'SELL_WITHOUT_POSITION',
      portfolioId: '6667854d-3cea-49f6-9aac-8a7340c82cb8',
      transactionId: 'b3c3668a-1730-4300-bd49-255067fbb9c4',
      message: 'Sell of NNOX with no open position.',
      legacy: true
    },
    {
      code: 'SELL_EXCEEDS_AVAILABLE_SHARES',
      portfolioId: '6667854d-3cea-49f6-9aac-8a7340c82cb8',
      transactionId: '4120dc1a-c777-45f4-b033-802dda8bf9e1',
      message: 'Sell 2.195119 PEP exceeds available 2.',
      legacy: true
    }
  ],
  migrateReport: {
    sequenceReports: {
      '6667854d-3cea-49f6-9aac-8a7340c82cb8': [Object],
      '27085251-e3e2-4829-81ee-14004843637d': [Object],
      '6e1c8d68-72f3-4160-9874-6473edd2f7eb': [Object],
      'd972d6f7-1f89-492b-81cf-aaf5fba709f5': [Object],
      '1c9764f9-9feb-462d-8cbe-a61ade8b293c': [Object],
      'a8524493-d06d-4997-9949-ab2bb8e7258b': [Object],
      'e1d517c3-21d5-45d0-8125-fbbb5dbd23f4': [Object]
    },
    legacyTaggedByPortfolio: {},
    changed: false
  }
}
 PUT /api/portfolio/workspace 200 in 411ms (next.js: 3ms, application-code: 407ms)
[FINSEPA_PROVIDER_TRACE] EODHD fetchEodhdEodDaily {"symbol":"GOOGL.US","closeMode":"adjusted"}
[FINSEPA_PROVIDER_TRACE] EODHD fetchEodhdCryptoDailyBars {"symbol":"BTC-USD.CC"}
[FINSEPA_PROVIDER_TRACE] EODHD fetchEodhdCryptoDailyBars {"symbol":"ETH-USD.CC"}
[FINSEPA_PROVIDER_TRACE] EODHD fetchEodhdUsQuoteDelayed {"symbol":"GOOGL.US"}
 GET /api/stocks/GOOGL/extended-hours?exchange=NASDAQ&country=US&close=338.46 200 in 2.7s (next.js: 4ms, application-code: 2.7s)
 POST /api/portfolio/live-quotes 200 in 3.4s (next.js: 1536µs, application-code: 3.4s)
 PUT /api/portfolios/listings 200 in 160ms (next.js: 3ms, application-code: 157ms)
[FINSEPA_PROVIDER_TRACE] EODHD fetchEodhdIntraday {"symbol":"GOOGL.US"}
[eodhd intraday] raw provider row sample {
  sym: 'GOOGL.US',
  interval: '1m',
  rowCount: 391,
  firstRow: {
    timestamp: 1788528600,
    gmtoffset: 0,
    datetime: '2026-09-04 13:30:00',
    open: 342.465,
    high: 343.22,
    low: 341.9,
    close: 343.11,
    volume: 349129
  }
}
[live-price] GOOGL {
  price: 338.4926,
  quotedAtSec: 1788552000,
  previousClose: null,
  session: 'pre'
}
 GET /api/stocks/GOOGL/live-price 200 in 427ms (next.js: 5ms, application-code: 423ms)
 PUT /api/search/recent 200 in 319ms (next.js: 2ms, application-code: 317ms)
 GET /stock/TSLA 200 in 394ms (next.js: 8ms, proxy.ts: 21ms, application-code: 365ms)
[FINSEPA_PROVIDER_TRACE] EODHD fetchEodhdIntraday {"symbol":"TSLA.US"}
[FINSEPA_PROVIDER_TRACE] EODHD fetchEodhdEodDaily {"symbol":"TSLA.US","closeMode":"adjusted"}
[FINSEPA_PROVIDER_TRACE] EODHD fetchEodhdIntraday {"symbol":"TSLA.US"}
 GET /api/stocks/TSLA/key-indicators 200 in 162ms (next.js: 4ms, application-code: 158ms)
 GET /api/stocks/TSLA/key-indicators 200 in 201ms (next.js: 3ms, application-code: 198ms)
 GET /api/search/recent 200 in 78ms (next.js: 2ms, application-code: 76ms)
 GET /api/search/recent 200 in 102ms (next.js: 5ms, application-code: 97ms)
[FINSEPA_PROVIDER_TRACE] EODHD fetchEodhdFundamentalsJsonUncached {"symbol":"TSLA.US"}
[eodhd intraday] raw provider row sample {
  sym: 'TSLA.US',
  interval: '1m',
  rowCount: 391,
  firstRow: {
    timestamp: 1788528600,
    gmtoffset: 0,
    datetime: '2026-09-04 13:30:00',
    open: 362.07,
    high: 364.68,
    low: 360.76,
    close: 363.5948,
    volume: 1338929
  }
}
[live-price] TSLA {
  price: 353.607,
  quotedAtSec: 1788552000,
  previousClose: null,
  session: 'pre'
}
[eodhd intraday] raw provider row sample {
  sym: 'TSLA.US',
  interval: '1m',
  rowCount: 391,
  firstRow: {
    timestamp: 1788528600,
    gmtoffset: 0,
    datetime: '2026-09-04 13:30:00',
    open: 362.07,
    high: 364.68,
    low: 360.76,
    close: 363.5948,
    volume: 1338929
  }
}
[live-price] TSLA {
  price: 353.607,
  quotedAtSec: 1788552000,
  previousClose: null,
  session: 'pre'
}
 GET /api/stocks/TSLA/live-price 200 in 1101ms (next.js: 4ms, application-code: 1097ms)
 GET /api/stocks/TSLA/live-price 200 in 1071ms (next.js: 6ms, application-code: 1065ms)
[FINSEPA_PROVIDER_TRACE] EODHD fetchEodhdFundamentalsJsonUncached {"symbol":"TSLA.US"}
[FINSEPA_PROVIDER_TRACE] EODHD fetchEodhdFundamentalsJsonUncached {"symbol":"TSLA.US"}
[FINSEPA_PROVIDER_TRACE] EODHD fetchEodhdUsQuoteDelayed {"symbol":"TSLA.US"}
 GET /api/stocks/TSLA/extended-hours?exchange=NASDAQ&country=US&close=354.08 200 in 1970ms (next.js: 6ms, application-code: 1964ms)
 GET /api/stocks/TSLA/extended-hours?exchange=NASDAQ&country=US&close=354.08 200 in 2.0s (next.js: 9ms, application-code: 2.0s)
[FINSEPA_PROVIDER_TRACE] EODHD fetchEodhdEarningsCalendarForSymbol {"symbols":"TSLA.US"}
[FINSEPA_PROVIDER_TRACE] EODHD fetchEodhdFundamentalsJsonUncached {"symbol":"TSLA.US"}
[FINSEPA_PROVIDER_TRACE] EODHD fetchEodhdFundamentalsJsonUncached {"symbol":"TSLA.US"}
[FINSEPA_PROVIDER_TRACE] EODHD fetchEodhdFundamentalsJsonUncached {"symbol":"TSLA.US"}
[FINSEPA_PROVIDER_TRACE] EODHD fetchEodhdFundamentalsJsonUncached {"symbol":"TSLA.US"}
[FINSEPA_PROVIDER_TRACE] EODHD fetchEodhdEodDaily {"symbol":"TSLA.US","closeMode":"adjusted"}
[FINSEPA_PROVIDER_TRACE] EODHD fetchEodhdEodDaily {"symbol":"TSLA.US","closeMode":"adjusted"}
 GET /api/stocks/TSLA/earnings?preview=1 200 in 3.0s (next.js: 4ms, application-code: 3.0s)
 GET /api/stocks/TSLA/earnings 200 in 2.1s (next.js: 3ms, application-code: 2.1s)
 GET /stock/TSLA?tab=earnings 200 in 2.3s (next.js: 6ms, proxy.ts: 6ms, application-code: 2.3s)
 GET /api/stocks/TSLA/chart?range=1D&series=price 200 in 12ms (next.js: 3ms, application-code: 9ms)
[FINSEPA_PROVIDER_TRACE] EODHD fetchEodhdIntraday {"symbol":"TSLA.US"}
[eodhd intraday] raw provider row sample {
  sym: 'TSLA.US',
  interval: '1m',
  rowCount: 391,
  firstRow: {
    timestamp: 1788528600,
    gmtoffset: 0,
    datetime: '2026-09-04 13:30:00',
    open: 362.07,
    high: 364.68,
    low: 360.76,
    close: 363.5948,
    volume: 1338929
  }
}
[live-price] TSLA {
  price: 353.607,
  quotedAtSec: 1788552000,
  previousClose: null,
  session: 'pre'
}
 GET /api/stocks/TSLA/live-price 200 in 422ms (next.js: 3ms, application-code: 419ms)
 GET /api/stocks/TSLA/target-price 200 in 8ms (next.js: 4ms, application-code: 4ms)
 GET /api/sec-exhibit?u=https%3A%2F%2Fwww.sec.gov%2FArchives%2Fedgar%2Fdata%2F1318605%2F000162828026026673%2Ftsla-20260331.htm 200 in 439ms (next.js: 1881µs, application-code: 437ms)
 GET /api/ir-pdf?u=https%3A%2F%2Fpjwzvqvrqqvjgwuouoxy.supabase.co%2Fstorage%2Fv1%2Fobject%2Fpublic%2Fearnings-ir-docs%2FTSLA%2F2026-06-30%2Fslides.pdf 200 in 649ms (next.js: 35ms, application-code: 615ms)
[FINSEPA_PROVIDER_TRACE] EODHD fetchEodhdEodDaily {"symbol":"TSLA.US","closeMode":"adjusted"}
[FINSEPA_PROVIDER_TRACE] EODHD fetchEodhdUsQuoteDelayed {"symbol":"TSLA.US"}
 GET /api/stocks/TSLA/extended-hours?exchange=NASDAQ&country=US&close=354.08 200 in 2.0s (next.js: 6ms, application-code: 2.0s)
[FINSEPA_PROVIDER_TRACE] EODHD fetchEodhdIntraday {"symbol":"TSLA.US"}
[eodhd intraday] raw provider row sample {
  sym: 'TSLA.US',
  interval: '1m',
  rowCount: 391,
  firstRow: {
    timestamp: 1788528600,
    gmtoffset: 0,
    datetime: '2026-09-04 13:30:00',
    open: 362.07,
    high: 364.68,
    low: 360.76,
    close: 363.5948,
    volume: 1338929
  }
}
[live-price] TSLA {
  price: 353.607,
  quotedAtSec: 1788552000,
  previousClose: null,
  session: 'pre'
}
 GET /api/stocks/TSLA/live-price 200 in 456ms (next.js: 4ms, application-code: 452ms)
[FINSEPA_PROVIDER_TRACE] EODHD fetchEodhdEodDaily {"symbol":"TSLA.US","closeMode":"adjusted"}
[FINSEPA_PROVIDER_TRACE] EODHD fetchEodhdUsQuoteDelayed {"symbol":"TSLA.US"}
 GET /api/stocks/TSLA/extended-hours?exchange=NASDAQ&country=US&close=354.08 200 in 1971ms (next.js: 4ms, application-code: 1967ms)
[FINSEPA_PROVIDER_TRACE] EODHD fetchEodhdIntraday {"symbol":"TSLA.US"}
[eodhd intraday] raw provider row sample {
  sym: 'TSLA.US',
  interval: '1m',
  rowCount: 391,
  firstRow: {
    timestamp: 1788528600,
    gmtoffset: 0,
    datetime: '2026-09-04 13:30:00',
    open: 362.07,
    high: 364.68,
    low: 360.76,
    close: 363.5948,
    volume: 1338929
  }
}
[live-price] TSLA {
  price: 353.607,
  quotedAtSec: 1788552000,
  previousClose: null,
  session: 'pre'
}
 GET /api/stocks/TSLA/live-price 200 in 504ms (next.js: 4ms, application-code: 500ms)
[FINSEPA_PROVIDER_TRACE] EODHD fetchEodhdEodDaily {"symbol":"TSLA.US","closeMode":"adjusted"}
[FINSEPA_PROVIDER_TRACE] EODHD fetchEodhdUsQuoteDelayed {"symbol":"TSLA.US"}
 GET /api/stocks/TSLA/extended-hours?exchange=NASDAQ&country=US&close=354.08 200 in 2.0s (next.js: 3ms, application-code: 2.0s)
 GET /api/notifications?count=1 200 in 303ms (next.js: 2ms, application-code: 301ms)
 GET /api/notifications?count=1 200 in 122ms (next.js: 2ms, application-code: 120ms)
[FINSEPA_PROVIDER_TRACE] EODHD fetchEodhdIntraday {"symbol":"TSLA.US"}
[eodhd intraday] raw provider row sample {
  sym: 'TSLA.US',
  interval: '1m',
  rowCount: 391,
  firstRow: {
    timestamp: 1788528600,
    gmtoffset: 0,
    datetime: '2026-09-04 13:30:00',
    open: 362.07,
    high: 364.68,
    low: 360.76,
    close: 363.5948,
    volume: 1338929
  }
}
[live-price] TSLA {
  price: 353.607,
  quotedAtSec: 1788552000,
  previousClose: null,
  session: 'pre'
}
 GET /api/stocks/TSLA/live-price 200 in 455ms (next.js: 4ms, application-code: 451ms)
[FINSEPA_PROVIDER_TRACE] EODHD fetchEodhdEodDaily {"symbol":"TSLA.US","closeMode":"adjusted"}
[FINSEPA_PROVIDER_TRACE] EODHD fetchEodhdUsQuoteDelayed {"symbol":"TSLA.US"}
 GET /api/stocks/TSLA/extended-hours?exchange=NASDAQ&country=US&close=354.08 200 in 2.4s (next.js: 6ms, application-code: 2.4s)
[FINSEPA_PROVIDER_TRACE] EODHD fetchEodhdIntraday {"symbol":"TSLA.US"}
[eodhd intraday] raw provider row sample {
  sym: 'TSLA.US',
  interval: '1m',
  rowCount: 391,
  firstRow: {
    timestamp: 1788528600,
    gmtoffset: 0,
    datetime: '2026-09-04 13:30:00',
    open: 362.07,
    high: 364.68,
    low: 360.76,
    close: 363.5948,
    volume: 1338929
  }
}
[live-price] TSLA {
  price: 353.607,
  quotedAtSec: 1788552000,
  previousClose: null,
  session: 'pre'
}
 GET /api/stocks/TSLA/live-price 200 in 597ms (next.js: 4ms, application-code: 594ms)
[FINSEPA_PROVIDER_TRACE] EODHD fetchEodhdEodDaily {"symbol":"TSLA.US","closeMode":"adjusted"}
[FINSEPA_PROVIDER_TRACE] EODHD fetchEodhdUsQuoteDelayed {"symbol":"TSLA.US"}
 GET /api/stocks/TSLA/extended-hours?exchange=NASDAQ&country=US&close=354.08 200 in 1956ms (next.js: 4ms, application-code: 1952ms)
[FINSEPA_PROVIDER_TRACE] EODHD fetchEodhdIntraday {"symbol":"TSLA.US"}
[eodhd intraday] raw provider row sample {
  sym: 'TSLA.US',
  interval: '1m',
  rowCount: 391,
  firstRow: {
    timestamp: 1788528600,
    gmtoffset: 0,
    datetime: '2026-09-04 13:30:00',
    open: 362.07,
    high: 364.68,
    low: 360.76,
    close: 363.5948,
    volume: 1338929
  }
}
[live-price] TSLA {
  price: 353.607,
  quotedAtSec: 1788552000,
  previousClose: null,
  session: 'pre'
}
 GET /api/stocks/TSLA/live-price 200 in 504ms (next.js: 4ms, application-code: 500ms)
[FINSEPA_PROVIDER_TRACE] EODHD fetchEodhdEodDaily {"symbol":"TSLA.US","closeMode":"adjusted"}
[FINSEPA_PROVIDER_TRACE] EODHD fetchEodhdUsQuoteDelayed {"symbol":"TSLA.US"}
 GET /api/stocks/TSLA/extended-hours?exchange=NASDAQ&country=US&close=354.08 200 in 2.0s (next.js: 4ms, application-code: 2.0s)
[FINSEPA_PROVIDER_TRACE] EODHD fetchEodhdIntraday {"symbol":"TSLA.US"}
[eodhd intraday] raw provider row sample {
  sym: 'TSLA.US',
  interval: '1m',
  rowCount: 391,
  firstRow: {
    timestamp: 1788528600,
    gmtoffset: 0,
    datetime: '2026-09-04 13:30:00',
    open: 362.07,
    high: 364.68,
    low: 360.76,
    close: 363.5948,
    volume: 1338929
  }
}
[live-price] TSLA {
  price: 353.607,
  quotedAtSec: 1788552000,
  previousClose: null,
  session: 'pre'
}
 GET /api/stocks/TSLA/live-price 200 in 504ms (next.js: 4ms, application-code: 499ms)
[FINSEPA_PROVIDER_TRACE] EODHD fetchEodhdEodDaily {"symbol":"TSLA.US","closeMode":"adjusted"}
[FINSEPA_PROVIDER_TRACE] EODHD fetchEodhdUsQuoteDelayed {"symbol":"TSLA.US"}
 GET /api/notifications?count=1 200 in 156ms (next.js: 3ms, application-code: 153ms)
 GET /api/stocks/TSLA/extended-hours?exchange=NASDAQ&country=US&close=354.08 200 in 2.0s (next.js: 7ms, application-code: 2.0s)
 GET /api/notifications?count=1 200 in 123ms (next.js: 2ms, application-code: 121ms)
[FINSEPA_PROVIDER_TRACE] EODHD fetchEodhdIntraday {"symbol":"TSLA.US"}
[eodhd intraday] raw provider row sample {
  sym: 'TSLA.US',
  interval: '1m',
  rowCount: 391,
  firstRow: {
    timestamp: 1788528600,
    gmtoffset: 0,
    datetime: '2026-09-04 13:30:00',
    open: 362.07,
    high: 364.68,
    low: 360.76,
    close: 363.5948,
    volume: 1338929
  }
}
[live-price] TSLA {
  price: 353.607,
  quotedAtSec: 1788552000,
  previousClose: null,
  session: 'pre'
}
 GET /api/stocks/TSLA/live-price 200 in 484ms (next.js: 4ms, application-code: 480ms)
[FINSEPA_PROVIDER_TRACE] EODHD fetchEodhdEodDaily {"symbol":"TSLA.US","closeMode":"adjusted"}
[FINSEPA_PROVIDER_TRACE] EODHD fetchEodhdUsQuoteDelayed {"symbol":"TSLA.US"}
 GET /api/stocks/TSLA/extended-hours?exchange=NASDAQ&country=US&close=354.08 200 in 2.0s (next.js: 4ms, application-code: 2.0s)
[FINSEPA_PROVIDER_TRACE] EODHD fetchEodhdIntraday {"symbol":"TSLA.US"}
[eodhd intraday] raw provider row sample {
  sym: 'TSLA.US',
  interval: '1m',
  rowCount: 391,
  firstRow: {
    timestamp: 1788528600,
    gmtoffset: 0,
    datetime: '2026-09-04 13:30:00',
    open: 362.07,
    high: 364.68,
    low: 360.76,
    close: 363.5948,
    volume: 1338929
  }
}
[live-price] TSLA {
  price: 353.607,
  quotedAtSec: 1788552000,
  previousClose: null,
  session: 'pre'
}
 GET /api/stocks/TSLA/live-price 200 in 466ms (next.js: 4ms, application-code: 462ms)
[FINSEPA_PROVIDER_TRACE] EODHD fetchEodhdEodDaily {"symbol":"TSLA.US","closeMode":"adjusted"}
[FINSEPA_PROVIDER_TRACE] EODHD fetchEodhdUsQuoteDelayed {"symbol":"TSLA.US"}
 GET /api/stocks/TSLA/extended-hours?exchange=NASDAQ&country=US&close=354.08 200 in 2.0s (next.js: 5ms, application-code: 2.0s)
[FINSEPA_PROVIDER_TRACE] EODHD fetchEodhdIntraday {"symbol":"TSLA.US"}
[eodhd intraday] raw provider row sample {
  sym: 'TSLA.US',
  interval: '1m',
  rowCount: 391,
  firstRow: {
    timestamp: 1788528600,
    gmtoffset: 0,
    datetime: '2026-09-04 13:30:00',
    open: 362.07,
    high: 364.68,
    low: 360.76,
    close: 363.5948,
    volume: 1338929
  }
}
[live-price] TSLA {
  price: 353.607,
  quotedAtSec: 1788552000,
  previousClose: null,
  session: 'pre'
}
 GET /api/stocks/TSLA/live-price 200 in 451ms (next.js: 13ms, application-code: 438ms)
[FINSEPA_PROVIDER_TRACE] EODHD fetchEodhdEodDaily {"symbol":"TSLA.US","closeMode":"adjusted"}
  Reload env: .env.local
[FINSEPA_PROVIDER_TRACE] EODHD fetchEodhdUsQuoteDelayed {"symbol":"TSLA.US"}
[FINSEPA_PROVIDER_TRACE] EODHD fetchEodhdFundamentalsJsonUncached {"symbol":"TSLA.US"}
[FINSEPA_PROVIDER_TRACE] scope=/screener ssr market=stocks eodhd_http=0 byFn={}
 GET /api/stocks/TSLA/extended-hours?exchange=NASDAQ&country=US&close=354.08 200 in 2.4s (next.js: 9ms, application-code: 2.4s)
 GET /screener 200 in 1132ms (next.js: 627ms, proxy.ts: 250ms, application-code: 255ms)
 GET /api/notifications?count=1 200 in 332ms (next.js: 83ms, application-code: 248ms)
 GET /api/search/recent 200 in 206ms (next.js: 30ms, application-code: 175ms)
 GET /api/search/recent 200 in 1116ms (next.js: 6ms, application-code: 1111ms)
[FINSEPA_PROVIDER_TRACE] EODHD fetchEodhdIntraday {"symbol":"TSLA.US"}
 GET /api/superinvestor-follows 200 in 1238ms (next.js: 35ms, application-code: 1203ms)
 GET /api/watchlist 200 in 1089ms (next.js: 298ms, application-code: 791ms)
 GET /api/portfolio/workspace 200 in 1446ms (next.js: 97ms, application-code: 1349ms)
 GET /api/notifications?count=1 200 in 1142ms (next.js: 43ms, application-code: 1100ms)
 GET /api/portfolio/workspace 200 in 120ms (next.js: 1745µs, application-code: 119ms)
[FINSEPA_PROVIDER_TRACE] EODHD fetchEodhdRealtimeSymbolsRaw {"symbolsInRequest":14}
[eodhd intraday] raw provider row sample {
  sym: 'TSLA.US',
  interval: '1m',
  rowCount: 391,
  firstRow: {
    timestamp: 1788528600,
    gmtoffset: 0,
    datetime: '2026-09-04 13:30:00',
    open: 362.07,
    high: 364.68,
    low: 360.76,
    close: 363.5948,
    volume: 1338929
  }
}
[live-price] TSLA {
  price: 353.607,
  quotedAtSec: 1788552000,
  previousClose: null,
  session: 'pre'
}
 GET /api/stocks/TSLA/live-price 200 in 522ms (next.js: 83ms, application-code: 440ms)
[portfolio/workspace PUT] ledger warnings {
  userId: '52373158-0eff-48de-80ba-f9206ee0e52a',
  warnings: [
    {
      code: 'SELL_WITHOUT_POSITION',
      portfolioId: '6667854d-3cea-49f6-9aac-8a7340c82cb8',
      transactionId: '484eefe6-d749-45bf-9f2d-4a9006a26b62',
      message: 'Sell of AAL with no open position.',
      legacy: true
    },
    {
      code: 'SELL_WITHOUT_POSITION',
      portfolioId: '6667854d-3cea-49f6-9aac-8a7340c82cb8',
      transactionId: '6d6780cf-80b2-4b0d-a3ef-a5b13da610d6',
      message: 'Sell of WISH with no open position.',
      legacy: true
    },
    {
      code: 'SELL_WITHOUT_POSITION',
      portfolioId: '6667854d-3cea-49f6-9aac-8a7340c82cb8',
      transactionId: 'b3c3668a-1730-4300-bd49-255067fbb9c4',
      message: 'Sell of NNOX with no open position.',
      legacy: true
    },
    {
      code: 'SELL_EXCEEDS_AVAILABLE_SHARES',
      portfolioId: '6667854d-3cea-49f6-9aac-8a7340c82cb8',
      transactionId: '4120dc1a-c777-45f4-b033-802dda8bf9e1',
      message: 'Sell 2.195119 PEP exceeds available 2.',
      legacy: true
    }
  ],
  migrateReport: {
    sequenceReports: {
      '6667854d-3cea-49f6-9aac-8a7340c82cb8': [Object],
      '27085251-e3e2-4829-81ee-14004843637d': [Object],
      '6e1c8d68-72f3-4160-9874-6473edd2f7eb': [Object],
      'd972d6f7-1f89-492b-81cf-aaf5fba709f5': [Object],
      '1c9764f9-9feb-462d-8cbe-a61ade8b293c': [Object],
      'a8524493-d06d-4997-9949-ab2bb8e7258b': [Object],
      'e1d517c3-21d5-45d0-8125-fbbb5dbd23f4': [Object]
    },
    legacyTaggedByPortfolio: {},
    changed: false
  }
}
[FINSEPA_PROVIDER_TRACE] EODHD fetchEodhdEodDaily {"symbol":"TSLA.US","closeMode":"adjusted"}
 PUT /api/portfolio/workspace 200 in 345ms (next.js: 1909µs, application-code: 343ms)
[FINSEPA_PROVIDER_TRACE] EODHD fetchEodhdCryptoDailyBars {"symbol":"BTC-USD.CC"}
[FINSEPA_PROVIDER_TRACE] EODHD fetchEodhdCryptoDailyBars {"symbol":"ETH-USD.CC"}
 GET /stock/TSLA?tab=earnings 200 in 4.9s (next.js: 371ms, proxy.ts: 240ms, application-code: 4.3s)
 GET /api/stocks/TSLA/chart?range=1D&series=price 200 in 79ms (next.js: 69ms, application-code: 11ms)
[FINSEPA_PROVIDER_TRACE] EODHD fetchEodhdIntraday {"symbol":"TSLA.US"}
[eodhd intraday] raw provider row sample {
  sym: 'TSLA.US',
  interval: '1m',
  rowCount: 391,
  firstRow: {
    timestamp: 1788528600,
    gmtoffset: 0,
    datetime: '2026-09-04 13:30:00',
    open: 362.07,
    high: 364.68,
    low: 360.76,
    close: 363.5948,
    volume: 1338929
  }
}
[live-price] TSLA {
  price: 353.607,
  quotedAtSec: 1788552000,
  previousClose: null,
  session: 'pre'
}
 GET /api/stocks/TSLA/live-price 200 in 456ms (next.js: 3ms, application-code: 453ms)
 POST /api/portfolio/live-quotes 200 in 3.5s (next.js: 48ms, application-code: 3.5s)
 PUT /api/portfolios/listings 200 in 253ms (next.js: 69ms, application-code: 184ms)
 PUT /api/portfolios/listings 200 in 276ms (next.js: 65ms, application-code: 211ms)
[FINSEPA_PROVIDER_TRACE] EODHD fetchEodhdEodDaily {"symbol":"TSLA.US","closeMode":"adjusted"}
[FINSEPA_PROVIDER_TRACE] EODHD fetchEodhdUsQuoteDelayed {"symbol":"TSLA.US"}
 GET /api/stocks/TSLA/extended-hours?exchange=NASDAQ&country=US&close=354.08 200 in 2.0s (next.js: 52ms, application-code: 1952ms)
 GET /api/notifications?count=1 200 in 123ms (next.js: 1550µs, application-code: 122ms)
[FINSEPA_PROVIDER_TRACE] EODHD fetchEodhdIntraday {"symbol":"TSLA.US"}
[eodhd intraday] raw provider row sample {
  sym: 'TSLA.US',
  interval: '1m',
  rowCount: 391,
  firstRow: {
    timestamp: 1788528600,
    gmtoffset: 0,
    datetime: '2026-09-04 13:30:00',
    open: 362.07,
    high: 364.68,
    low: 360.76,
    close: 363.5948,
    volume: 1338929
  }
}
[live-price] TSLA {
  price: 353.607,
  quotedAtSec: 1788552000,
  previousClose: null,
  session: 'pre'
}
 GET /api/stocks/TSLA/live-price 200 in 1027ms (next.js: 4ms, application-code: 1023ms)
[FINSEPA_PROVIDER_TRACE] EODHD fetchEodhdRealtimeSymbolsRaw {"symbolsInRequest":10}
[FINSEPA_PROVIDER_TRACE] EODHD fetchEodhdEodDaily {"symbol":"TSLA.US","closeMode":"adjusted"}
[FINSEPA_PROVIDER_TRACE] EODHD fetchEodhdUsQuoteDelayed {"symbol":"TSLA.US"}
[FINSEPA_PROVIDER_TRACE] EODHD fetchEodhdCryptoDailyBars {"symbol":"BTC-USD.CC"}
[FINSEPA_PROVIDER_TRACE] EODHD fetchEodhdCryptoDailyBars {"symbol":"ETH-USD.CC"}
[FINSEPA_PROVIDER_TRACE] EODHD fetchEodhdCryptoDailyBars {"symbol":"SOL-USD.CC"}
 GET /api/stocks/TSLA/extended-hours?exchange=NASDAQ&country=US&close=354.08 200 in 2.0s (next.js: 4ms, application-code: 2.0s)
 POST /api/portfolio/live-quotes 200 in 3.6s (next.js: 2ms, application-code: 3.6s)
 PUT /api/portfolio/workspace 200 in 289ms (next.js: 2ms, application-code: 287ms)
[FINSEPA_PROVIDER_TRACE] EODHD fetchEodhdIntraday {"symbol":"TSLA.US"}
[eodhd intraday] raw provider row sample {
  sym: 'TSLA.US',
  interval: '1m',
  rowCount: 391,
  firstRow: {
    timestamp: 1788528600,
    gmtoffset: 0,
    datetime: '2026-09-04 13:30:00',
    open: 362.07,
    high: 364.68,
    low: 360.76,
    close: 363.5948,
    volume: 1338929
  }
}
[live-price] TSLA {
  price: 353.607,
  quotedAtSec: 1788552000,
  previousClose: null,
  session: 'pre'
}
 GET /api/stocks/TSLA/live-price 200 in 431ms (next.js: 4ms, application-code: 428ms)
[FINSEPA_PROVIDER_TRACE] EODHD fetchEodhdEodDaily {"symbol":"TSLA.US","closeMode":"adjusted"}
[FINSEPA_PROVIDER_TRACE] EODHD fetchEodhdUsQuoteDelayed {"symbol":"TSLA.US"}
 GET /api/stocks/TSLA/extended-hours?exchange=NASDAQ&country=US&close=354.08 200 in 2.1s (next.js: 14ms, application-code: 2.1s)
[FINSEPA_PROVIDER_TRACE] EODHD fetchEodhdIntraday {"symbol":"TSLA.US"}
[eodhd intraday] raw provider row sample {
  sym: 'TSLA.US',
  interval: '1m',
  rowCount: 391,
  firstRow: {
    timestamp: 1788528600,
    gmtoffset: 0,
    datetime: '2026-09-04 13:30:00',
    open: 362.07,
    high: 364.68,
    low: 360.76,
    close: 363.5948,
    volume: 1338929
  }
}
[live-price] TSLA {
  price: 353.607,
  quotedAtSec: 1788552000,
  previousClose: null,
  session: 'pre'
}
 GET /api/stocks/TSLA/live-price 200 in 1005ms (next.js: 4ms, application-code: 1000ms)
[FINSEPA_PROVIDER_TRACE] EODHD fetchEodhdEodDaily {"symbol":"TSLA.US","closeMode":"adjusted"}
[FINSEPA_PROVIDER_TRACE] EODHD fetchEodhdUsQuoteDelayed {"symbol":"TSLA.US"}
 GET /api/stocks/TSLA/extended-hours?exchange=NASDAQ&country=US&close=354.08 200 in 2.0s (next.js: 13ms, application-code: 2.0s)
 GET /api/notifications?count=1 200 in 123ms (next.js: 3ms, application-code: 120ms)
[FINSEPA_PROVIDER_TRACE] EODHD fetchEodhdIntraday {"symbol":"TSLA.US"}
[eodhd intraday] raw provider row sample {
  sym: 'TSLA.US',
  interval: '1m',
  rowCount: 391,
  firstRow: {
    timestamp: 1788528600,
    gmtoffset: 0,
    datetime: '2026-09-04 13:30:00',
    open: 362.07,
    high: 364.68,
    low: 360.76,
    close: 363.5948,
    volume: 1338929
  }
}
[live-price] TSLA {
  price: 353.607,
  quotedAtSec: 1788552000,
  previousClose: null,
  session: 'pre'
}
 GET /api/stocks/TSLA/live-price 200 in 1077ms (next.js: 4ms, application-code: 1073ms)
[FINSEPA_PROVIDER_TRACE] EODHD fetchEodhdEodDaily {"symbol":"TSLA.US","closeMode":"adjusted"}
[FINSEPA_PROVIDER_TRACE] EODHD fetchEodhdUsQuoteDelayed {"symbol":"TSLA.US"}
 GET /api/stocks/TSLA/extended-hours?exchange=NASDAQ&country=US&close=354.08 200 in 1989ms (next.js: 5ms, application-code: 1984ms)
 GET /api/notifications?count=1 200 in 99ms (next.js: 1976µs, application-code: 97ms)
[FINSEPA_PROVIDER_TRACE] EODHD fetchEodhdIntraday {"symbol":"TSLA.US"}
[eodhd intraday] raw provider row sample {
  sym: 'TSLA.US',
  interval: '1m',
  rowCount: 391,
  firstRow: {
    timestamp: 1788528600,
    gmtoffset: 0,
    datetime: '2026-09-04 13:30:00',
    open: 362.07,
    high: 364.68,
    low: 360.76,
    close: 363.5948,
    volume: 1338929
  }
}
[live-price] TSLA {
  price: 353.607,
  quotedAtSec: 1788552000,
  previousClose: null,
  session: 'pre'
}
 GET /api/stocks/TSLA/live-price 200 in 1024ms (next.js: 4ms, application-code: 1020ms)
[FINSEPA_PROVIDER_TRACE] EODHD fetchEodhdEodDaily {"symbol":"TSLA.US","closeMode":"adjusted"}
[FINSEPA_PROVIDER_TRACE] EODHD fetchEodhdUsQuoteDelayed {"symbol":"TSLA.US"}
 GET /api/stocks/TSLA/extended-hours?exchange=NASDAQ&country=US&close=354.08 200 in 2.0s (next.js: 4ms, application-code: 2.0s)
[FINSEPA_PROVIDER_TRACE] EODHD fetchEodhdIntraday {"symbol":"TSLA.US"}
[eodhd intraday] raw provider row sample {
  sym: 'TSLA.US',
  interval: '1m',
  rowCount: 391,
  firstRow: {
    timestamp: 1788528600,
    gmtoffset: 0,
    datetime: '2026-09-04 13:30:00',
    open: 362.07,
    high: 364.68,
    low: 360.76,
    close: 363.5948,
    volume: 1338929
  }
}
[live-price] TSLA {
  price: 353.607,
  quotedAtSec: 1788552000,
  previousClose: null,
  session: 'pre'
}
 GET /api/stocks/TSLA/live-price 200 in 1127ms (next.js: 4ms, application-code: 1123ms)
[FINSEPA_PROVIDER_TRACE] EODHD fetchEodhdEodDaily {"symbol":"TSLA.US","closeMode":"adjusted"}
[FINSEPA_PROVIDER_TRACE] EODHD fetchEodhdUsQuoteDelayed {"symbol":"TSLA.US"}
 GET /api/stocks/TSLA/extended-hours?exchange=NASDAQ&country=US&close=354.08 200 in 1988ms (next.js: 4ms, application-code: 1984ms)
[FINSEPA_PROVIDER_TRACE] EODHD fetchEodhdIntraday {"symbol":"TSLA.US"}
[eodhd intraday] raw provider row sample {
  sym: 'TSLA.US',
  interval: '1m',
  rowCount: 391,
  firstRow: {
    timestamp: 1788528600,
    gmtoffset: 0,
    datetime: '2026-09-04 13:30:00',
    open: 362.07,
    high: 364.68,
    low: 360.76,
    close: 363.5948,
    volume: 1338929
  }
}
[live-price] TSLA {
  price: 353.607,
  quotedAtSec: 1788552000,
  previousClose: null,
  session: 'pre'
}
 GET /api/stocks/TSLA/live-price 200 in 991ms (next.js: 3ms, application-code: 988ms)
[FINSEPA_PROVIDER_TRACE] EODHD fetchEodhdEodDaily {"symbol":"TSLA.US","closeMode":"adjusted"}
[FINSEPA_PROVIDER_TRACE] EODHD fetchEodhdUsQuoteDelayed {"symbol":"TSLA.US"}
 GET /api/stocks/TSLA/extended-hours?exchange=NASDAQ&country=US&close=354.08 200 in 2.2s (next.js: 5ms, application-code: 2.2s)
 GET /api/notifications?count=1 200 in 421ms (next.js: 2ms, application-code: 419ms)
[FINSEPA_PROVIDER_TRACE] EODHD fetchEodhdIntraday {"symbol":"TSLA.US"}
[eodhd intraday] raw provider row sample {
  sym: 'TSLA.US',
  interval: '1m',
  rowCount: 391,
  firstRow: {
    timestamp: 1788528600,
    gmtoffset: 0,
    datetime: '2026-09-04 13:30:00',
    open: 362.07,
    high: 364.68,
    low: 360.76,
    close: 363.5948,
    volume: 1338929
  }
}
[live-price] TSLA {
  price: 353.607,
  quotedAtSec: 1788552000,
  previousClose: null,
  session: 'pre'
}
 GET /api/stocks/TSLA/live-price 200 in 1149ms (next.js: 23ms, application-code: 1126ms)
[FINSEPA_PROVIDER_TRACE] EODHD fetchEodhdEodDaily {"symbol":"TSLA.US","closeMode":"adjusted"}
[FINSEPA_PROVIDER_TRACE] EODHD fetchEodhdUsQuoteDelayed {"symbol":"TSLA.US"}
 GET /api/stocks/TSLA/extended-hours?exchange=NASDAQ&country=US&close=354.08 200 in 1972ms (next.js: 4ms, application-code: 1968ms)
 GET /api/notifications?count=1 200 in 130ms (next.js: 3ms, application-code: 127ms)
[FINSEPA_PROVIDER_TRACE] EODHD fetchEodhdIntraday {"symbol":"TSLA.US"}
[eodhd intraday] raw provider row sample {
  sym: 'TSLA.US',
  interval: '1m',
  rowCount: 391,
  firstRow: {
    timestamp: 1788528600,
    gmtoffset: 0,
    datetime: '2026-09-04 13:30:00',
    open: 362.07,
    high: 364.68,
    low: 360.76,
    close: 363.5948,
    volume: 1338929
  }
}
[live-price] TSLA {
  price: 353.607,
  quotedAtSec: 1788552000,
  previousClose: null,
  session: 'pre'
}
 GET /api/stocks/TSLA/live-price 200 in 1083ms (next.js: 3ms, application-code: 1080ms)
[FINSEPA_PROVIDER_TRACE] EODHD fetchEodhdEodDaily {"symbol":"TSLA.US","closeMode":"adjusted"}
[FINSEPA_PROVIDER_TRACE] EODHD fetchEodhdUsQuoteDelayed {"symbol":"TSLA.US"}
 GET /api/stocks/TSLA/extended-hours?exchange=NASDAQ&country=US&close=354.08 200 in 2.6s (next.js: 6ms, application-code: 2.6s)
[FINSEPA_PROVIDER_TRACE] EODHD fetchEodhdIntraday {"symbol":"TSLA.US"}
[eodhd intraday] raw provider row sample {
  sym: 'TSLA.US',
  interval: '1m',
  rowCount: 391,
  firstRow: {
    timestamp: 1788528600,
    gmtoffset: 0,
    datetime: '2026-09-04 13:30:00',
    open: 362.07,
    high: 364.68,
    low: 360.76,
    close: 363.5948,
    volume: 1338929
  }
}
[live-price] TSLA {
  price: 353.607,
  quotedAtSec: 1788552000,
  previousClose: null,
  session: 'pre'
}
 GET /api/stocks/TSLA/live-price 200 in 480ms (next.js: 7ms, application-code: 473ms)
[FINSEPA_PROVIDER_TRACE] EODHD fetchEodhdEodDaily {"symbol":"TSLA.US","closeMode":"adjusted"}
[FINSEPA_PROVIDER_TRACE] EODHD fetchEodhdUsQuoteDelayed {"symbol":"TSLA.US"}
 GET /api/stocks/TSLA/extended-hours?exchange=NASDAQ&country=US&close=354.08 200 in 3.1s (next.js: 4ms, application-code: 3.1s)
[FINSEPA_PROVIDER_TRACE] EODHD fetchEodhdIntraday {"symbol":"TSLA.US"}
[eodhd intraday] raw provider row sample {
  sym: 'TSLA.US',
  interval: '1m',
  rowCount: 391,
  firstRow: {
    timestamp: 1788528600,
    gmtoffset: 0,
    datetime: '2026-09-04 13:30:00',
    open: 362.07,
    high: 364.68,
    low: 360.76,
    close: 363.5948,
    volume: 1338929
  }
}
[live-price] TSLA {
  price: 353.607,
  quotedAtSec: 1788552000,
  previousClose: null,
  session: 'pre'
}
 GET /api/stocks/TSLA/live-price 200 in 435ms (next.js: 5ms, application-code: 430ms)
[FINSEPA_PROVIDER_TRACE] EODHD fetchEodhdEodDaily {"symbol":"TSLA.US","closeMode":"adjusted"}
[FINSEPA_PROVIDER_TRACE] EODHD fetchEodhdUsQuoteDelayed {"symbol":"TSLA.US"}
 GET /api/notifications?count=1 200 in 117ms (next.js: 1925µs, application-code: 115ms)
 GET /api/stocks/TSLA/extended-hours?exchange=NASDAQ&country=US&close=354.08 200 in 3.0s (next.js: 4ms, application-code: 3.0s)
[FINSEPA_PROVIDER_TRACE] EODHD fetchEodhdRealtimeSymbolsRaw {"symbolsInRequest":10}
 POST /api/portfolio/live-quotes 200 in 1780ms (next.js: 2ms, application-code: 1778ms)
[FINSEPA_PROVIDER_TRACE] EODHD fetchEodhdIntraday {"symbol":"TSLA.US"}
[FINSEPA_PROVIDER_TRACE] EODHD fetchEodhdRealtimeSymbolsRaw {"symbolsInRequest":14}
[portfolio/workspace PUT] ledger warnings {
  userId: '52373158-0eff-48de-80ba-f9206ee0e52a',
  warnings: [
    {
      code: 'SELL_WITHOUT_POSITION',
      portfolioId: '6667854d-3cea-49f6-9aac-8a7340c82cb8',
      transactionId: '484eefe6-d749-45bf-9f2d-4a9006a26b62',
      message: 'Sell of AAL with no open position.',
      legacy: true
    },
    {
      code: 'SELL_WITHOUT_POSITION',
      portfolioId: '6667854d-3cea-49f6-9aac-8a7340c82cb8',
      transactionId: '6d6780cf-80b2-4b0d-a3ef-a5b13da610d6',
      message: 'Sell of WISH with no open position.',
      legacy: true
    },
    {
      code: 'SELL_WITHOUT_POSITION',
      portfolioId: '6667854d-3cea-49f6-9aac-8a7340c82cb8',
      transactionId: 'b3c3668a-1730-4300-bd49-255067fbb9c4',
      message: 'Sell of NNOX with no open position.',
      legacy: true
    },
    {
      code: 'SELL_EXCEEDS_AVAILABLE_SHARES',
      portfolioId: '6667854d-3cea-49f6-9aac-8a7340c82cb8',
      transactionId: '4120dc1a-c777-45f4-b033-802dda8bf9e1',
      message: 'Sell 2.195119 PEP exceeds available 2.',
      legacy: true
    }
  ],
  migrateReport: {
    sequenceReports: {
      '6667854d-3cea-49f6-9aac-8a7340c82cb8': [Object],
      '27085251-e3e2-4829-81ee-14004843637d': [Object],
      '6e1c8d68-72f3-4160-9874-6473edd2f7eb': [Object],
      'd972d6f7-1f89-492b-81cf-aaf5fba709f5': [Object],
      '1c9764f9-9feb-462d-8cbe-a61ade8b293c': [Object],
      'a8524493-d06d-4997-9949-ab2bb8e7258b': [Object],
      'e1d517c3-21d5-45d0-8125-fbbb5dbd23f4': [Object]
    },
    legacyTaggedByPortfolio: {},
    changed: false
  }
}
[eodhd intraday] raw provider row sample {
  sym: 'TSLA.US',
  interval: '1m',
  rowCount: 391,
  firstRow: {
    timestamp: 1788528600,
    gmtoffset: 0,
    datetime: '2026-09-04 13:30:00',
    open: 362.07,
    high: 364.68,
    low: 360.76,
    close: 363.5948,
    volume: 1338929
  }
}
[live-price] TSLA {
  price: 353.607,
  quotedAtSec: 1788552000,
  previousClose: null,
  session: 'pre'
}
 GET /api/stocks/TSLA/live-price 200 in 446ms (next.js: 4ms, application-code: 442ms)
 PUT /api/portfolio/workspace 200 in 363ms (next.js: 1607µs, application-code: 361ms)
[FINSEPA_PROVIDER_TRACE] EODHD fetchEodhdCryptoDailyBars {"symbol":"BTC-USD.CC"}
[FINSEPA_PROVIDER_TRACE] EODHD fetchEodhdCryptoDailyBars {"symbol":"ETH-USD.CC"}
 POST /api/portfolio/live-quotes 200 in 4.2s (next.js: 1381µs, application-code: 4.2s)
 PUT /api/portfolios/listings 200 in 142ms (next.js: 1752µs, application-code: 140ms)
[FINSEPA_PROVIDER_TRACE] EODHD fetchEodhdEodDaily {"symbol":"TSLA.US","closeMode":"adjusted"}
 GET /api/notifications?count=1 200 in 113ms (next.js: 1768µs, application-code: 111ms)
[FINSEPA_PROVIDER_TRACE] EODHD fetchEodhdUsQuoteDelayed {"symbol":"TSLA.US"}
 GET /api/stocks/TSLA/extended-hours?exchange=NASDAQ&country=US&close=354.08 200 in 3.0s (next.js: 3ms, application-code: 3.0s)
[FINSEPA_PROVIDER_TRACE] EODHD fetchEodhdIntraday {"symbol":"TSLA.US"}
[eodhd intraday] raw provider row sample {
  sym: 'TSLA.US',
  interval: '1m',
  rowCount: 391,
  firstRow: {
    timestamp: 1788528600,
    gmtoffset: 0,
    datetime: '2026-09-04 13:30:00',
    open: 362.07,
    high: 364.68,
    low: 360.76,
    close: 363.5948,
    volume: 1338929
  }
}
[live-price] TSLA {
  price: 353.607,
  quotedAtSec: 1788552000,
  previousClose: null,
  session: 'pre'
}
 GET /api/stocks/TSLA/live-price 200 in 488ms (next.js: 3ms, application-code: 484ms)
[FINSEPA_PROVIDER_TRACE] EODHD fetchEodhdEodDaily {"symbol":"TSLA.US","closeMode":"adjusted"}
[FINSEPA_PROVIDER_TRACE] EODHD fetchEodhdUsQuoteDelayed {"symbol":"TSLA.US"}
 GET /api/stocks/TSLA/extended-hours?exchange=NASDAQ&country=US&close=354.08 200 in 3.1s (next.js: 6ms, application-code: 3.1s)
[FINSEPA_PROVIDER_TRACE] EODHD fetchEodhdRealtimeSymbolsRaw {"symbolsInRequest":10}
[FINSEPA_PROVIDER_TRACE] EODHD fetchEodhdCryptoDailyBars {"symbol":"BTC-USD.CC"}
[FINSEPA_PROVIDER_TRACE] EODHD fetchEodhdCryptoDailyBars {"symbol":"ETH-USD.CC"}
[FINSEPA_PROVIDER_TRACE] EODHD fetchEodhdCryptoDailyBars {"symbol":"SOL-USD.CC"}
[FINSEPA_PROVIDER_TRACE] EODHD fetchEodhdIntraday {"symbol":"TSLA.US"}
[eodhd intraday] raw provider row sample {
  sym: 'TSLA.US',
  interval: '1m',
  rowCount: 391,
  firstRow: {
    timestamp: 1788528600,
    gmtoffset: 0,
    datetime: '2026-09-04 13:30:00',
    open: 362.07,
    high: 364.68,
    low: 360.76,
    close: 363.5948,
    volume: 1338929
  }
}
[live-price] TSLA {
  price: 353.607,
  quotedAtSec: 1788552000,
  previousClose: null,
  session: 'pre'
}
 GET /api/stocks/TSLA/live-price 200 in 1051ms (next.js: 3ms, application-code: 1048ms)
 POST /api/portfolio/live-quotes 200 in 4.2s (next.js: 3ms, application-code: 4.2s)
 PUT /api/portfolio/workspace 200 in 281ms (next.js: 3ms, application-code: 277ms)
[FINSEPA_PROVIDER_TRACE] EODHD fetchEodhdEodDaily {"symbol":"TSLA.US","closeMode":"adjusted"}
[FINSEPA_PROVIDER_TRACE] EODHD fetchEodhdUsQuoteDelayed {"symbol":"TSLA.US"}
 GET /api/stocks/TSLA/extended-hours?exchange=NASDAQ&country=US&close=354.08 200 in 3.0s (next.js: 3ms, application-code: 3.0s)
[FINSEPA_PROVIDER_TRACE] EODHD fetchEodhdIntraday {"symbol":"TSLA.US"}
[eodhd intraday] raw provider row sample {
  sym: 'TSLA.US',
  interval: '1m',
  rowCount: 391,
  firstRow: {
    timestamp: 1788528600,
    gmtoffset: 0,
    datetime: '2026-09-04 13:30:00',
    open: 362.07,
    high: 364.68,
    low: 360.76,
    close: 363.5948,
    volume: 1338929
  }
}
[live-price] TSLA {
  price: 353.607,
  quotedAtSec: 1788552000,
  previousClose: null,
  session: 'pre'
}
 GET /api/stocks/TSLA/live-price 200 in 420ms (next.js: 3ms, application-code: 417ms)
[FINSEPA_PROVIDER_TRACE] EODHD fetchEodhdEodDaily {"symbol":"TSLA.US","closeMode":"adjusted"}
[FINSEPA_PROVIDER_TRACE] EODHD fetchEodhdUsQuoteDelayed {"symbol":"TSLA.US"}
 GET /api/notifications?count=1 200 in 96ms (next.js: 1815µs, application-code: 94ms)
 GET /api/stocks/TSLA/extended-hours?exchange=NASDAQ&country=US&close=354.08 200 in 3.0s (next.js: 4ms, application-code: 3.0s)
[FINSEPA_PROVIDER_TRACE] EODHD fetchEodhdIntraday {"symbol":"TSLA.US"}
[eodhd intraday] raw provider row sample {
  sym: 'TSLA.US',
  interval: '1m',
  rowCount: 391,
  firstRow: {
    timestamp: 1788528600,
    gmtoffset: 0,
    datetime: '2026-09-04 13:30:00',
    open: 362.07,
    high: 364.68,
    low: 360.76,
    close: 363.5948,
    volume: 1338929
  }
}
[live-price] TSLA {
  price: 353.607,
  quotedAtSec: 1788552000,
  previousClose: null,
  session: 'pre'
}
 GET /api/stocks/TSLA/live-price 200 in 423ms (next.js: 4ms, application-code: 419ms)
[FINSEPA_PROVIDER_TRACE] EODHD fetchEodhdEodDaily {"symbol":"TSLA.US","closeMode":"adjusted"}
 GET /api/notifications?count=1 200 in 119ms (next.js: 1888µs, application-code: 117ms)
[FINSEPA_PROVIDER_TRACE] EODHD fetchEodhdUsQuoteDelayed {"symbol":"TSLA.US"}
 GET /api/stocks/TSLA/extended-hours?exchange=NASDAQ&country=US&close=354.08 200 in 3.1s (next.js: 5ms, application-code: 3.1s)
[FINSEPA_PROVIDER_TRACE] EODHD fetchEodhdIntraday {"symbol":"TSLA.US"}
[eodhd intraday] raw provider row sample {
  sym: 'TSLA.US',
  interval: '1m',
  rowCount: 391,
  firstRow: {
    timestamp: 1788528600,
    gmtoffset: 0,
    datetime: '2026-09-04 13:30:00',
    open: 362.07,
    high: 364.68,
    low: 360.76,
    close: 363.5948,
    volume: 1338929
  }
}
[live-price] TSLA {
  price: 353.607,
  quotedAtSec: 1788552000,
  previousClose: null,
  session: 'pre'
}
 GET /api/stocks/TSLA/live-price 200 in 432ms (next.js: 3ms, application-code: 428ms)
[FINSEPA_PROVIDER_TRACE] EODHD fetchEodhdEodDaily {"symbol":"TSLA.US","closeMode":"adjusted"}
[FINSEPA_PROVIDER_TRACE] EODHD fetchEodhdUsQuoteDelayed {"symbol":"TSLA.US"}
 GET /api/stocks/TSLA/extended-hours?exchange=NASDAQ&country=US&close=354.08 200 in 2.8s (next.js: 6ms, application-code: 2.8s)
[FINSEPA_PROVIDER_TRACE] EODHD fetchEodhdIntraday {"symbol":"TSLA.US"}
[eodhd intraday] raw provider row sample {
  sym: 'TSLA.US',
  interval: '1m',
  rowCount: 391,
  firstRow: {
    timestamp: 1788528600,
    gmtoffset: 0,
    datetime: '2026-09-04 13:30:00',
    open: 362.07,
    high: 364.68,
    low: 360.76,
    close: 363.5948,
    volume: 1338929
  }
}
[live-price] TSLA {
  price: 353.607,
  quotedAtSec: 1788552000,
  previousClose: null,
  session: 'pre'
}
 GET /api/stocks/TSLA/live-price 200 in 459ms (next.js: 4ms, application-code: 456ms)
[FINSEPA_PROVIDER_TRACE] EODHD fetchEodhdEodDaily {"symbol":"TSLA.US","closeMode":"adjusted"}
[FINSEPA_PROVIDER_TRACE] EODHD fetchEodhdUsQuoteDelayed {"symbol":"TSLA.US"}
 GET /api/stocks/TSLA/extended-hours?exchange=NASDAQ&country=US&close=354.08 200 in 3.1s (next.js: 205ms, application-code: 2.9s)
[FINSEPA_PROVIDER_TRACE] EODHD fetchEodhdIntraday {"symbol":"TSLA.US"}
[eodhd intraday] raw provider row sample {
  sym: 'TSLA.US',
  interval: '1m',
  rowCount: 391,
  firstRow: {
    timestamp: 1788528600,
    gmtoffset: 0,
    datetime: '2026-09-04 13:30:00',
    open: 362.07,
    high: 364.68,
    low: 360.76,
    close: 363.5948,
    volume: 1338929
  }
}
[live-price] TSLA {
  price: 353.607,
  quotedAtSec: 1788552000,
  previousClose: null,
  session: 'pre'
}
 GET /api/stocks/TSLA/live-price 200 in 436ms (next.js: 5ms, application-code: 431ms)
[FINSEPA_PROVIDER_TRACE] EODHD fetchEodhdEodDaily {"symbol":"TSLA.US","closeMode":"adjusted"}
[FINSEPA_PROVIDER_TRACE] EODHD fetchEodhdUsQuoteDelayed {"symbol":"TSLA.US"}
 GET /api/notifications?count=1 200 in 121ms (next.js: 3ms, application-code: 118ms)
 GET /api/stocks/TSLA/extended-hours?exchange=NASDAQ&country=US&close=354.08 200 in 3.1s (next.js: 17ms, application-code: 3.1s)
[FINSEPA_PROVIDER_TRACE] EODHD fetchEodhdIntraday {"symbol":"TSLA.US"}
[eodhd intraday] raw provider row sample {
  sym: 'TSLA.US',
  interval: '1m',
  rowCount: 391,
  firstRow: {
    timestamp: 1788528600,
    gmtoffset: 0,
    datetime: '2026-09-04 13:30:00',
    open: 362.07,
    high: 364.68,
    low: 360.76,
    close: 363.5948,
    volume: 1338929
  }
}
[live-price] TSLA {
  price: 353.607,
  quotedAtSec: 1788552000,
  previousClose: null,
  session: 'pre'
}
 GET /api/stocks/TSLA/live-price 200 in 454ms (next.js: 4ms, application-code: 449ms)
[FINSEPA_PROVIDER_TRACE] EODHD fetchEodhdEodDaily {"symbol":"TSLA.US","closeMode":"adjusted"}
 GET /api/notifications?count=1 200 in 116ms (next.js: 2ms, application-code: 114ms)
[FINSEPA_PROVIDER_TRACE] EODHD fetchEodhdUsQuoteDelayed {"symbol":"TSLA.US"}
 GET /api/stocks/TSLA/extended-hours?exchange=NASDAQ&country=US&close=354.08 200 in 3.0s (next.js: 4ms, application-code: 3.0s)
[FINSEPA_PROVIDER_TRACE] EODHD fetchEodhdIntraday {"symbol":"TSLA.US"}
[eodhd intraday] raw provider row sample {
  sym: 'TSLA.US',
  interval: '1m',
  rowCount: 391,
  firstRow: {
    timestamp: 1788528600,
    gmtoffset: 0,
    datetime: '2026-09-04 13:30:00',
    open: 362.07,
    high: 364.68,
    low: 360.76,
    close: 363.5948,
    volume: 1338929
  }
}
[live-price] TSLA {
  price: 353.607,
  quotedAtSec: 1788552000,
  previousClose: null,
  session: 'pre'
}
 GET /api/stocks/TSLA/live-price 200 in 545ms (next.js: 32ms, application-code: 513ms)
[FINSEPA_PROVIDER_TRACE] EODHD fetchEodhdEodDaily {"symbol":"TSLA.US","closeMode":"adjusted"}
[FINSEPA_PROVIDER_TRACE] EODHD fetchEodhdIntraday {"symbol":"TSLA.US"}
 GET /api/watchlist 200 in 214ms (next.js: 5ms, application-code: 209ms)
 GET /api/watchlist 200 in 185ms (next.js: 3ms, application-code: 182ms)
[eodhd intraday] raw provider row sample {
  sym: 'TSLA.US',
  interval: '1m',
  rowCount: 391,
  firstRow: {
    timestamp: 1788528600,
    gmtoffset: 0,
    datetime: '2026-09-04 13:30:00',
    open: 362.07,
    high: 364.68,
    low: 360.76,
    close: 363.5948,
    volume: 1338929
  }
}
[live-price] TSLA {
  price: 353.607,
  quotedAtSec: 1788552000,
  previousClose: null,
  session: 'pre'
}
 GET /api/stocks/TSLA/live-price 200 in 1002ms (next.js: 9ms, application-code: 993ms)
[FINSEPA_PROVIDER_TRACE] EODHD fetchEodhdUsQuoteDelayed {"symbol":"TSLA.US"}
 GET /api/stocks/TSLA/extended-hours?exchange=NASDAQ&country=US&close=354.08 200 in 3.1s (next.js: 12ms, application-code: 3.0s)
[FINSEPA_PROVIDER_TRACE] EODHD fetchEodhdEodDaily {"symbol":"TSLA.US","closeMode":"adjusted"}
[FINSEPA_PROVIDER_TRACE] EODHD fetchEodhdUsQuoteDelayed {"symbol":"TSLA.US"}
 GET /api/stocks/TSLA/extended-hours?exchange=NASDAQ&country=US&close=354.08 200 in 1936ms (next.js: 4ms, application-code: 1933ms)
[FINSEPA_PROVIDER_TRACE] EODHD fetchEodhdIntraday {"symbol":"TSLA.US"}
[eodhd intraday] raw provider row sample {
  sym: 'TSLA.US',
  interval: '1m',
  rowCount: 391,
  firstRow: {
    timestamp: 1788528600,
    gmtoffset: 0,
    datetime: '2026-09-04 13:30:00',
    open: 362.07,
    high: 364.68,
    low: 360.76,
    close: 363.5948,
    volume: 1338929
  }
}
[live-price] TSLA {
  price: 353.607,
  quotedAtSec: 1788552000,
  previousClose: null,
  session: 'pre'
}
 GET /api/stocks/TSLA/live-price 200 in 968ms (next.js: 12ms, application-code: 956ms)
[FINSEPA_PROVIDER_TRACE] EODHD fetchEodhdEodDaily {"symbol":"TSLA.US","closeMode":"adjusted"}
[FINSEPA_PROVIDER_TRACE] EODHD fetchEodhdUsQuoteDelayed {"symbol":"TSLA.US"}
 GET /api/stocks/TSLA/extended-hours?exchange=NASDAQ&country=US&close=354.08 200 in 3.7s (next.js: 3ms, application-code: 3.7s)
[FINSEPA_PROVIDER_TRACE] EODHD fetchEodhdIntraday {"symbol":"TSLA.US"}
[eodhd intraday] raw provider row sample {
  sym: 'TSLA.US',
  interval: '1m',
  rowCount: 391,
  firstRow: {
    timestamp: 1788528600,
    gmtoffset: 0,
    datetime: '2026-09-04 13:30:00',
    open: 362.07,
    high: 364.68,
    low: 360.76,
    close: 363.5948,
    volume: 1338929
  }
}
[live-price] TSLA {
  price: 353.607,
  quotedAtSec: 1788552000,
  previousClose: null,
  session: 'pre'
}
 GET /api/stocks/TSLA/live-price 200 in 445ms (next.js: 15ms, application-code: 430ms)
[FINSEPA_PROVIDER_TRACE] EODHD fetchEodhdEodDaily {"symbol":"TSLA.US","closeMode":"adjusted"}
[FINSEPA_PROVIDER_TRACE] EODHD fetchEodhdUsQuoteDelayed {"symbol":"TSLA.US"}
 GET /api/stocks/TSLA/extended-hours?exchange=NASDAQ&country=US&close=354.08 200 in 2.5s (next.js: 5ms, application-code: 2.5s)
 GET /api/notifications?count=1 200 in 137ms (next.js: 2ms, application-code: 135ms)
[FINSEPA_PROVIDER_TRACE] EODHD fetchEodhdRealtimeSymbolsRaw {"symbolsInRequest":10}
[FINSEPA_PROVIDER_TRACE] EODHD fetchEodhdIntraday {"symbol":"TSLA.US"}
[eodhd intraday] raw provider row sample {
  sym: 'TSLA.US',
  interval: '1m',
  rowCount: 391,
  firstRow: {
    timestamp: 1788528600,
    gmtoffset: 0,
    datetime: '2026-09-04 13:30:00',
    open: 362.07,
    high: 364.68,
    low: 360.76,
    close: 363.5948,
    volume: 1338929
  }
}
[live-price] TSLA {
  price: 353.607,
  quotedAtSec: 1788552000,
  previousClose: null,
  session: 'pre'
}
 GET /api/stocks/TSLA/live-price 200 in 1079ms (next.js: 5ms, application-code: 1074ms)
 POST /api/portfolio/live-quotes 200 in 1452ms (next.js: 3ms, application-code: 1449ms)
[FINSEPA_PROVIDER_TRACE] EODHD fetchEodhdRealtimeSymbolsRaw {"symbolsInRequest":14}
[portfolio/workspace PUT] ledger warnings {
  userId: '52373158-0eff-48de-80ba-f9206ee0e52a',
  warnings: [
    {
      code: 'SELL_WITHOUT_POSITION',
      portfolioId: '6667854d-3cea-49f6-9aac-8a7340c82cb8',
      transactionId: '484eefe6-d749-45bf-9f2d-4a9006a26b62',
      message: 'Sell of AAL with no open position.',
      legacy: true
    },
    {
      code: 'SELL_WITHOUT_POSITION',
      portfolioId: '6667854d-3cea-49f6-9aac-8a7340c82cb8',
      transactionId: '6d6780cf-80b2-4b0d-a3ef-a5b13da610d6',
      message: 'Sell of WISH with no open position.',
      legacy: true
    },
    {
      code: 'SELL_WITHOUT_POSITION',
      portfolioId: '6667854d-3cea-49f6-9aac-8a7340c82cb8',
      transactionId: 'b3c3668a-1730-4300-bd49-255067fbb9c4',
      message: 'Sell of NNOX with no open position.',
      legacy: true
    },
    {
      code: 'SELL_EXCEEDS_AVAILABLE_SHARES',
      portfolioId: '6667854d-3cea-49f6-9aac-8a7340c82cb8',
      transactionId: '4120dc1a-c777-45f4-b033-802dda8bf9e1',
      message: 'Sell 2.195119 PEP exceeds available 2.',
      legacy: true
    }
  ],
  migrateReport: {
    sequenceReports: {
      '6667854d-3cea-49f6-9aac-8a7340c82cb8': [Object],
      '27085251-e3e2-4829-81ee-14004843637d': [Object],
      '6e1c8d68-72f3-4160-9874-6473edd2f7eb': [Object],
      'd972d6f7-1f89-492b-81cf-aaf5fba709f5': [Object],
      '1c9764f9-9feb-462d-8cbe-a61ade8b293c': [Object],
      'a8524493-d06d-4997-9949-ab2bb8e7258b': [Object],
      'e1d517c3-21d5-45d0-8125-fbbb5dbd23f4': [Object]
    },
    legacyTaggedByPortfolio: {},
    changed: false
  }
}
 PUT /api/portfolio/workspace 200 in 401ms (next.js: 8ms, application-code: 393ms)
[FINSEPA_PROVIDER_TRACE] EODHD fetchEodhdCryptoDailyBars {"symbol":"BTC-USD.CC"}
[FINSEPA_PROVIDER_TRACE] EODHD fetchEodhdCryptoDailyBars {"symbol":"ETH-USD.CC"}
 POST /api/portfolio/live-quotes 200 in 3.0s (next.js: 1589µs, application-code: 3.0s)
 PUT /api/portfolios/listings 200 in 198ms (next.js: 3ms, application-code: 196ms)
[FINSEPA_PROVIDER_TRACE] EODHD fetchEodhdEodDaily {"symbol":"TSLA.US","closeMode":"adjusted"}
[FINSEPA_PROVIDER_TRACE] EODHD fetchEodhdUsQuoteDelayed {"symbol":"TSLA.US"}
 GET /api/notifications?count=1 200 in 149ms (next.js: 3ms, application-code: 146ms)
 GET /api/stocks/TSLA/extended-hours?exchange=NASDAQ&country=US&close=354.08 200 in 3.1s (next.js: 7ms, application-code: 3.1s)
[FINSEPA_PROVIDER_TRACE] EODHD fetchEodhdIntraday {"symbol":"TSLA.US"}
[eodhd intraday] raw provider row sample {
  sym: 'TSLA.US',
  interval: '1m',
  rowCount: 391,
  firstRow: {
    timestamp: 1788528600,
    gmtoffset: 0,
    datetime: '2026-09-04 13:30:00',
    open: 362.07,
    high: 364.68,
    low: 360.76,
    close: 363.5948,
    volume: 1338929
  }
}
[live-price] TSLA {
  price: 353.607,
  quotedAtSec: 1788552000,
  previousClose: null,
  session: 'pre'
}
 GET /api/stocks/TSLA/live-price 200 in 440ms (next.js: 9ms, application-code: 431ms)
[FINSEPA_PROVIDER_TRACE] EODHD fetchEodhdEodDaily {"symbol":"TSLA.US","closeMode":"adjusted"}
[FINSEPA_PROVIDER_TRACE] EODHD fetchEodhdUsQuoteDelayed {"symbol":"TSLA.US"}
 GET /api/stocks/TSLA/extended-hours?exchange=NASDAQ&country=US&close=354.08 200 in 2.6s (next.js: 11ms, application-code: 2.6s)
[FINSEPA_PROVIDER_TRACE] EODHD fetchEodhdIntraday {"symbol":"TSLA.US"}
[eodhd intraday] raw provider row sample {
  sym: 'TSLA.US',
  interval: '1m',
  rowCount: 391,
  firstRow: {
    timestamp: 1788528600,
    gmtoffset: 0,
    datetime: '2026-09-04 13:30:00',
    open: 362.07,
    high: 364.68,
    low: 360.76,
    close: 363.5948,
    volume: 1338929
  }
}
[live-price] TSLA {
  price: 353.607,
  quotedAtSec: 1788552000,
  previousClose: null,
  session: 'pre'
}
 GET /api/stocks/TSLA/live-price 200 in 475ms (next.js: 13ms, application-code: 463ms)
[FINSEPA_PROVIDER_TRACE] EODHD fetchEodhdRealtimeSymbolsRaw {"symbolsInRequest":10}
[FINSEPA_PROVIDER_TRACE] EODHD fetchEodhdCryptoDailyBars {"symbol":"BTC-USD.CC"}
[FINSEPA_PROVIDER_TRACE] EODHD fetchEodhdCryptoDailyBars {"symbol":"ETH-USD.CC"}
[FINSEPA_PROVIDER_TRACE] EODHD fetchEodhdCryptoDailyBars {"symbol":"SOL-USD.CC"}
 POST /api/portfolio/live-quotes 200 in 4.3s (next.js: 2ms, application-code: 4.3s)
 PUT /api/portfolio/workspace 200 in 314ms (next.js: 9ms, application-code: 305ms)
[FINSEPA_PROVIDER_TRACE] EODHD fetchEodhdEodDaily {"symbol":"TSLA.US","closeMode":"adjusted"}
[FINSEPA_PROVIDER_TRACE] EODHD fetchEodhdUsQuoteDelayed {"symbol":"TSLA.US"}
 GET /api/stocks/TSLA/extended-hours?exchange=NASDAQ&country=US&close=354.08 200 in 1723ms (next.js: 5ms, application-code: 1718ms)
[FINSEPA_PROVIDER_TRACE] EODHD fetchEodhdIntraday {"symbol":"TSLA.US"}
[eodhd intraday] raw provider row sample {
  sym: 'TSLA.US',
  interval: '1m',
  rowCount: 391,
  firstRow: {
    timestamp: 1788528600,
    gmtoffset: 0,
    datetime: '2026-09-04 13:30:00',
    open: 362.07,
    high: 364.68,
    low: 360.76,
    close: 363.5948,
    volume: 1338929
  }
}
[live-price] TSLA {
  price: 353.607,
  quotedAtSec: 1788552000,
  previousClose: null,
  session: 'pre'
}
 GET /api/stocks/TSLA/live-price 200 in 1016ms (next.js: 15ms, application-code: 1002ms)
  Reload env: .env.local
[FINSEPA_PROVIDER_TRACE] scope=/screener ssr market=stocks eodhd_http=0 byFn={}
 GET /screener 200 in 905ms (next.js: 266ms, proxy.ts: 156ms, application-code: 483ms)
 GET /stock/TSLA?tab=earnings 200 in 1003ms (next.js: 547ms, proxy.ts: 231ms, application-code: 226ms)
 GET /api/stocks/TSLA/chart?range=1D&series=price 200 in 1102ms (next.js: 570ms, application-code: 532ms)
[FINSEPA_PROVIDER_TRACE] EODHD fetchEodhdIntraday {"symbol":"TSLA.US"}
 GET /api/notifications?count=1 200 in 1465ms (next.js: 696ms, application-code: 769ms)
 GET /api/portfolio/workspace 200 in 435ms (next.js: 105ms, application-code: 329ms)
 GET /api/superinvestor-follows 200 in 283ms (next.js: 96ms, application-code: 187ms)
 GET /api/notifications?count=1 200 in 126ms (next.js: 1440µs, application-code: 125ms)
 GET /api/search/recent 200 in 496ms (next.js: 130ms, application-code: 365ms)
 GET /api/search/recent 200 in 432ms (next.js: 92ms, application-code: 340ms)
[eodhd intraday] raw provider row sample {
  sym: 'TSLA.US',
  interval: '1m',
  rowCount: 391,
  firstRow: {
    timestamp: 1788528600,
    gmtoffset: 0,
    datetime: '2026-09-04 13:30:00',
    open: 362.07,
    high: 364.68,
    low: 360.76,
    close: 363.5948,
    volume: 1338929
  }
}
[live-price] TSLA {
  price: 353.607,
  quotedAtSec: 1788552000,
  previousClose: null,
  session: 'pre'
}
 GET /api/stocks/TSLA/live-price 200 in 984ms (next.js: 142ms, application-code: 842ms)
 GET /api/watchlist 200 in 419ms (next.js: 158ms, application-code: 261ms)
 GET /api/portfolio/workspace 200 in 226ms (next.js: 1338µs, application-code: 225ms)
[FINSEPA_PROVIDER_TRACE] EODHD fetchEodhdRealtimeSymbolsRaw {"symbolsInRequest":14}
[portfolio/workspace PUT] ledger warnings {
  userId: '52373158-0eff-48de-80ba-f9206ee0e52a',
  warnings: [
    {
      code: 'SELL_WITHOUT_POSITION',
      portfolioId: '6667854d-3cea-49f6-9aac-8a7340c82cb8',
      transactionId: '484eefe6-d749-45bf-9f2d-4a9006a26b62',
      message: 'Sell of AAL with no open position.',
      legacy: true
    },
    {
      code: 'SELL_WITHOUT_POSITION',
      portfolioId: '6667854d-3cea-49f6-9aac-8a7340c82cb8',
      transactionId: '6d6780cf-80b2-4b0d-a3ef-a5b13da610d6',
      message: 'Sell of WISH with no open position.',
      legacy: true
    },
    {
      code: 'SELL_WITHOUT_POSITION',
      portfolioId: '6667854d-3cea-49f6-9aac-8a7340c82cb8',
      transactionId: 'b3c3668a-1730-4300-bd49-255067fbb9c4',
      message: 'Sell of NNOX with no open position.',
      legacy: true
    },
    {
      code: 'SELL_EXCEEDS_AVAILABLE_SHARES',
      portfolioId: '6667854d-3cea-49f6-9aac-8a7340c82cb8',
      transactionId: '4120dc1a-c777-45f4-b033-802dda8bf9e1',
      message: 'Sell 2.195119 PEP exceeds available 2.',
      legacy: true
    }
  ],
  migrateReport: {
    sequenceReports: {
      '6667854d-3cea-49f6-9aac-8a7340c82cb8': [Object],
      '27085251-e3e2-4829-81ee-14004843637d': [Object],
      '6e1c8d68-72f3-4160-9874-6473edd2f7eb': [Object],
      'd972d6f7-1f89-492b-81cf-aaf5fba709f5': [Object],
      '1c9764f9-9feb-462d-8cbe-a61ade8b293c': [Object],
      'a8524493-d06d-4997-9949-ab2bb8e7258b': [Object],
      'e1d517c3-21d5-45d0-8125-fbbb5dbd23f4': [Object]
    },
    legacyTaggedByPortfolio: {},
    changed: false
  }
}
 PUT /api/portfolio/workspace 200 in 619ms (next.js: 1407µs, application-code: 618ms)
[FINSEPA_PROVIDER_TRACE] EODHD fetchEodhdCryptoDailyBars {"symbol":"BTC-USD.CC"}
[FINSEPA_PROVIDER_TRACE] EODHD fetchEodhdCryptoDailyBars {"symbol":"ETH-USD.CC"}
 GET /portfolio 200 in 348ms (next.js: 79ms, proxy.ts: 13ms, application-code: 256ms)
[FINSEPA_PROVIDER_TRACE] EODHD fetchEodhdRealtimeSymbolsRaw {"symbolsInRequest":10}
 GET /api/notifications?count=1 200 in 261ms (next.js: 103ms, application-code: 159ms)
 GET /api/account/billing/summary 200 in 265ms (next.js: 99ms, application-code: 166ms)
 GET /api/portfolio/workspace 200 in 282ms (next.js: 111ms, application-code: 172ms)
 GET /api/notifications?count=1 200 in 67ms (next.js: 1202µs, application-code: 65ms)
 GET /api/account/billing/summary 200 in 344ms (next.js: 4ms, application-code: 341ms)
[FINSEPA_PROVIDER_TRACE] EODHD fetchEodhdEodDailyBothCloses {"symbol":"AAPL.US"}
[FINSEPA_PROVIDER_TRACE] EODHD fetchEodhdEodDailyBothCloses {"symbol":"COST.US"}
[FINSEPA_PROVIDER_TRACE] EODHD fetchEodhdEodDailyBothCloses {"symbol":"KO.US"}
[FINSEPA_PROVIDER_TRACE] EODHD fetchEodhdEodDailyBothCloses {"symbol":"META.US"}
[FINSEPA_PROVIDER_TRACE] EODHD fetchEodhdEodDailyBothCloses {"symbol":"NFLX.US"}
[FINSEPA_PROVIDER_TRACE] EODHD fetchEodhdEodDailyBothCloses {"symbol":"QQQ.US"}
[FINSEPA_PROVIDER_TRACE] EODHD fetchEodhdEodDailyBothCloses {"symbol":"SPGI.US"}
[FINSEPA_PROVIDER_TRACE] EODHD fetchEodhdEodDailyBothCloses {"symbol":"TSLA.US"}
[FINSEPA_PROVIDER_TRACE] EODHD fetchEodhdEodDailyBothCloses {"symbol":"UBER.US"}
[FINSEPA_PROVIDER_TRACE] EODHD fetchEodhdEodDailyBothCloses {"symbol":"V.US"}
 GET /api/account/plan 200 in 609ms (next.js: 166ms, application-code: 443ms)
[FINSEPA_PROVIDER_TRACE] EODHD fetchEodhdEodDailyBothCloses {"symbol":"AAPL.US"}
 GET /api/portfolio/workspace 200 in 378ms (next.js: 3ms, application-code: 375ms)
 POST /api/portfolio/live-quotes 200 in 4.2s (next.js: 60ms, application-code: 4.1s)
 GET /api/account/plan 200 in 377ms (next.js: 1700µs, application-code: 375ms)
 GET /api/search/recent 200 in 443ms (next.js: 3ms, application-code: 440ms)
 GET /api/superinvestor-follows 200 in 527ms (next.js: 127ms, application-code: 400ms)
 GET /api/search/recent 200 in 557ms (next.js: 1309µs, application-code: 556ms)
 PUT /api/portfolios/listings 200 in 642ms (next.js: 78ms, application-code: 564ms)
 PUT /api/portfolios/listings 200 in 660ms (next.js: 81ms, application-code: 579ms)
 POST /api/portfolio/stock-splits 200 in 1159ms (next.js: 5ms, application-code: 1154ms)
 GET /api/watchlist 200 in 592ms (next.js: 44ms, application-code: 549ms)
 POST /api/portfolio/stock-splits 200 in 1636ms (next.js: 159ms, application-code: 1476ms)
[FINSEPA_PROVIDER_TRACE] EODHD fetchEodhdCryptoDailyBars {"symbol":"BTC-USD.CC"}
[FINSEPA_PROVIDER_TRACE] EODHD fetchEodhdCryptoDailyBars {"symbol":"ETH-USD.CC"}
[FINSEPA_PROVIDER_TRACE] EODHD fetchEodhdCryptoDailyBars {"symbol":"SOL-USD.CC"}
 PUT /api/portfolio/workspace 200 in 344ms (next.js: 5ms, application-code: 339ms)
 PUT /api/portfolio/workspace 200 in 383ms (next.js: 1499µs, application-code: 382ms)
 PUT /api/portfolio/workspace 200 in 364ms (next.js: 5ms, application-code: 359ms)
 POST /api/portfolio/live-quotes 200 in 3.5s (next.js: 1748µs, application-code: 3.4s)
[FINSEPA_PROVIDER_TRACE] EODHD fetchEodhdEodDaily {"symbol":"SPY.US","closeMode":"adjusted"}
[FINSEPA_PROVIDER_TRACE] EODHD fetchEodhdEodDaily {"symbol":"AAPL.US","closeMode":"adjusted"}
[FINSEPA_PROVIDER_TRACE] EODHD fetchEodhdCryptoDailyBars {"symbol":"BTC-USD.CC"}
[FINSEPA_PROVIDER_TRACE] EODHD fetchEodhdEodDaily {"symbol":"COST.US","closeMode":"adjusted"}
[FINSEPA_PROVIDER_TRACE] EODHD fetchEodhdCryptoDailyBars {"symbol":"ETH-USD.CC"}
[FINSEPA_PROVIDER_TRACE] EODHD fetchEodhdEodDaily {"symbol":"KO.US","closeMode":"adjusted"}
[FINSEPA_PROVIDER_TRACE] EODHD fetchEodhdEodDaily {"symbol":"META.US","closeMode":"adjusted"}
[FINSEPA_PROVIDER_TRACE] EODHD fetchEodhdEodDaily {"symbol":"NFLX.US","closeMode":"adjusted"}
[FINSEPA_PROVIDER_TRACE] EODHD fetchEodhdEodDaily {"symbol":"QQQ.US","closeMode":"adjusted"}
[FINSEPA_PROVIDER_TRACE] EODHD fetchEodhdCryptoDailyBars {"symbol":"SOL-USD.CC"}
[FINSEPA_PROVIDER_TRACE] EODHD fetchEodhdEodDaily {"symbol":"SPGI.US","closeMode":"adjusted"}
[FINSEPA_PROVIDER_TRACE] EODHD fetchEodhdEodDaily {"symbol":"TSLA.US","closeMode":"adjusted"}
[FINSEPA_PROVIDER_TRACE] EODHD fetchEodhdEodDaily {"symbol":"UBER.US","closeMode":"adjusted"}
[FINSEPA_PROVIDER_TRACE] EODHD fetchEodhdEodDaily {"symbol":"V.US","closeMode":"adjusted"}
[FINSEPA_PROVIDER_TRACE] EODHD fetchEodhdEodDaily {"symbol":"UBER.US","closeMode":"adjusted"}
[FINSEPA_PROVIDER_TRACE] EODHD fetchEodhdEodDaily {"symbol":"COST.US","closeMode":"adjusted"}
[FINSEPA_PROVIDER_TRACE] EODHD fetchEodhdEodDaily {"symbol":"TSLA.US","closeMode":"adjusted"}
[FINSEPA_PROVIDER_TRACE] EODHD fetchEodhdEodDaily {"symbol":"V.US","closeMode":"adjusted"}
[FINSEPA_PROVIDER_TRACE] EODHD fetchEodhdCryptoDailyBars {"symbol":"SOL-USD.CC"}
[FINSEPA_PROVIDER_TRACE] EODHD fetchEodhdCryptoDailyBars {"symbol":"ETH-USD.CC"}
[FINSEPA_PROVIDER_TRACE] EODHD fetchEodhdEodDaily {"symbol":"AAPL.US","closeMode":"adjusted"}
[FINSEPA_PROVIDER_TRACE] EODHD fetchEodhdCryptoDailyBars {"symbol":"BTC-USD.CC"}
[FINSEPA_PROVIDER_TRACE] EODHD fetchEodhdEodDaily {"symbol":"META.US","closeMode":"adjusted"}
[FINSEPA_PROVIDER_TRACE] EODHD fetchEodhdEodDaily {"symbol":"SPGI.US","closeMode":"adjusted"}
[FINSEPA_PROVIDER_TRACE] EODHD fetchEodhdEodDaily {"symbol":"KO.US","closeMode":"adjusted"}
[FINSEPA_PROVIDER_TRACE] EODHD fetchEodhdEodDaily {"symbol":"QQQ.US","closeMode":"adjusted"}
[FINSEPA_PROVIDER_TRACE] EODHD fetchEodhdEodDaily {"symbol":"NFLX.US","closeMode":"adjusted"}
[FINSEPA_PROVIDER_TRACE] EODHD fetchEodhdEodDaily {"symbol":"SPY.US","closeMode":"adjusted"}
[FINSEPA_PROVIDER_TRACE] EODHD fetchEodhdFundamentalsJsonUncached {"symbol":"UBER.US"}
[FINSEPA_PROVIDER_TRACE] EODHD fetchEodhdFundamentalsJsonUncached {"symbol":"UBER.US"}
[FINSEPA_PROVIDER_TRACE] EODHD fetchEodhdEodDaily {"symbol":"UBER.US","closeMode":"adjusted"}
[FINSEPA_PROVIDER_TRACE] EODHD fetchEodhdEodDaily {"symbol":"COST.US","closeMode":"adjusted"}
[FINSEPA_PROVIDER_TRACE] EODHD fetchEodhdEodDaily {"symbol":"TSLA.US","closeMode":"adjusted"}
[FINSEPA_PROVIDER_TRACE] EODHD fetchEodhdEodDaily {"symbol":"V.US","closeMode":"adjusted"}
[FINSEPA_PROVIDER_TRACE] EODHD fetchEodhdCryptoDailyBars {"symbol":"SOL-USD.CC"}
[FINSEPA_PROVIDER_TRACE] EODHD fetchEodhdCryptoDailyBars {"symbol":"ETH-USD.CC"}
[FINSEPA_PROVIDER_TRACE] EODHD fetchEodhdEodDaily {"symbol":"AAPL.US","closeMode":"adjusted"}
[FINSEPA_PROVIDER_TRACE] EODHD fetchEodhdCryptoDailyBars {"symbol":"BTC-USD.CC"}
[FINSEPA_PROVIDER_TRACE] EODHD fetchEodhdEodDaily {"symbol":"META.US","closeMode":"adjusted"}
[FINSEPA_PROVIDER_TRACE] EODHD fetchEodhdEodDaily {"symbol":"SPGI.US","closeMode":"adjusted"}
[FINSEPA_PROVIDER_TRACE] EODHD fetchEodhdEodDaily {"symbol":"KO.US","closeMode":"adjusted"}
[FINSEPA_PROVIDER_TRACE] EODHD fetchEodhdEodDaily {"symbol":"QQQ.US","closeMode":"adjusted"}
[FINSEPA_PROVIDER_TRACE] EODHD fetchEodhdEodDaily {"symbol":"NFLX.US","closeMode":"adjusted"}
[FINSEPA_PROVIDER_TRACE] EODHD fetchEodhdIntraday {"symbol":"UBER.US"}
[FINSEPA_PROVIDER_TRACE] EODHD fetchEodhdIntraday {"symbol":"COST.US"}
[FINSEPA_PROVIDER_TRACE] EODHD fetchEodhdIntraday {"symbol":"TSLA.US"}
[FINSEPA_PROVIDER_TRACE] EODHD fetchEodhdIntraday {"symbol":"V.US"}
[FINSEPA_PROVIDER_TRACE] EODHD fetchEodhdIntraday {"symbol":"SOL-USD.CC"}
[FINSEPA_PROVIDER_TRACE] EODHD fetchEodhdIntraday {"symbol":"ETH-USD.CC"}
[FINSEPA_PROVIDER_TRACE] EODHD fetchEodhdIntraday {"symbol":"AAPL.US"}
[FINSEPA_PROVIDER_TRACE] EODHD fetchEodhdIntraday {"symbol":"BTC-USD.CC"}
[FINSEPA_PROVIDER_TRACE] EODHD fetchEodhdIntraday {"symbol":"META.US"}
[FINSEPA_PROVIDER_TRACE] EODHD fetchEodhdIntraday {"symbol":"SPGI.US"}
[FINSEPA_PROVIDER_TRACE] EODHD fetchEodhdIntraday {"symbol":"KO.US"}
[FINSEPA_PROVIDER_TRACE] EODHD fetchEodhdIntraday {"symbol":"QQQ.US"}
[FINSEPA_PROVIDER_TRACE] EODHD fetchEodhdIntraday {"symbol":"NFLX.US"}
[eodhd intraday] raw provider row sample {
  sym: 'AAPL.US',
  interval: '1h',
  rowCount: 2035,
  firstRow: {
    timestamp: 1756128600,
    gmtoffset: 0,
    datetime: '2025-08-25 13:30:00',
    open: 226.404998,
    high: 229.119995,
    low: 226.240005,
    close: 228.809997,
    volume: 8000835
  }
}
[eodhd intraday] raw provider row sample {
  sym: 'V.US',
  interval: '1h',
  rowCount: 2035,
  firstRow: {
    timestamp: 1756128600,
    gmtoffset: 0,
    datetime: '2025-08-25 13:30:00',
    open: 349.609985,
    high: 350,
    low: 347.50241,
    close: 348.290008,
    volume: 700178
  }
}
[eodhd intraday] raw provider row sample {
  sym: 'META.US',
  interval: '1h',
  rowCount: 2036,
  firstRow: {
    timestamp: 1756128600,
    gmtoffset: 0,
    datetime: '2025-08-25 13:30:00',
    open: 754.820007,
    high: 758.880004,
    low: 750.130004,
    close: 753.664978,
    volume: 1604098
  }
}
[eodhd intraday] raw provider row sample {
  sym: 'TSLA.US',
  interval: '1h',
  rowCount: 2035,
  firstRow: {
    timestamp: 1756128600,
    gmtoffset: 0,
    datetime: '2025-08-25 13:30:00',
    open: 338.890014,
    high: 342.149902,
    low: 335.029998,
    close: 340.820007,
    volume: 22842107
  }
}
[eodhd intraday] raw provider row sample {
  sym: 'UBER.US',
  interval: '1h',
  rowCount: 2035,
  firstRow: {
    timestamp: 1756128600,
    gmtoffset: 0,
    datetime: '2025-08-25 13:30:00',
    open: 95.660003,
    high: 97.5,
    low: 95.533798,
    close: 96.330001,
    volume: 2762011
  }
}
[eodhd intraday] raw provider row sample {
  sym: 'NFLX.US',
  interval: '1h',
  rowCount: 2035,
  firstRow: {
    timestamp: 1756128600,
    gmtoffset: 0,
    datetime: '2025-08-25 13:30:00',
    open: 1201.400024,
    high: 1233.800048,
    low: 1199,
    close: 1229.890014,
    volume: 1106344
  }
}
[eodhd intraday] raw provider row sample {
  sym: 'KO.US',
  interval: '1h',
  rowCount: 2035,
  firstRow: {
    timestamp: 1756128600,
    gmtoffset: 0,
    datetime: '2025-08-25 13:30:00',
    open: 70.11,
    high: 70.230003,
    low: 69.595001,
    close: 69.703498,
    volume: 2219819
  }
}
[eodhd intraday] raw provider row sample {
  sym: 'COST.US',
  interval: '1h',
  rowCount: 2035,
  firstRow: {
    timestamp: 1756128600,
    gmtoffset: 0,
    datetime: '2025-08-25 13:30:00',
    open: 954.960021,
    high: 958.169982,
    low: 950.34497,
    close: 950.380004,
    volume: 401239
  }
}
[eodhd intraday] raw provider row sample {
  sym: 'SPGI.US',
  interval: '1h',
  rowCount: 2035,
  firstRow: {
    timestamp: 1756128600,
    gmtoffset: 0,
    datetime: '2025-08-25 13:30:00',
    open: 556.320007,
    high: 557.059997,
    low: 551.385009,
    close: 551.570007,
    volume: 121548
  }
}
[eodhd intraday] raw provider row sample {
  sym: 'QQQ.US',
  interval: '1h',
  rowCount: 2035,
  firstRow: {
    timestamp: 1756128600,
    gmtoffset: 0,
    datetime: '2025-08-25 13:30:00',
    open: 570.400024,
    high: 571.940002,
    low: 569.169982,
    close: 571.47998,
    volume: 10988770
  }
}
 GET /api/stocks/UBER/header-meta 200 in 3.9s (next.js: 87ms, application-code: 3.8s)
 GET /api/stocks/UBER/header-meta 200 in 3.9s (next.js: 97ms, application-code: 3.8s)
 POST /api/portfolio/benchmark-compare 200 in 3.9s (next.js: 2ms, application-code: 3.9s)
 POST /api/portfolio/benchmark-compare 200 in 4.2s (next.js: 184ms, application-code: 4.0s)
 POST /api/portfolio/overview-market 200 in 4.2s (next.js: 77ms, application-code: 4.1s)
[eodhd intraday] raw provider row sample {
  sym: 'SOL-USD.CC',
  interval: '1h',
  rowCount: 9029,
  firstRow: {
    timestamp: 1756065600,
    gmtoffset: 0,
    datetime: '2025-08-24 20:00:00',
    open: 204.187759,
    high: 204.683517,
    low: 202.689407,
    close: 203.882446,
    volume: 1053734912
  }
}
[eodhd intraday] raw provider row sample {
  sym: 'BTC-USD.CC',
  interval: '1h',
  rowCount: 8997,
  firstRow: {
    timestamp: 1756065600,
    gmtoffset: 0,
    datetime: '2025-08-24 20:00:00',
    open: 112441.101562,
    high: 112974.921875,
    low: 111874.1875,
    close: 112636.960937,
    volume: 6395842560
  }
}
 PUT /api/portfolio/workspace 200 in 273ms (next.js: 6ms, application-code: 266ms)
[eodhd intraday] raw provider row sample {
  sym: 'ETH-USD.CC',
  interval: '1h',
  rowCount: 8991,
  firstRow: {
    timestamp: 1756065600,
    gmtoffset: 0,
    datetime: '2025-08-24 20:00:00',
    open: 4798.733398,
    high: 4810.295898,
    low: 4730.064941,
    close: 4789.807128,
    volume: 4814876672
  }
}
 POST /api/portfolio/value-history 200 in 4.6s (next.js: 83ms, application-code: 4.5s)
 GET /api/watchlist 200 in 281ms (next.js: 29ms, application-code: 252ms)
 GET /api/watchlist 200 in 222ms (next.js: 1740µs, application-code: 220ms)
 GET /api/notifications?count=1 404 in 2.3s (next.js: 2.2s, application-code: 52ms)
 GET /login?next=%2Fscreener 404 in 46ms (next.js: 19ms, proxy.ts: 5ms, application-code: 22ms)
 GET /login?next=%2Fscreener 404 in 21ms (next.js: 7ms, proxy.ts: 3ms, application-code: 10ms)
⚠ Blocked cross-origin request to Next.js dev resource /_next/webpack-hmr from "127.0.0.1".
Cross-origin access to Next.js dev resources is blocked by default for safety.

To allow this host in development, add it to "allowedDevOrigins" in next.config.js and restart the dev server:

// next.config.js
module.exports = {
  allowedDevOrigins: ['127.0.0.1'],
}

Read more: https://nextjs.org/docs/app/api-reference/config/next-config-js/allowedDevOrigins
 GET / 307 in 458ms (next.js: 72ms, application-code: 386ms)
 GET /login 200 in 132ms (next.js: 43ms, proxy.ts: 3ms, application-code: 85ms)
 GET /auth/login 404 in 54ms (next.js: 24ms, application-code: 30ms)
 GET /sign-in 404 in 35ms (next.js: 2ms, application-code: 33ms)
 GET /login 200 in 162ms (next.js: 27ms, proxy.ts: 16ms, application-code: 119ms)
[FINSEPA_PROVIDER_TRACE] EODHD fetchEodhdScreenerUncached {"offset":0,"limit":100}
[FINSEPA_PROVIDER_TRACE] EODHD fetchEodhdScreenerUncached {"offset":100,"limit":100}
[FINSEPA_PROVIDER_TRACE] EODHD fetchEodhdScreenerUncached {"offset":200,"limit":100}
[FINSEPA_PROVIDER_TRACE] EODHD fetchEodhdScreenerUncached {"offset":300,"limit":100}
[FINSEPA_PROVIDER_TRACE] EODHD fetchEodhdScreenerUncached {"offset":400,"limit":100}
[FINSEPA_PROVIDER_TRACE] EODHD fetchEodhdScreenerUncached {"offset":500,"limit":100}
[FINSEPA_PROVIDER_TRACE] EODHD fetchEodhdScreenerUncached {"offset":600,"limit":100}
[FINSEPA_PROVIDER_TRACE] EODHD fetchEodhdScreenerUncached {"offset":700,"limit":100}
[FINSEPA_PROVIDER_TRACE] EODHD fetchEodhdScreenerUncached {"offset":800,"limit":100}
[FINSEPA_PROVIDER_TRACE] EODHD fetchEodhdScreenerUncached {"offset":900,"limit":100}
 GET /api/watchlist 200 in 1732ms (next.js: 6ms, application-code: 1727ms)
[FINSEPA_PROVIDER_TRACE] scope=/screener ssr market=stocks eodhd_http=0 byFn={}
 GET /stock/NVDA?bench=bench-20260908-125010&step=17-revisit 200 in 2.9s (next.js: 31ms, proxy.ts: 84ms, application-code: 2.7s)
 GET /screener 200 in 2.4s (next.js: 33ms, proxy.ts: 77ms, application-code: 2.3s)
[FINSEPA_PROVIDER_TRACE] EODHD fetchEodhdEodDailyScreener {"symbol":"QH.US"}
[FINSEPA_PROVIDER_TRACE] EODHD fetchEodhdEodDaily {"symbol":"QH.US","closeMode":"adjusted"}
[FINSEPA_PROVIDER_TRACE] EODHD fetchEodhdRealtimeSymbolsRaw {"symbolsInRequest":10}
[FINSEPA_PROVIDER_TRACE] scope=/screener ssr market=stocks eodhd_http=12 byFn={"fetchEodhdScreenerUncached":10,"fetchEodhdEodDailyScreener":1,"fetchEodhdEodDaily":1}
 GET /api/notifications?count=1 200 in 2.8s (next.js: 21ms, application-code: 2.8s)
 POST /api/portfolio/live-quotes 200 in 2.9s (next.js: 29ms, application-code: 2.9s)
 GET /screener 200 in 9.2s (next.js: 123ms, proxy.ts: 102ms, application-code: 9.0s)
 GET /api/portfolio/workspace 200 in 2.9s (next.js: 24ms, application-code: 2.9s)
 GET /api/account/plan 200 in 3.4s (next.js: 24ms, application-code: 3.4s)
 GET /api/account/plan 200 in 564ms (next.js: 3ms, application-code: 560ms)
 GET /api/notifications?count=1 200 in 3.4s (next.js: 2ms, application-code: 3.4s)
 GET /api/portfolio/workspace 200 in 741ms (next.js: 3ms, application-code: 738ms)
 GET /api/search/recent 200 in 321ms (next.js: 1531µs, application-code: 319ms)
 GET /api/search/recent 200 in 932ms (next.js: 3ms, application-code: 929ms)
[FINSEPA_PROVIDER_TRACE] EODHD fetchEodhdRealtimeSymbolsRaw {"symbolsInRequest":14}
 GET /api/superinvestor-follows 200 in 925ms (next.js: 3ms, application-code: 922ms)
 GET /api/superinvestor-follows 200 in 356ms (next.js: 1706µs, application-code: 354ms)
 GET /api/search/recent 200 in 936ms (next.js: 1468µs, application-code: 935ms)
 GET /api/media/logo?kind=domain&h=tsmc.com&theme=dark 200 in 720ms (next.js: 1652µs, application-code: 718ms)
 GET /api/media/logo?kind=domain&h=tesla.com&theme=dark 200 in 849ms (next.js: 54ms, application-code: 795ms)
 GET /api/watchlist 200 in 1060ms (next.js: 3ms, application-code: 1057ms)
 GET /api/watchlist 200 in 1459ms (next.js: 18ms, application-code: 1441ms)
 GET /api/media/logo?kind=domain&h=amazon.com&theme=dark 200 in 326ms (next.js: 1372µs, application-code: 324ms)
 GET /api/media/logo?kind=stock&t=AVGO&theme=dark 200 in 342ms (next.js: 1183µs, application-code: 341ms)
 GET /api/media/logo?kind=stock&t=BRK-A&theme=dark 200 in 637ms (next.js: 1447µs, application-code: 635ms)
 GET /api/media/logo?kind=domain&h=microsoft.com&theme=dark 200 in 350ms (next.js: 1308µs, application-code: 348ms)
 GET /api/media/logo?kind=domain&h=google.com&theme=light 200 in 364ms (next.js: 1282µs, application-code: 363ms)
 GET /api/media/logo?kind=domain&h=meta.com&theme=dark 200 in 649ms (next.js: 6ms, application-code: 644ms)
 GET /api/media/logo?kind=stock&t=MU&theme=dark 200 in 665ms (next.js: 1759µs, application-code: 663ms)
 GET /api/media/logo?kind=domain&h=nvidia.com&theme=dark 200 in 382ms (next.js: 1554µs, application-code: 381ms)
 GET /api/media/logo?kind=stock&t=SPCX&theme=dark 200 in 329ms (next.js: 1738µs, application-code: 327ms)
 GET /api/media/logo?kind=domain&h=apple.com&theme=dark 200 in 326ms (next.js: 1271µs, application-code: 324ms)
[portfolio/workspace PUT] ledger warnings {
  userId: '52373158-0eff-48de-80ba-f9206ee0e52a',
  warnings: [
    {
      code: 'SELL_WITHOUT_POSITION',
      portfolioId: '6667854d-3cea-49f6-9aac-8a7340c82cb8',
      transactionId: '484eefe6-d749-45bf-9f2d-4a9006a26b62',
      message: 'Sell of AAL with no open position.',
      legacy: true
    },
    {
      code: 'SELL_WITHOUT_POSITION',
      portfolioId: '6667854d-3cea-49f6-9aac-8a7340c82cb8',
      transactionId: '6d6780cf-80b2-4b0d-a3ef-a5b13da610d6',
      message: 'Sell of WISH with no open position.',
      legacy: true
    },
    {
      code: 'SELL_WITHOUT_POSITION',
      portfolioId: '6667854d-3cea-49f6-9aac-8a7340c82cb8',
      transactionId: 'b3c3668a-1730-4300-bd49-255067fbb9c4',
      message: 'Sell of NNOX with no open position.',
      legacy: true
    },
    {
      code: 'SELL_EXCEEDS_AVAILABLE_SHARES',
      portfolioId: '6667854d-3cea-49f6-9aac-8a7340c82cb8',
      transactionId: '4120dc1a-c777-45f4-b033-802dda8bf9e1',
      message: 'Sell 2.195119 PEP exceeds available 2.',
      legacy: true
    }
  ],
  migrateReport: {
    sequenceReports: {
      '6667854d-3cea-49f6-9aac-8a7340c82cb8': [Object],
      '27085251-e3e2-4829-81ee-14004843637d': [Object],
      '6e1c8d68-72f3-4160-9874-6473edd2f7eb': [Object],
      'd972d6f7-1f89-492b-81cf-aaf5fba709f5': [Object],
      '1c9764f9-9feb-462d-8cbe-a61ade8b293c': [Object],
      'a8524493-d06d-4997-9949-ab2bb8e7258b': [Object],
      'e1d517c3-21d5-45d0-8125-fbbb5dbd23f4': [Object]
    },
    legacyTaggedByPortfolio: {},
    changed: false
  }
}
[portfolio/workspace PUT] ledger warnings {
  userId: '52373158-0eff-48de-80ba-f9206ee0e52a',
  warnings: [
    {
      code: 'SELL_WITHOUT_POSITION',
      portfolioId: '6667854d-3cea-49f6-9aac-8a7340c82cb8',
      transactionId: '484eefe6-d749-45bf-9f2d-4a9006a26b62',
      message: 'Sell of AAL with no open position.',
      legacy: true
    },
    {
      code: 'SELL_WITHOUT_POSITION',
      portfolioId: '6667854d-3cea-49f6-9aac-8a7340c82cb8',
      transactionId: '6d6780cf-80b2-4b0d-a3ef-a5b13da610d6',
      message: 'Sell of WISH with no open position.',
      legacy: true
    },
    {
      code: 'SELL_WITHOUT_POSITION',
      portfolioId: '6667854d-3cea-49f6-9aac-8a7340c82cb8',
      transactionId: 'b3c3668a-1730-4300-bd49-255067fbb9c4',
      message: 'Sell of NNOX with no open position.',
      legacy: true
    },
    {
      code: 'SELL_EXCEEDS_AVAILABLE_SHARES',
      portfolioId: '6667854d-3cea-49f6-9aac-8a7340c82cb8',
      transactionId: '4120dc1a-c777-45f4-b033-802dda8bf9e1',
      message: 'Sell 2.195119 PEP exceeds available 2.',
      legacy: true
    }
  ],
  migrateReport: {
    sequenceReports: {
      '6667854d-3cea-49f6-9aac-8a7340c82cb8': [Object],
      '27085251-e3e2-4829-81ee-14004843637d': [Object],
      '6e1c8d68-72f3-4160-9874-6473edd2f7eb': [Object],
      'd972d6f7-1f89-492b-81cf-aaf5fba709f5': [Object],
      '1c9764f9-9feb-462d-8cbe-a61ade8b293c': [Object],
      'a8524493-d06d-4997-9949-ab2bb8e7258b': [Object],
      'e1d517c3-21d5-45d0-8125-fbbb5dbd23f4': [Object]
    },
    legacyTaggedByPortfolio: {},
    changed: false
  }
}
[FINSEPA_PROVIDER_TRACE] EODHD fetchEodhdCryptoDailyBars {"symbol":"BTC-USD.CC"}
[FINSEPA_PROVIDER_TRACE] EODHD fetchEodhdCryptoDailyBars {"symbol":"ETH-USD.CC"}
[FINSEPA_PROVIDER_TRACE] EODHD fetchEodhdCryptoDailyBars {"symbol":"BTC-USD.CC"}
[FINSEPA_PROVIDER_TRACE] EODHD fetchEodhdCryptoDailyBars {"symbol":"ETH-USD.CC"}
 GET /api/watchlist 200 in 858ms (next.js: 1414µs, application-code: 856ms)
 GET /api/watchlist 200 in 1037ms (next.js: 1087µs, application-code: 1036ms)
 PUT /api/portfolio/workspace 200 in 1778ms (next.js: 2ms, application-code: 1776ms)
 GET /api/media/logo?kind=domain&h=berkshirehathaway.com&theme=dark 200 in 331ms (next.js: 1348µs, application-code: 330ms)
 GET /api/watchlist 200 in 914ms (next.js: 28ms, application-code: 885ms)
 PUT /api/portfolio/workspace 200 in 2.3s (next.js: 1185µs, application-code: 2.3s)
 GET /api/watchlist 200 in 960ms (next.js: 1506µs, application-code: 958ms)
 GET /api/media/logo?kind=domain&h=lilly.com&theme=dark 200 in 361ms (next.js: 4ms, application-code: 356ms)
 GET /api/media/logo?kind=stock&t=JPM&theme=dark 200 in 352ms (next.js: 1693µs, application-code: 351ms)
 GET /api/search/recent 200 in 618ms (next.js: 1556µs, application-code: 617ms)
 GET /api/media/logo?kind=stock&t=AMD&theme=dark 200 in 539ms (next.js: 1890µs, application-code: 537ms)
 GET /api/watchlist 200 in 827ms (next.js: 1606µs, application-code: 825ms)
 GET /api/watchlist 200 in 1075ms (next.js: 2ms, application-code: 1073ms)
 POST /api/portfolio/live-quotes 200 in 5.2s (next.js: 2ms, application-code: 5.2s)
 GET /api/media/logo?kind=stock&t=V&theme=dark 200 in 345ms (next.js: 1434µs, application-code: 343ms)
 GET /api/media/logo?kind=stock&t=ASML&theme=dark 200 in 333ms (next.js: 1317µs, application-code: 331ms)
 GET /api/media/logo?kind=stock&t=JNJ&theme=dark 200 in 367ms (next.js: 1514µs, application-code: 366ms)
 GET /api/media/logo?kind=stock&t=XOM&theme=dark 200 in 335ms (next.js: 1800µs, application-code: 333ms)
 GET /api/media/logo?kind=stock&t=WMT&theme=dark 200 in 1300ms (next.js: 1640µs, application-code: 1299ms)
 GET /api/media/logo?kind=stock&t=TCEHY&theme=dark 200 in 413ms (next.js: 1222µs, application-code: 412ms)
 PUT /api/portfolios/listings 200 in 614ms (next.js: 2ms, application-code: 612ms)
 POST /api/portfolio/live-quotes 200 in 4.2s (next.js: 1411µs, application-code: 4.2s)
 GET /api/media/logo?kind=stock&t=MA&theme=dark 200 in 345ms (next.js: 1492µs, application-code: 344ms)
 PUT /api/portfolios/listings 200 in 601ms (next.js: 1416µs, application-code: 600ms)
 GET /api/media/logo?kind=stock&t=INTC&theme=dark 200 in 392ms (next.js: 2ms, application-code: 390ms)
 GET /api/media/logo?kind=stock&t=ORCL&theme=dark 200 in 330ms (next.js: 1394µs, application-code: 329ms)
 GET /api/media/logo?kind=stock&t=IDCBY&theme=dark 200 in 364ms (next.js: 1215µs, application-code: 363ms)
 GET /api/media/logo?kind=stock&t=ABBV&theme=dark 200 in 411ms (next.js: 1591µs, application-code: 409ms)
 GET /api/media/logo?kind=stock&t=BAC&theme=dark 200 in 351ms (next.js: 1250µs, application-code: 350ms)
 GET /api/media/logo?kind=stock&t=CSCO&theme=dark 200 in 336ms (next.js: 1337µs, application-code: 335ms)
 PUT /api/portfolios/listings 200 in 620ms (next.js: 1249µs, application-code: 619ms)
 GET /api/media/logo?kind=stock&t=SSNLF&theme=dark 200 in 336ms (next.js: 1241µs, application-code: 335ms)
 PUT /api/portfolios/listings 200 in 583ms (next.js: 3ms, application-code: 579ms)
 GET /api/media/logo?kind=stock&t=PLTR&theme=dark 200 in 333ms (next.js: 1538µs, application-code: 331ms)
 GET /api/media/logo?kind=stock&t=CVX&theme=dark 200 in 365ms (next.js: 1151µs, application-code: 364ms)
 GET /__bench_bench-20260908-145947_01_shell_start__ 404 in 131ms (next.js: 22ms, application-code: 109ms)
 GET /__bench_bench-20260908-145947_01_shell_end__ 404 in 86ms (next.js: 10ms, application-code: 77ms)
 GET /__bench_bench-20260908-145947_02_screener_start__ 404 in 38ms (next.js: 6ms, application-code: 32ms)
[FINSEPA_PROVIDER_TRACE] scope=/screener ssr market=stocks eodhd_http=0 byFn={}
 GET /screener?bench=bench-20260908-145947&step=02-screener 200 in 1773ms (next.js: 4ms, proxy.ts: 18ms, application-code: 1750ms)
 GET /api/notifications?count=1 200 in 362ms (next.js: 9ms, application-code: 352ms)
 GET /api/portfolio/workspace 200 in 808ms (next.js: 34ms, application-code: 774ms)
 GET /api/account/plan 200 in 933ms (next.js: 40ms, application-code: 893ms)
[FINSEPA_PROVIDER_TRACE] EODHD fetchEodhdRealtimeSymbolsRaw {"symbolsInRequest":14}
 GET /api/superinvestor-follows 200 in 701ms (next.js: 9ms, application-code: 692ms)
 GET /api/search/recent 200 in 1053ms (next.js: 4ms, application-code: 1049ms)
 GET /api/search/recent 200 in 647ms (next.js: 1775µs, application-code: 646ms)
 GET /api/watchlist 200 in 1761ms (next.js: 1842µs, application-code: 1759ms)
[portfolio/workspace PUT] ledger warnings {
  userId: '52373158-0eff-48de-80ba-f9206ee0e52a',
  warnings: [
    {
      code: 'SELL_WITHOUT_POSITION',
      portfolioId: '6667854d-3cea-49f6-9aac-8a7340c82cb8',
      transactionId: '484eefe6-d749-45bf-9f2d-4a9006a26b62',
      message: 'Sell of AAL with no open position.',
      legacy: true
    },
    {
      code: 'SELL_WITHOUT_POSITION',
      portfolioId: '6667854d-3cea-49f6-9aac-8a7340c82cb8',
      transactionId: '6d6780cf-80b2-4b0d-a3ef-a5b13da610d6',
      message: 'Sell of WISH with no open position.',
      legacy: true
    },
    {
      code: 'SELL_WITHOUT_POSITION',
      portfolioId: '6667854d-3cea-49f6-9aac-8a7340c82cb8',
      transactionId: 'b3c3668a-1730-4300-bd49-255067fbb9c4',
      message: 'Sell of NNOX with no open position.',
      legacy: true
    },
    {
      code: 'SELL_EXCEEDS_AVAILABLE_SHARES',
      portfolioId: '6667854d-3cea-49f6-9aac-8a7340c82cb8',
      transactionId: '4120dc1a-c777-45f4-b033-802dda8bf9e1',
      message: 'Sell 2.195119 PEP exceeds available 2.',
      legacy: true
    }
  ],
  migrateReport: {
    sequenceReports: {
      '6667854d-3cea-49f6-9aac-8a7340c82cb8': [Object],
      '27085251-e3e2-4829-81ee-14004843637d': [Object],
      '6e1c8d68-72f3-4160-9874-6473edd2f7eb': [Object],
      'd972d6f7-1f89-492b-81cf-aaf5fba709f5': [Object],
      '1c9764f9-9feb-462d-8cbe-a61ade8b293c': [Object],
      'a8524493-d06d-4997-9949-ab2bb8e7258b': [Object],
      'e1d517c3-21d5-45d0-8125-fbbb5dbd23f4': [Object]
    },
    legacyTaggedByPortfolio: {},
    changed: false
  }
}
 GET /api/watchlist 200 in 2.1s (next.js: 15ms, application-code: 2.1s)
[FINSEPA_PROVIDER_TRACE] EODHD fetchEodhdCryptoDailyBars {"symbol":"BTC-USD.CC"}
[FINSEPA_PROVIDER_TRACE] EODHD fetchEodhdCryptoDailyBars {"symbol":"ETH-USD.CC"}
 GET /api/watchlist 200 in 1395ms (next.js: 3ms, application-code: 1391ms)
 PUT /api/portfolio/workspace 200 in 3.3s (next.js: 5ms, application-code: 3.3s)
 POST /api/portfolio/live-quotes 200 in 5.9s (next.js: 1842µs, application-code: 5.9s)
 PUT /api/portfolios/listings 200 in 1134ms (next.js: 3ms, application-code: 1131ms)
 PUT /api/portfolios/listings 200 in 1145ms (next.js: 6ms, application-code: 1138ms)
 GET /__bench_bench-20260908-145947_02_screener_end__ 404 in 76ms (next.js: 11ms, application-code: 66ms)
 GET /__bench_bench-20260908-145947_03_open_stock_start__ 404 in 43ms (next.js: 4ms, application-code: 39ms)
 GET /stock/NVDA?bench=bench-20260908-145947&step=03-nvda 200 in 1790ms (next.js: 15ms, proxy.ts: 61ms, application-code: 1714ms)
[closed-1d api] NVDA {
  session: 'pre',
  isLiveMinuteTicker: true,
  branch: 'prior-session-cache'
}
[FINSEPA_PROVIDER_TRACE] EODHD fetchEodhdIntraday {"symbol":"NVDA.US"}
 GET /api/notifications?count=1 200 in 560ms (next.js: 5ms, application-code: 555ms)
[closed-1d api] NVDA {
  session: 'pre',
  isLiveMinuteTicker: true,
  branch: 'prior-session-cache'
}
[FINSEPA_PROVIDER_TRACE] EODHD fetchEodhdIntraday {"symbol":"NVDA.US"}
 GET /api/portfolio/workspace 200 in 636ms (next.js: 12ms, application-code: 624ms)
 GET /api/account/plan 200 in 732ms (next.js: 16ms, application-code: 716ms)
[FINSEPA_PROVIDER_TRACE] EODHD fetchEodhdIntraday {"symbol":"NVDA.US"}
 GET /api/search/recent 200 in 892ms (next.js: 3ms, application-code: 889ms)
 GET /api/superinvestor-follows 200 in 849ms (next.js: 1576µs, application-code: 847ms)
[FINSEPA_PROVIDER_TRACE] EODHD fetchEodhdEodDaily {"symbol":"NVDA.US","closeMode":"adjusted"}
[closed-1d api] NVDA {
  session: 'pre',
  isLiveMinuteTicker: true,
  branch: 'prior-session-cache'
}
[FINSEPA_PROVIDER_TRACE] EODHD fetchEodhdIntraday {"symbol":"NVDA.US"}
[eodhd intraday] raw provider row sample {
  sym: 'NVDA.US',
  interval: '1m',
  rowCount: 391,
  firstRow: {
    timestamp: 1788528600,
    gmtoffset: 0,
    datetime: '2026-09-04 13:30:00',
    open: 231.09,
    high: 231.2,
    low: 229.82,
    close: 230.1875,
    volume: 2676601
  }
}
[closed-1d] NVDA {
  session: 'pre',
  sessionYmd: '2026-09-04',
  source: 'eodhd-prior-session',
  interval: '1m',
  firstPointTime: '2026-09-04T13:30:00.000Z',
  lastPointTime: '2026-09-04T20:00:00.000Z',
  pointCount: 391
}
[chart-api-raw] NVDA {
  session: 'closed-or-pre',
  branch: 'prior-session-cache',
  sessionYmd: '2026-09-04',
  firstPointTime: '2026-09-04T13:30:00.000Z',
  lastPointTime: '2026-09-04T20:00:00.000Z',
  pointCount: 391,
  cacheControl: 'private, no-store',
  note: "source/interval/unstable_cache hit-miss printed server-side: a '[closed-1d]' log = cache MISS (fresh compute); only '[closed-1d api]' = cache HIT."
}
[eodhd intraday] raw provider row sample {
  sym: 'NVDA.US',
  interval: '1m',
  rowCount: 391,
  firstRow: {
    timestamp: 1788528600,
    gmtoffset: 0,
    datetime: '2026-09-04 13:30:00',
    open: 231.09,
    high: 231.2,
    low: 229.82,
    close: 230.1875,
    volume: 2676601
  }
}
[closed-1d] NVDA {
  session: 'pre',
  sessionYmd: '2026-09-04',
  source: 'eodhd-prior-session',
  interval: '1m',
  firstPointTime: '2026-09-04T13:30:00.000Z',
  lastPointTime: '2026-09-04T20:00:00.000Z',
  pointCount: 391
}
[chart-api-raw] NVDA {
  session: 'closed-or-pre',
  branch: 'prior-session-cache',
  sessionYmd: '2026-09-04',
  firstPointTime: '2026-09-04T13:30:00.000Z',
  lastPointTime: '2026-09-04T20:00:00.000Z',
  pointCount: 391,
  cacheControl: 'private, no-store',
  note: "source/interval/unstable_cache hit-miss printed server-side: a '[closed-1d]' log = cache MISS (fresh compute); only '[closed-1d api]' = cache HIT."
}
 GET /api/stocks/NVDA/chart?range=1D&series=price 200 in 1494ms (next.js: 4ms, application-code: 1490ms)
 GET /api/stocks/NVDA/chart?range=1D&series=price 200 in 1129ms (next.js: 1309µs, application-code: 1127ms)
[closed-1d api] NVDA {
  session: 'pre',
  isLiveMinuteTicker: true,
  branch: 'prior-session-cache'
}
[FINSEPA_PROVIDER_TRACE] EODHD fetchEodhdIntraday {"symbol":"NVDA.US"}
[eodhd intraday] raw provider row sample {
  sym: 'NVDA.US',
  interval: '1m',
  rowCount: 391,
  firstRow: {
    timestamp: 1788528600,
    gmtoffset: 0,
    datetime: '2026-09-04 13:30:00',
    open: 231.09,
    high: 231.2,
    low: 229.82,
    close: 230.1875,
    volume: 2676601
  }
}
[closed-1d] NVDA {
  session: 'pre',
  sessionYmd: '2026-09-04',
  source: 'eodhd-prior-session',
  interval: '1m',
  firstPointTime: '2026-09-04T13:30:00.000Z',
  lastPointTime: '2026-09-04T20:00:00.000Z',
  pointCount: 391
}
[chart-api-raw] NVDA {
  session: 'closed-or-pre',
  branch: 'prior-session-cache',
  sessionYmd: '2026-09-04',
  firstPointTime: '2026-09-04T13:30:00.000Z',
  lastPointTime: '2026-09-04T20:00:00.000Z',
  pointCount: 391,
  cacheControl: 'private, no-store',
  note: "source/interval/unstable_cache hit-miss printed server-side: a '[closed-1d]' log = cache MISS (fresh compute); only '[closed-1d api]' = cache HIT."
}
 GET /api/stocks/NVDA/chart?range=1D&series=price 200 in 1201ms (next.js: 77ms, application-code: 1124ms)
[FINSEPA_PROVIDER_TRACE] EODHD fetchEodhdIntraday {"symbol":"NVDA.US"}
[eodhd intraday] raw provider row sample {
  sym: 'NVDA.US',
  interval: '1m',
  rowCount: 391,
  firstRow: {
    timestamp: 1788528600,
    gmtoffset: 0,
    datetime: '2026-09-04 13:30:00',
    open: 231.09,
    high: 231.2,
    low: 229.82,
    close: 230.1875,
    volume: 2676601
  }
}
[closed-1d] NVDA {
  session: 'pre',
  sessionYmd: '2026-09-04',
  source: 'eodhd-prior-session',
  interval: '1m',
  firstPointTime: '2026-09-04T13:30:00.000Z',
  lastPointTime: '2026-09-04T20:00:00.000Z',
  pointCount: 391
}
[chart-api-raw] NVDA {
  session: 'closed-or-pre',
  branch: 'prior-session-cache',
  sessionYmd: '2026-09-04',
  firstPointTime: '2026-09-04T13:30:00.000Z',
  lastPointTime: '2026-09-04T20:00:00.000Z',
  pointCount: 391,
  cacheControl: 'private, no-store',
  note: "source/interval/unstable_cache hit-miss printed server-side: a '[closed-1d]' log = cache MISS (fresh compute); only '[closed-1d api]' = cache HIT."
}
 GET /api/stocks/NVDA/chart?range=1D&series=price 200 in 765ms (next.js: 4ms, application-code: 762ms)
[FINSEPA_PROVIDER_TRACE] EODHD fetchEodhdEodDaily {"symbol":"GSPC.INDX","closeMode":"adjusted"}
[eodhd intraday] raw provider row sample {
  sym: 'NVDA.US',
  interval: '1m',
  rowCount: 391,
  firstRow: {
    timestamp: 1788528600,
    gmtoffset: 0,
    datetime: '2026-09-04 13:30:00',
    open: 231.09,
    high: 231.2,
    low: 229.82,
    close: 230.1875,
    volume: 2676601
  }
}
[closed-1d] NVDA {
  session: 'pre',
  sessionYmd: '2026-09-04',
  source: 'eodhd-prior-session',
  interval: '1m',
  firstPointTime: '2026-09-04T13:30:00.000Z',
  lastPointTime: '2026-09-04T20:00:00.000Z',
  pointCount: 391
}
[live-price] NVDA {
  price: 229.73,
  quotedAtSec: 1788552000,
  previousClose: null,
  session: 'pre'
}
 GET /api/stocks/NVDA/live-price 200 in 466ms (next.js: 5ms, application-code: 461ms)
 GET /api/watchlist 200 in 1107ms (next.js: 4ms, application-code: 1103ms)
 GET /api/watchlist 200 in 614ms (next.js: 1460µs, application-code: 613ms)
 GET /api/search/recent 200 in 289ms (next.js: 1457µs, application-code: 288ms)
 GET /api/search/recent 200 in 302ms (next.js: 1458µs, application-code: 301ms)
 GET /api/stocks/NVDA/target-price 200 in 57ms (next.js: 52ms, application-code: 4ms)
[FINSEPA_PROVIDER_TRACE] EODHD fetchEodhdFundamentalsJsonUncached {"symbol":"NVDA.US"}
[eodhd intraday] raw provider row sample {
  sym: 'NVDA.US',
  interval: '1m',
  rowCount: 391,
  firstRow: {
    timestamp: 1788528600,
    gmtoffset: 0,
    datetime: '2026-09-04 13:30:00',
    open: 231.09,
    high: 231.2,
    low: 229.82,
    close: 230.1875,
    volume: 2676601
  }
}
[closed-1d] NVDA {
  session: 'pre',
  sessionYmd: '2026-09-04',
  source: 'eodhd-prior-session',
  interval: '1m',
  firstPointTime: '2026-09-04T13:30:00.000Z',
  lastPointTime: '2026-09-04T20:00:00.000Z',
  pointCount: 391
}
[live-price] NVDA {
  price: 229.73,
  quotedAtSec: 1788552000,
  previousClose: null,
  session: 'pre'
}
 GET /api/stocks/NVDA/live-price 200 in 5.5s (next.js: 3ms, application-code: 5.5s)
 GET /api/search/recent 200 in 471ms (next.js: 1418µs, application-code: 469ms)
[FINSEPA_PROVIDER_TRACE] EODHD fetchEodhdRealtimeSymbolsRaw {"symbolsInRequest":14}
[FINSEPA_PROVIDER_TRACE] EODHD fetchEodhdUsQuoteDelayed {"symbol":"NVDA.US"}
[FINSEPA_PROVIDER_TRACE] EODHD fetchEodhdCryptoDailyBars {"symbol":"BTC-USD.CC"}
[FINSEPA_PROVIDER_TRACE] EODHD fetchEodhdCryptoDailyBars {"symbol":"ETH-USD.CC"}
 GET /api/stocks/NVDA/extended-hours?exchange=NASDAQ&country=US&close=230.36 200 in 6.0s (next.js: 5ms, application-code: 5.9s)
 GET /api/stocks/NVDA/extended-hours?exchange=NASDAQ&country=US&close=230.36 200 in 7.5s (next.js: 70ms, application-code: 7.4s)
[portfolio/workspace PUT] ledger warnings {
  userId: '52373158-0eff-48de-80ba-f9206ee0e52a',
  warnings: [
    {
      code: 'SELL_WITHOUT_POSITION',
      portfolioId: '6667854d-3cea-49f6-9aac-8a7340c82cb8',
      transactionId: '484eefe6-d749-45bf-9f2d-4a9006a26b62',
      message: 'Sell of AAL with no open position.',
      legacy: true
    },
    {
      code: 'SELL_WITHOUT_POSITION',
      portfolioId: '6667854d-3cea-49f6-9aac-8a7340c82cb8',
      transactionId: '6d6780cf-80b2-4b0d-a3ef-a5b13da610d6',
      message: 'Sell of WISH with no open position.',
      legacy: true
    },
    {
      code: 'SELL_WITHOUT_POSITION',
      portfolioId: '6667854d-3cea-49f6-9aac-8a7340c82cb8',
      transactionId: 'b3c3668a-1730-4300-bd49-255067fbb9c4',
      message: 'Sell of NNOX with no open position.',
      legacy: true
    },
    {
      code: 'SELL_EXCEEDS_AVAILABLE_SHARES',
      portfolioId: '6667854d-3cea-49f6-9aac-8a7340c82cb8',
      transactionId: '4120dc1a-c777-45f4-b033-802dda8bf9e1',
      message: 'Sell 2.195119 PEP exceeds available 2.',
      legacy: true
    }
  ],
  migrateReport: {
    sequenceReports: {
      '6667854d-3cea-49f6-9aac-8a7340c82cb8': [Object],
      '27085251-e3e2-4829-81ee-14004843637d': [Object],
      '6e1c8d68-72f3-4160-9874-6473edd2f7eb': [Object],
      'd972d6f7-1f89-492b-81cf-aaf5fba709f5': [Object],
      '1c9764f9-9feb-462d-8cbe-a61ade8b293c': [Object],
      'a8524493-d06d-4997-9949-ab2bb8e7258b': [Object],
      'e1d517c3-21d5-45d0-8125-fbbb5dbd23f4': [Object]
    },
    legacyTaggedByPortfolio: {},
    changed: false
  }
}
 GET /api/watchlist 200 in 1713ms (next.js: 4ms, application-code: 1708ms)
 PUT /api/portfolio/workspace 200 in 1999ms (next.js: 3ms, application-code: 1996ms)
[FINSEPA_PROVIDER_TRACE] EODHD fetchEodhdFundamentalsJsonUncached {"symbol":"NVDA.US"}
 GET /api/watchlist 200 in 594ms (next.js: 1294µs, application-code: 593ms)
 GET /api/stocks/NVDA/key-indicators 200 in 9.7s (next.js: 4ms, application-code: 9.7s)
 GET /api/stocks/NVDA/key-indicators 200 in 10.7s (next.js: 77ms, application-code: 10.6s)
 POST /api/portfolio/live-quotes 200 in 7.3s (next.js: 2ms, application-code: 7.3s)
 PUT /api/portfolios/listings 200 in 707ms (next.js: 9ms, application-code: 697ms)
 PUT /api/portfolios/listings 200 in 809ms (next.js: 23ms, application-code: 787ms)
[FINSEPA_PROVIDER_TRACE] EODHD fetchEodhdIntraday {"symbol":"NVDA.US"}
[FINSEPA_PROVIDER_TRACE] EODHD fetchEodhdEodDaily {"symbol":"NVDA.US","closeMode":"adjusted"}
[eodhd intraday] raw provider row sample {
  sym: 'NVDA.US',
  interval: '1m',
  rowCount: 391,
  firstRow: {
    timestamp: 1788528600,
    gmtoffset: 0,
    datetime: '2026-09-04 13:30:00',
    open: 231.09,
    high: 231.2,
    low: 229.82,
    close: 230.1875,
    volume: 2676601
  }
}
[closed-1d] NVDA {
  session: 'pre',
  sessionYmd: '2026-09-04',
  source: 'eodhd-prior-session',
  interval: '1m',
  firstPointTime: '2026-09-04T13:30:00.000Z',
  lastPointTime: '2026-09-04T20:00:00.000Z',
  pointCount: 391
}
[live-price] NVDA {
  price: 229.73,
  quotedAtSec: 1788552000,
  previousClose: null,
  session: 'pre'
}
 GET /api/stocks/NVDA/live-price 200 in 1748ms (next.js: 8ms, application-code: 1740ms)
[FINSEPA_PROVIDER_TRACE] EODHD fetchEodhdFundamentalsJsonUncached {"symbol":"NVDA.US"}
 GET /api/notifications?count=1 200 in 574ms (next.js: 6ms, application-code: 569ms)
[FINSEPA_PROVIDER_TRACE] EODHD fetchEodhdEodDaily {"symbol":"NVDA.US","closeMode":"adjusted"}
[FINSEPA_PROVIDER_TRACE] EODHD fetchEodhdUsQuoteDelayed {"symbol":"NVDA.US"}
 GET /api/stocks/NVDA/extended-hours?exchange=NASDAQ&country=US&close=230.36 200 in 9.0s (next.js: 15ms, application-code: 9.0s)
 GET /api/stocks/NVDA/earnings?preview=1 200 in 19.3s (next.js: 91ms, application-code: 19.2s)
[FINSEPA_PROVIDER_TRACE] EODHD fetchEodhdIntraday {"symbol":"NVDA.US"}
[FINSEPA_PROVIDER_TRACE] EODHD fetchEodhdEodDaily {"symbol":"NVDA.US","closeMode":"adjusted"}
[eodhd intraday] raw provider row sample {
  sym: 'NVDA.US',
  interval: '1m',
  rowCount: 391,
  firstRow: {
    timestamp: 1788528600,
    gmtoffset: 0,
    datetime: '2026-09-04 13:30:00',
    open: 231.09,
    high: 231.2,
    low: 229.82,
    close: 230.1875,
    volume: 2676601
  }
}
[closed-1d] NVDA {
  session: 'pre',
  sessionYmd: '2026-09-04',
  source: 'eodhd-prior-session',
  interval: '1m',
  firstPointTime: '2026-09-04T13:30:00.000Z',
  lastPointTime: '2026-09-04T20:00:00.000Z',
  pointCount: 391
}
[live-price] NVDA {
  price: 229.73,
  quotedAtSec: 1788552000,
  previousClose: null,
  session: 'pre'
}
 GET /api/stocks/NVDA/live-price 200 in 1187ms (next.js: 24ms, application-code: 1163ms)
 GET /login 200 in 77ms (next.js: 6ms, proxy.ts: 6ms, application-code: 66ms)
[FINSEPA_PROVIDER_TRACE] EODHD fetchEodhdUsQuoteDelayed {"symbol":"NVDA.US"}
 GET /api/stocks/NVDA/extended-hours?exchange=NASDAQ&country=US&close=230.36 200 in 4.5s (next.js: 36ms, application-code: 4.4s)
 GET /api/stocks/NVDA/extended-hours?exchange=NASDAQ&country=US&close=230.36 404 in 56ms
 GET /api/stocks/NVDA/live-price 404 in 65ms
